0.903154 0.337709 0.143491  1.62974
0.906961 0.338009 0.131241  1.63694
0.909693 0.328112 0.145239  1.64152
 0.90506 0.334954 0.140015  1.63255
0.909118 0.318226 0.168345  1.64039
0.912465 0.318309 0.158058  1.64639
0.914146 0.308642 0.170597  1.64905
 0.91041 0.315352 0.165743  1.64186
0.902792 0.323178 0.171407  1.62805
0.898744 0.322754 0.175097  1.61918
0.898801 0.329229 0.167479  1.62032
 0.90042 0.325185 0.171237  1.62325
 0.90355 0.326235 0.164896  1.62977
0.899891  0.33287  0.16207  1.62327
0.901287 0.335448 0.154009  1.62614
0.900396  0.33167 0.160372  1.62369
0.901997  0.33341 0.151923  1.62668
0.907993 0.324878   0.1534  1.63761
0.904401 0.324086 0.163468  1.63068
0.906147 0.327391  0.15656  1.63481
 0.767209  0.162198 -0.480959   1.41797
 0.767289   0.16229 -0.480919   1.41813
 0.767202  0.162324 -0.480918   1.41796
 0.767251  0.162275 -0.480935   1.41806
0.767432 0.162092 -0.48094  1.41839
  0.76737   0.16223 -0.480921   1.41829
  0.76729  0.162133 -0.480978   1.41814
 0.767341  0.162158 -0.480944   1.41823
 0.803251   0.13636 -0.430505   1.46001
 0.798746  0.141091 -0.436878   1.45448
 0.798003  0.133749 -0.438604   1.45244
 0.801671  0.136982 -0.435512    1.4593
  0.79769  0.121893 -0.439752   1.45036
 0.796408  0.128792 -0.441731   1.44981
0.793576 0.124511 -0.44498  1.44479
  0.79684  0.125183 -0.442287   1.45043
 0.813581   0.11148 -0.416955   1.47178
 0.822487  0.113376 -0.404602   1.48631
 0.818647  0.125164 -0.408819   1.48137
 0.820598  0.116076 -0.410492   1.48498
 0.807313  0.129312 -0.425264   1.46491
 0.801817  0.120479 -0.432559   1.45525
 0.806805  0.118689 -0.424095   1.46147
0.805991 0.122344   -0.427  1.46174
 0.819695  0.130074 -0.414341   1.48696
0.814448 0.134154 -0.42123   1.4793
 0.813326  0.120824 -0.419275   1.47366
 0.817571  0.128047 -0.416866   1.48302
 0.805473   0.13133 -0.429776   1.46354
 0.799114  0.130151 -0.438178   1.45397
 0.801095  0.123253 -0.435735   1.45579
0.800382 0.127429 -0.43456  1.45433
  0.989096   0.139429 -0.0592322    1.78093
 0.990163  0.137786 -0.062422   1.78362
  0.990467   0.139374 -0.0581771    1.78423
  0.989819    0.13888 -0.0600504     1.7827
  0.989866    0.14009 -0.0557181    1.78265
  0.990498   0.139422 -0.0559791    1.78414
  0.990486   0.139801 -0.0520482    1.78385
  0.990223   0.139665 -0.0546355    1.78338
  0.989968   0.142175 -0.0410664    1.78209
  0.989976   0.142558 -0.0378998    1.78196
  0.989296   0.142339 -0.0391505    1.78033
  0.989553   0.142306 -0.0394225    1.78097
  0.988675   0.142374 -0.0454154    1.77924
  0.989623   0.140919 -0.0477082    1.78154
  0.989631   0.141995 -0.0440495    1.78144
  0.989255   0.141688 -0.0457389    1.78059
  0.989201   0.142615 -0.0399022    1.78019
  0.988962   0.142944 -0.0429831    1.77987
  0.989506   0.142118 -0.0424364    1.78103
  0.989101   0.142488 -0.0414311    1.78002
  0.987674   0.146146 -0.0520027    1.77788
  0.988586   0.142466 -0.0542222    1.77973
  0.988549   0.143761 -0.0480057    1.77936
  0.988079   0.144011 -0.0514005    1.77849
  0.988906   0.141082 -0.0536406    1.78025
  0.989629   0.140407 -0.0501735    1.78167
 0.988909  0.142334 -0.047935   1.78001
  0.989298   0.141219 -0.0505271      1.781
0.966905 0.159351 0.192594  1.73585
0.966924 0.159748 0.192181  1.73588
0.967054 0.159212 0.192007  1.73608
0.966997 0.159436 0.192259  1.73602
 0.769784  0.161477 -0.479307   1.42213
 0.769526  0.162014 -0.479329   1.42172
 0.769378  0.161528 -0.479388   1.42135
 0.769516   0.16169 -0.479321   1.42162
 0.767255  0.161554 -0.481201   1.41808
  0.76731  0.161461 -0.481219   1.41819
 0.767341  0.161568 -0.481166   1.41824
 0.767293  0.161523 -0.481198   1.41815
0.767764 0.162028 -0.48061  1.41886
   0.7678   0.16218 -0.480472   1.41888
 0.767659  0.162213 -0.480634    1.4187
  0.76777  0.162136 -0.480584   1.41888
 0.767967  0.162153 -0.480287   1.41911
 0.768104  0.161915 -0.480232    1.4193
0.768151 0.162126 -0.48008  1.41936
 0.768108  0.162056 -0.480209   1.41933
 0.768476   0.16172 -0.479937   1.41985
 0.768311   0.16202 -0.479996   1.41961
 0.768253  0.161796 -0.480159   1.41954
 0.768308  0.161853 -0.480014   1.41958
 0.768823  0.161983 -0.479591   1.42042
 0.768734  0.161647 -0.479721   1.42024
0.769031 0.161583 -0.47953  1.42073
 0.768821  0.161749 -0.479595   1.42036
 0.772272  0.163512 -0.478362   1.42703
 0.772187  0.162673 -0.478794   1.42696
 0.773186  0.162421 -0.478165   1.42856
 0.772409  0.162951 -0.478399   1.42722
  0.77107  0.161525 -0.479289   1.42476
 0.771388  0.162278 -0.479129   1.42546
  0.77072  0.162321 -0.479226   1.42416
  0.77116  0.162018 -0.479231   1.42501
 0.770834  0.161318 -0.479331   1.42427
 0.770516  0.162054 -0.479258   1.42372
 0.770265  0.161416 -0.479295    1.4231
 0.770468  0.161623 -0.479274   1.42354
0.771931  0.16188 -0.47912  1.42648
0.771512 0.161138 -0.47937  1.42564
 0.772316  0.160818 -0.479328   1.42718
 0.771778  0.161317 -0.479248   1.42613
 0.774254  0.161189 -0.477383   1.43001
 0.774744  0.159362 -0.477588   1.43076
 0.775597  0.160326 -0.475866   1.43166
 0.775269  0.160279 -0.477056   1.43172
 0.777277  0.159146 -0.473713   1.43359
  0.77781  0.156206 -0.473803   1.43413
 0.779276  0.157633 -0.470855   1.43571
 0.778775  0.157642 -0.472895    1.4359
 0.791351  0.143681 -0.448841   1.44562
 0.794613  0.144657 -0.442528   1.44931
 0.791702  0.147738 -0.447543   1.44646
 0.793676  0.145437 -0.446593   1.44969
 0.789518  0.145413 -0.454573   1.44529
0.788005 0.151163 -0.45791  1.44513
 0.787187  0.147037 -0.459412   1.44344
  0.78887   0.14775 -0.457452   1.44601
 0.787748  0.142223 -0.455186   1.44126
 0.785945  0.144105 -0.459951   1.44056
 0.784975  0.140723 -0.460383    1.4381
0.786852 0.142364 -0.45856  1.44134
 0.792249  0.149704 -0.451644   1.45031
  0.78985  0.152106 -0.456262   1.44829
 0.791435  0.146248 -0.452803   1.44852
 0.791178  0.149135 -0.453072   1.44871
  0.76732  0.162384 -0.480887   1.41819
 0.767231  0.162492 -0.480863   1.41802
 0.767236  0.162407 -0.480884   1.41802
  0.76726  0.162434 -0.480875   1.41807
0.767348 0.162489 -0.48083  1.41824
 0.767247  0.162511 -0.480856   1.41805
 0.767346  0.162412 -0.480862   1.41824
 0.767328  0.162463 -0.480859   1.41821
 0.767938   0.16257 -0.480123   1.41904
 0.768161  0.162371 -0.479985   1.41937
 0.768124  0.162641 -0.479953   1.41933
 0.768083  0.162511 -0.480024   1.41926
 0.767139  0.162567 -0.480897   1.41786
 0.767155  0.162521 -0.480916    1.4179
 0.767165  0.162562 -0.480889   1.41791
 0.767152  0.162551 -0.480899   1.41789
 0.767144  0.162453 -0.480953   1.41789
 0.767081  0.162447 -0.480973   1.41777
 0.767136  0.162359 -0.480997   1.41788
 0.767113  0.162419 -0.480972   1.41783
  0.76713  0.162246 -0.481045   1.41787
 0.767042  0.162229 -0.481071   1.41771
 0.767126  0.162119 -0.481096   1.41787
 0.767087  0.162195 -0.481068   1.41779
 0.76708 0.162063 -0.48112  1.41778
 0.766991  0.162175 -0.481104   1.41761
  0.76698  0.162038 -0.481158   1.41759
 0.767032  0.162097 -0.481123   1.41769
 0.768917  0.162138 -0.479505   1.42059
 0.769142  0.161714 -0.479431   1.42092
 0.769262   0.16218 -0.479379   1.42124
 0.769147  0.161992 -0.479436   1.42099
 0.766985  0.161758 -0.481256   1.41761
  0.76708  0.161787 -0.481218   1.41778
 0.766978  0.161896 -0.481209   1.41759
 0.767033  0.161818 -0.481222    1.4177
 0.768546  0.161797 -0.479796   1.41993
  0.76862  0.162114 -0.479674   1.42007
 0.768369  0.162114 -0.479872   1.41968
 0.768549  0.161995 -0.479784   1.41997
 0.767379  0.161933 -0.481015    1.4183
 0.767434  0.162024 -0.480958    1.4184
 0.767286  0.162067 -0.480993   1.41812
 0.767386  0.161989 -0.481001   1.41832
 0.767219  0.161381 -0.481288   1.41803
 0.767229  0.161327 -0.481308   1.41805
 0.767272   0.16138 -0.481268   1.41812
  0.76724  0.161358 -0.481289   1.41807
 0.767326  0.161899 -0.481043    1.4182
 0.767237  0.162032 -0.481009   1.41803
 0.767236  0.161895 -0.481065   1.41803
 0.767277  0.161943 -0.481043   1.41811
 0.819823  0.225532 -0.443897   1.51998
 0.817077  0.229837 -0.442779    1.5149
 0.81546 0.223757 -0.44731  1.51229
 0.818564  0.226367 -0.444748   1.51813
 0.813746  0.211101 -0.457932   1.51116
 0.812297  0.217385 -0.454159    1.5077
 0.807924  0.212713 -0.460748   1.50099
  0.81262  0.213867 -0.457714   1.50946
 0.828461  0.219234 -0.441629    1.5354
0.823929 0.222631 -0.44352  1.52762
 0.824078  0.217174 -0.445929   1.52786
 0.826215  0.219338 -0.443858   1.53184
 0.825741  0.205404 -0.451222   1.53166
 0.823127  0.211807 -0.450642   1.52711
 0.819212  0.207766 -0.456199   1.52091
 0.824365  0.208634 -0.452623   1.53017
 0.847204  0.206832 -0.429493   1.56801
 0.835503  0.214819 -0.437862   1.54772
 0.833484  0.203534 -0.443442   1.54399
 0.840732  0.207296 -0.437669    1.5576
 0.832146   0.21455 -0.441707   1.54232
 0.826724  0.213235 -0.447211    1.5333
0.831173 0.206541 -0.44673  1.54122
 0.828642  0.211437 -0.445095   1.53583
 0.814686  0.218372 -0.451761   1.51158
 0.816245  0.211458 -0.455342   1.51503
 0.820064  0.215347 -0.450716   1.52152
 0.816855  0.214498 -0.452847   1.51567
 0.817567  0.221009 -0.448625   1.51671
 0.822556  0.218271 -0.447882   1.52606
 0.822308  0.223018 -0.444821   1.52509
 0.820587  0.220912 -0.446897   1.52203
0.736618 0.164777 -0.47678  1.35283
 0.735167  0.165015 -0.474286   1.34832
 0.735311  0.163737 -0.474333   1.34835
 0.735539  0.164424 -0.474776   1.34926
 0.736772  0.163834 -0.476704   1.35288
 0.735478  0.163049 -0.474282    1.3485
0.736061    0.162 -0.47505  1.34995
 0.735938  0.162769 -0.475049   1.34987
 0.733296  0.163956 -0.470824   1.34204
 0.734137  0.165011 -0.472143   1.34483
 0.733063  0.165083 -0.470399   1.34154
 0.733511   0.16461 -0.470984   1.34272
0.730917 0.164649 -0.46828  1.33575
 0.731985  0.165303 -0.468965   1.33849
 0.730726  0.165849 -0.467795   1.33532
 0.731399  0.165176 -0.468305   1.33685
 0.731493  0.162366 -0.469192     1.337
 0.732486  0.163003 -0.469883   1.33958
 0.731236    0.1635 -0.468749   1.33644
 0.731916  0.162856 -0.469227   1.33798
 0.732727  0.163619 -0.469956   1.34025
  0.73249  0.164769 -0.469507   1.33974
 0.731647  0.163981 -0.468774   1.33739
 0.732223  0.164131 -0.469442   1.33901
 0.734501  0.159562 -0.472263   1.34444
 0.735204  0.160624 -0.473587   1.34695
 0.734144  0.160615 -0.471957   1.34375
 0.734619  0.160184 -0.472468   1.34494
 0.732159  0.160113 -0.469947   1.33833
 0.733075  0.160754 -0.470643   1.34076
 0.731771  0.161224 -0.469585   1.33756
 0.732521  0.160582 -0.470015   1.33921
0.732932 0.157944  -0.4706  1.33985
  0.73382  0.158596 -0.471318   1.34224
 0.732541  0.159023 -0.470296   1.33909
0.733276 0.158405  -0.4707   1.3407
 0.733969  0.159189 -0.471437   1.34274
 0.733608  0.160263 -0.471106   1.34203
 0.732893  0.159484 -0.470372   1.33995
 0.733439  0.159661 -0.470999   1.34149
 0.734629  0.163313 -0.472932   1.34596
 0.734483  0.164551 -0.472747   1.34582
0.733702 0.163475 -0.47129  1.34305
 0.734267  0.163768 -0.472364   1.34496
 0.733277  0.161371 -0.470733   1.34136
 0.732975  0.162503 -0.470347   1.34076
  0.73219  0.161721 -0.469647   1.33855
0.732751 0.161878 -0.47027  1.34012
  0.73533  0.161281 -0.473869   1.34754
 0.734808  0.162333 -0.473287   1.34634
 0.734249   0.16123 -0.472159   1.34423
  0.73476  0.161715 -0.473106   1.34599
 0.734418  0.162642 -0.472673   1.34522
 0.733465  0.162775 -0.471124   1.34231
 0.733753  0.161638 -0.471521    1.3429
 0.733932  0.162294 -0.471704   1.34352
0.793284 0.150236 -0.44577  1.44936
 0.796765  0.147928 -0.440646   1.45357
 0.795225  0.153937 -0.440955   1.45168
    0.794  0.150504 -0.442029    1.4489
  0.78863  0.158558 -0.450966   1.44411
 0.787977  0.154456 -0.455505    1.4444
  0.79062  0.153012 -0.450461   1.44687
 0.788211  0.154976 -0.451909   1.44297
 0.793108  0.156903 -0.442622   1.44869
 0.789504  0.159542 -0.447826   1.44443
 0.791438  0.153325 -0.447217   1.44686
 0.792826  0.156733 -0.445685   1.44972
 0.977788  0.161205 0.0637141   1.75495
 0.976718   0.16814 0.0657782   1.75322
 0.977747  0.166268 0.0601026   1.75509
 0.977788  0.165114 0.0631157   1.75531
 0.979849  0.158045 0.0520811   1.75881
  0.97876  0.164276 0.0542041   1.75696
 0.979595  0.162697 0.0481911   1.75849
 0.979742  0.161627 0.0514152   1.75891
 0.979577  0.149354 0.0608984   1.75786
 0.979558  0.147937 0.0631874   1.75784
 0.979025  0.149823 0.0641556   1.75686
 0.979556  0.148977 0.0627764   1.75793
 0.978525  0.155747 0.0610977   1.75596
   0.9794  0.154413 0.0558861   1.75755
   0.9793  0.151469 0.0586916    1.7572
0.979345 0.153582 0.058486  1.75753
0.978508 0.151443 0.064305  1.75579
 0.978227  0.154654 0.0632081   1.75532
 0.979099  0.150906 0.0607048   1.75683
 0.978489  0.152012 0.0628867   1.75566
 0.978864  0.158743 0.0609691   1.75711
  0.97878  0.163288 0.0573704   1.75711
 0.979712   0.15719 0.0553977   1.75859
 0.97878 0.159657 0.058061  1.75676
 0.783776  0.160911 -0.460438   1.43974
 0.786533  0.156266 -0.458358   1.44336
 0.786971  0.159901 -0.454504    1.4429
 0.786657  0.158821 -0.457876   1.44391
 0.972634  0.202365 0.0830239   1.74801
 0.972674  0.205095 0.0843071   1.74795
 0.972433  0.204841 0.0818142   1.74747
  0.97265  0.204156 0.0830664   1.74798
0.973171 0.197222 0.077064  1.74839
 0.972736  0.203923 0.0777307   1.74799
0.973273 0.201535 0.071907  1.74873
 0.973254  0.200881 0.0758818   1.74885
 0.972141  0.191217 0.0852562   1.74673
  0.97234  0.197884 0.0835237   1.74738
 0.972682  0.193923 0.0814319    1.7475
 0.972277  0.194403 0.0834795   1.74694
0.972464 0.200235 0.082597  1.74754
 0.972538   0.20295 0.0802609   1.74756
 0.972823  0.197113 0.0799359   1.74785
  0.97261  0.200287 0.0809762   1.74767
 0.780193  0.159358 -0.467948   1.43626
  0.78065  0.161562 -0.465083   1.43601
 0.778285  0.162273 -0.469002   1.43352
 0.780298  0.160929 -0.467522   1.43657
   0.987105    0.146388 -0.00663194     1.77419
   0.987906    0.145509 -0.00924225     1.77611
   0.988038    0.146183 -0.00546813     1.77645
  0.987652   0.146083 -0.0071014    1.77551
   0.987644    0.146354 -0.00365378     1.77546
    0.98804    0.145953 -0.00371185     1.77639
    0.987989     0.145664 -0.000413082      1.77618
    0.98787    0.145933 -0.00259303     1.77595
 0.98717 0.145676 0.010373  1.77409
0.986875 0.145667 0.013432  1.77337
 0.986483  0.145908 0.0122221   1.77241
 0.986673  0.145683 0.0121034   1.77286
  0.986529   0.146732 0.00567995    1.77265
0.987291 0.145829 0.003629  1.77443
  0.987196    0.14601 0.00734984     1.7742
  0.986938    0.14611 0.00561911    1.77358
  0.98657  0.146198 0.0110815   1.77266
  0.986618   0.146878 0.00792858    1.77288
   0.98698   0.145887 0.00893084    1.77364
  0.986661   0.146206 0.00953042    1.77289
    0.985912     0.149951 -0.000312099      1.77162
   0.986547    0.147736 -0.00241083     1.77292
 0.986474  0.148293 0.0029961   1.77275
   0.986108    0.148713 0.000120806     1.77193
   0.986782    0.146768 -0.00185251     1.77335
  0.987293    0.14586 0.00130627    1.77445
  0.986631   0.147082 0.00323961    1.77297
   0.987076    0.146538 0.000919841     1.77402
  0.77458   0.16297 -0.475863   1.43012
  0.77439  0.161956 -0.477099   1.43028
 0.775826  0.161258 -0.475462   1.43209
 0.774643  0.162161 -0.476058    1.4302
 0.769955  0.161667 -0.479272   1.42249
 0.770151  0.162293 -0.479262   1.42302
 0.769672  0.162238 -0.479302   1.42205
 0.769979  0.162043 -0.479276   1.42262
 0.772448  0.163838 -0.477806    1.4271
 0.773423  0.162659 -0.477488   1.42867
 0.773508  0.163638 -0.476501   1.42843
 0.773327  0.163324 -0.477373   1.42854
 0.767098  0.162316 -0.481018   1.41781
  0.76704   0.16241 -0.480999   1.41769
 0.767011  0.162301 -0.481051   1.41764
0.767059 0.162348 -0.48102  1.41773
 0.770078  0.162669 -0.479315   1.42297
 0.769574   0.16316 -0.479467   1.42213
0.769595 0.162563 -0.47936  1.42199
 0.769737   0.16284 -0.479362   1.42234
 0.767132  0.162499 -0.480931   1.41786
 0.767117  0.162557 -0.480912   1.41783
 0.767075  0.162497 -0.480953   1.41775
 0.767109  0.162523 -0.480931   1.41782
0.767643   0.1625 -0.48047  1.41863
0.767812 0.162349 -0.48037  1.41888
 0.767783  0.162522 -0.480302   1.41882
 0.767759  0.162446 -0.480387    1.4188
 0.767421  0.162354 -0.480842   1.41837
 0.767526   0.16233 -0.480746   1.41852
 0.767414  0.162449 -0.480792   1.41834
 0.767446  0.162387 -0.480789   1.41839
0.966449 0.161675 0.192823  1.73516
0.966446 0.161724  0.19281  1.73516
0.966455 0.161696 0.192764  1.73517
0.966448 0.161701   0.1928  1.73516
 0.949668  0.184058 -0.239831   1.72465
 0.951468  0.188966 -0.227477   1.72694
  0.94726  0.193433 -0.237699   1.72047
 0.949041   0.18906 -0.235142   1.72306
 0.940686  0.192704 -0.260336   1.71071
 0.942755  0.197891 -0.248013   1.71347
 0.938076  0.202272 -0.258316   1.70623
 0.940026  0.197925 -0.255652   1.70905
 0.948489  0.171683 -0.262734   1.72527
0.950131 0.167063 -0.26381  1.72857
 0.950643  0.168794 -0.258342    1.7286
 0.949359  0.169077 -0.261603   1.72648
 0.949255  0.180721 -0.251647   1.72606
 0.944984  0.184478 -0.261212   1.71931
 0.947745  0.178453 -0.260736   1.72439
  0.94711  0.181054 -0.258409   1.72282
 0.949988  0.171035 -0.255321   1.72664
 0.949013  0.176978 -0.250512   1.72428
 0.947659  0.174663 -0.259513     1.723
 0.949669  0.173532 -0.255683   1.72653
 0.947187  0.184147 -0.247405   1.72071
  0.94468  0.193499 -0.245394   1.71632
 0.942843  0.188284 -0.257505   1.71402
 0.945396  0.188443 -0.250052   1.71812
0.961556 0.184996 0.101536  1.72633
0.957806 0.185606 0.103574  1.71814
 0.960582  0.195882 0.0955441   1.72593
0.959424 0.188371 0.101169  1.72214
 0.965934   0.20078 0.0882775   1.73745
0.963901 0.203306  0.08675  1.73409
0.967039 0.206446  0.07926  1.74063
 0.964827   0.20353 0.0854335   1.73555
 0.966165  0.187598 0.0954333    1.7355
 0.964189  0.185711 0.0985594   1.73169
0.965301 0.194051 0.093574  1.73484
 0.964876  0.189221 0.0960685   1.73324
 0.962402  0.188118 0.0989319    1.7283
 0.961591  0.197866 0.0932465   1.72808
 0.963979  0.196457 0.0929288    1.7325
 0.963284  0.194665 0.0949999   1.73125
 0.971351  0.202594 0.0795158   1.74748
  0.97083  0.205623 0.0747603   1.74793
 0.973639  0.201432 0.0706686    1.7522
 0.971298  0.203692 0.0751995   1.74786
 0.970004  0.189755 0.0887568   1.74242
 0.968034  0.189887 0.0911261   1.73891
 0.969283  0.196515 0.0873534   1.74189
 0.968482   0.19169 0.0896221    1.7396
 0.969344  0.198174 0.0867717   1.74297
  0.96806  0.191503 0.0923083   1.73991
 0.967283   0.19649 0.0903153   1.73929
 0.968172  0.195434 0.0901787   1.74074
 0.968962  0.201582 0.0834938    1.7424
   0.9665  0.200458 0.0869156   1.73789
 0.967364  0.205478 0.0794154   1.74024
 0.967601  0.202748 0.0834648   1.74029
 0.973056  0.156397 0.0851092   1.74594
 0.973467   0.15458 0.0841292   1.74658
 0.972456   0.15506 0.0871291   1.74467
 0.972973  0.155117 0.0855892   1.74567
   0.9705  0.158386 0.0918636    1.7411
 0.971101  0.155656 0.0905146   1.74201
 0.969496  0.156583 0.0942658   1.73888
 0.970322  0.156517 0.0924363   1.74054
 0.971724  0.165599 0.0871933   1.74382
 0.972315  0.160056 0.0861905   1.74463
 0.971124   0.16162 0.0895253   1.74248
 0.971386  0.162183 0.0877451   1.74281
 0.972152  0.157712 0.0865988    1.7441
 0.971775  0.155694 0.0888116   1.74336
 0.970885  0.158855 0.0899856   1.74172
 0.971886  0.157239 0.0883549   1.74372
 0.966683   0.16347 0.0997924   1.73399
 0.967036  0.158187 0.0985202   1.73385
0.963572 0.161676 0.102934  1.72676
0.965968 0.160328 0.100977    1.732
0.961586 0.177386 0.104219  1.72521
0.959254 0.168128 0.106238  1.71806
0.955902 0.178291 0.105847  1.71213
0.960145 0.174174 0.106444  1.72155
 0.966244  0.182139 0.0965708   1.73498
 0.966206  0.172495 0.0991104   1.73402
 0.96434 0.179497 0.100309  1.73116
0.965582 0.178049 0.098857   1.7334
 0.96541 0.168211 0.100985  1.73186
 0.96298 0.165456 0.104989  1.72635
0.963325 0.175315 0.102861  1.72858
0.964106 0.169162 0.103245  1.72938
 0.970994  0.181709 0.0884687   1.74381
 0.971286  0.172942 0.0878208   1.74351
 0.970047  0.175305 0.0914033   1.74154
 0.970205  0.176044 0.0896855   1.74156
 0.970837  0.185138 0.0892852   1.74413
 0.969688  0.177777 0.0926176   1.74127
 0.968303  0.184541 0.0923658     1.739
 0.969919  0.181975 0.0916175    1.7422
  0.96934  0.160513 0.0935854   1.73882
  0.96846  0.157783 0.0964831   1.73688
 0.967526  0.163329 0.0973997   1.73552
 0.968853  0.160253 0.0957369   1.73804
  0.96842  0.174315 0.0943402   1.73819
 0.966984  0.171692 0.0971742   1.73526
 0.966946  0.180774 0.0950912    1.7359
 0.967461  0.175156 0.0955683   1.73642
 0.970907   0.16874 0.0885222   1.74236
 0.970253  0.164099 0.0910401   1.74087
 0.969709  0.170955 0.0918837   1.74038
 0.970606  0.167885 0.0905144   1.74199
 0.969531  0.163487 0.0928962   1.73946
 0.967849  0.167022 0.0962841   1.73654
 0.968824  0.170391 0.0935769   1.73856
  0.96853  0.166953 0.0943606    1.7377
 0.976511   0.16213 0.0715172   1.75272
 0.976613  0.166976 0.0685915   1.75311
 0.977535  0.160356 0.0666457   1.75452
 0.976534  0.163055 0.0690807   1.75258
 0.977999  0.152936 0.0683743   1.75513
0.978595 0.155259 0.065473  1.75653
 0.978671   0.15174 0.0661002    1.7564
  0.97832  0.152972 0.0667688   1.75574
 0.978348  0.148846 0.0675626    1.7554
  0.97874  0.149427 0.0657173   1.75625
 0.979051  0.147997 0.0647234   1.75674
 0.978768  0.148656 0.0661734   1.75627
 0.976919  0.150735 0.0725876   1.75273
 0.977464  0.151431 0.0707209   1.75394
 0.977664  0.149771 0.0701452   1.75413
 0.977393   0.15049 0.0713353   1.75371
 0.977574   0.15143 0.0693482   1.75402
 0.978261  0.150336 0.0669526    1.7553
 0.978087  0.149525 0.0688955     1.755
 0.978116  0.150292 0.0683084    1.7551
 0.975326  0.156389 0.0775821   1.75022
 0.975996  0.158664 0.0750935   1.75169
 0.976011  0.155188 0.0756709   1.75148
 0.975651  0.156417 0.0761976   1.75079
 0.975573  0.152633 0.0771504   1.75034
 0.976009  0.153071 0.0755644   1.75123
 0.976187  0.151656 0.0749311   1.75138
0.975999 0.152391 0.076008  1.75118
 0.974314  0.154021 0.0814531   1.74814
 0.974828  0.154822 0.0796696    1.7492
 0.975076   0.15342 0.0791919   1.74956
 0.974778  0.153928 0.0801771   1.74905
 0.974953  0.154904 0.0784068   1.74928
 0.975662  0.153934 0.0764393    1.7506
 0.975444  0.153241 0.0781406   1.75026
0.975492 0.153916 0.077577  1.75037
 0.976934  0.152626 0.0716254    1.7529
 0.976752  0.151447 0.0737132   1.75257
 0.976315  0.153341 0.0742372   1.75183
 0.976818  0.152406 0.0732237   1.75281
 0.976116  0.159044 0.0715359   1.75147
 0.977158   0.15747 0.0670843   1.75335
 0.976841  0.154637 0.0695525   1.75259
 0.976945  0.156734 0.0693428   1.75303
 0.975932  0.154809 0.0742475   1.75105
  0.97577   0.15792 0.0732557   1.75078
 0.976625  0.154142 0.0712825   1.75225
 0.975977  0.155342 0.0730554   1.75102
 0.980911  0.156036 0.0490102   1.76102
 0.980507  0.160301 0.0452729   1.76032
 0.981566  0.154949 0.0430867    1.7622
  0.98068  0.157024 0.0458831    1.7604
 0.982699   0.14861 0.0447866   1.76434
0.982795 0.150927 0.041592   1.7647
 0.983127   0.14836 0.0418528   1.76523
 0.982771  0.149021 0.0428594   1.76447
 0.983484  0.146219 0.0428143    1.7659
 0.983372  0.146816 0.0410069   1.76561
0.983899 0.146199 0.039772  1.76678
 0.983536  0.146337 0.0412447   1.76596
 0.982498  0.146313 0.0490208   1.76382
0.982459 0.147183 0.047036  1.76371
 0.983032  0.146278 0.0459101   1.76496
 0.982593  0.146448 0.0474135   1.76398
 0.982402  0.147439 0.0455112   1.76351
 0.982856  0.147209 0.0425107   1.76445
0.983049 0.146409 0.044373  1.76493
 0.982881  0.146956 0.0440018   1.76456
 0.980572  0.149986 0.0571724   1.76006
 0.980906  0.152494 0.0539479   1.76094
 0.981145  0.149306 0.0543199   1.76119
 0.980772  0.150266 0.0552773   1.76044
 0.981271  0.146565 0.0554565   1.76125
 0.981357  0.147293 0.0535149   1.76141
 0.981903  0.146336 0.0522004   1.76256
 0.981484  0.146616 0.0538308   1.76167
  0.97989  0.147449 0.0617069   1.75846
 0.980166  0.148361 0.0596327   1.75908
 0.980592  0.146966 0.0586491   1.75987
 0.980193  0.147416 0.0601648   1.75907
 0.980188  0.148525 0.0580698   1.75901
 0.980788  0.147907 0.0550808   1.76019
 0.980826  0.146949 0.0571062   1.76033
 0.980738  0.147692 0.0566238   1.76016
 0.981928  0.147812 0.0484134   1.76256
 0.982127  0.146505 0.0505489   1.76303
 0.981535  0.147845 0.0518776   1.76182
 0.982017  0.147336 0.0503097   1.76285
 0.980715  0.153326 0.0490694   1.76023
 0.981368  0.152473 0.0435496   1.76143
 0.981494  0.149692 0.0464057   1.76157
 0.981483  0.151596 0.0462594   1.76177
 0.980894  0.149284 0.0522733   1.76043
 0.980454  0.152212 0.0513704   1.75961
 0.981324  0.149085 0.0484456   1.76121
 0.980802  0.149898 0.0507962   1.76017
 0.977411  0.184411 0.0563991   1.75604
 0.977729  0.190052 0.0499107   1.75736
 0.978325  0.181348 0.0514339   1.75777
 0.977724  0.184634 0.0528127   1.75672
 0.978618   0.16832 0.0535226   1.75702
  0.97834  0.173545 0.0499719   1.75675
  0.97942  0.166488 0.0475761   1.75847
0.978473 0.169496 0.050427  1.75662
 0.976884  0.172799 0.0651726   1.75407
 0.976773  0.178839 0.0611086   1.75414
 0.977796   0.17072 0.0594423   1.75565
 0.976732  0.173949 0.0620479   1.75357
 0.976446  0.179623 0.0582016   1.75321
 0.977338   0.17665 0.0528908   1.75479
  0.97748  0.171672 0.0563926   1.75477
 0.977389  0.175839 0.0556408   1.75496
  0.989389   0.135855 -0.0969697    1.78516
 0.988273  0.136376 -0.104529   1.78343
0.989459 0.133825 -0.10158  1.78558
 0.989198  0.135054 -0.101306    1.7851
  0.987986   0.134022 -0.0954678    1.78116
  0.98856  0.132218 -0.100562   1.78295
  0.989745   0.131182 -0.0995162    1.78556
  0.988924   0.132083 -0.0991925    1.78364
  0.985506   0.145589 -0.0912135    1.77646
  0.987156   0.139582 -0.0895668    1.77933
   0.98647   0.144285 -0.0826025    1.77761
 0.986435  0.143087 -0.087621    1.7779
 0.983804  0.147377 -0.112151   1.77526
 0.986081  0.140911 -0.107015   1.77911
 0.985101  0.146721 -0.101291   1.77693
 0.985466  0.144698 -0.106608   1.77818
 0.986482  0.138771 -0.103135   1.77923
  0.987394   0.138216 -0.0949973    1.78036
  0.985391   0.144124 -0.0964808    1.77658
  0.986297   0.140125 -0.0984345    1.77838
  0.74928  0.268213 -0.392356   1.35809
 0.746222  0.270218 -0.387853   1.35011
 0.745373  0.266215 -0.391824   1.34906
 0.747621  0.268087 -0.390704   1.35374
  0.74809  0.260558 -0.399552   1.35686
 0.744802  0.262676 -0.395364   1.34856
 0.743849  0.258882 -0.398749   1.34714
 0.746178  0.260626 -0.397813     1.352
 0.757049   0.26783 -0.398745   1.37755
 0.752586  0.267798 -0.395022   1.36622
 0.752693  0.263734 -0.399635   1.36753
 0.754458  0.266186 -0.397415   1.37083
 0.750123  0.266482 -0.394471   1.36036
  0.74674  0.264269 -0.394467   1.35261
 0.750047  0.262397 -0.398464   1.36094
 0.748352  0.264526 -0.395663   1.35666
 0.745838  0.253105 -0.405958   1.35323
 0.742966  0.254916 -0.402027   1.34578
 0.742326  0.251254 -0.405293   1.34505
 0.744309   0.25296 -0.404431   1.34919
 0.745098  0.246116 -0.411876   1.35272
  0.74196  0.247993 -0.408201   1.34484
0.741385 0.244581 -0.41091  1.34408
0.743345 0.246117 -0.41024   1.3482
 0.752982  0.253039 -0.411889   1.37132
  0.74889  0.252838 -0.408359   1.36078
  0.74915  0.249102 -0.412257   1.36227
 0.750597  0.251381 -0.410457   1.36499
  0.74666  0.251549 -0.407747    1.3554
0.743666 0.249448 -0.40755  1.34844
  0.74676  0.247809 -0.411066   1.35623
 0.745153  0.249737 -0.408674   1.35222
 0.765607  0.262262 -0.410804   1.40019
 0.760539  0.265666 -0.404302   1.38718
 0.758807   0.25874 -0.410688   1.38472
 0.762666  0.262208 -0.408419   1.39268
 0.749205  0.258654 -0.402037   1.35987
 0.745285  0.256794 -0.401011   1.35061
 0.747767  0.255034 -0.405096   1.35737
 0.747078  0.256631 -0.402919   1.35528
  0.75694  0.258159 -0.409179   1.37975
 0.758432  0.264666 -0.402941   1.38164
 0.754075  0.261001 -0.403563   1.37161
 0.755389  0.261042 -0.404916   1.37514
 0.749165  0.254962 -0.407245   1.36144
  0.75349  0.255701 -0.410274   1.37236
 0.750845  0.258594 -0.404572   1.36466
 0.750739  0.256443 -0.406872     1.365
 0.970499  0.158706 -0.186354   1.75742
 0.968321  0.166535 -0.183853   1.75313
 0.966994  0.162508 -0.196192   1.75167
 0.969095  0.162421 -0.188651   1.75519
0.969102 0.153937 -0.20405  1.75678
  0.96633  0.159214 -0.205013   1.75126
 0.967148  0.153964 -0.210992    1.7536
 0.967287   0.15549 -0.207079   1.75332
 0.97006 0.147686 -0.21556  1.76065
  0.96748  0.150609 -0.216122   1.75499
 0.968077  0.149675 -0.220907   1.75743
 0.968004  0.148756 -0.217701   1.75631
 0.972934  0.144282 -0.204778   1.76459
 0.970413  0.147815 -0.204731   1.75902
 0.971252  0.146262 -0.209973     1.762
 0.971157  0.145513 -0.206703   1.76088
 0.969986  0.150253 -0.206315   1.75878
 0.967913  0.151065 -0.212557   1.75529
 0.969509  0.147204 -0.212112   1.75839
 0.968833  0.149474 -0.210831   1.75684
 0.975543  0.145303 -0.183034   1.76653
 0.973514  0.150335 -0.184683   1.76282
 0.974044  0.145898 -0.189953   1.76438
 0.974158  0.147127 -0.186151   1.76409
 0.976371  0.140412 -0.194341   1.77007
0.973968 0.143029 -0.19488  1.76473
 0.974737  0.142076 -0.199787   1.76753
0.974508 0.141264  -0.1964  1.76608
 0.978368  0.138312 -0.184569   1.77255
 0.976202  0.140877 -0.183644   1.76747
 0.977033  0.139524 -0.189035    1.7704
0.977056 0.139002 -0.18591  1.76971
  0.97607  0.142708 -0.184831   1.76772
 0.974489  0.143466 -0.191096   1.76528
 0.975765  0.140119 -0.190756   1.76776
 0.975115  0.141942 -0.189596   1.76623
 0.971668  0.147666 -0.200676   1.76118
 0.972915  0.143242 -0.201572   1.76365
0.973142 0.144828 -0.19595  1.76325
  0.97222  0.145111 -0.199502   1.76181
 0.972475  0.155654 -0.190318   1.76249
 0.968979   0.15925 -0.199642   1.75661
  0.97115  0.153947 -0.199095   1.76074
 0.970605  0.156158 -0.197025    1.7594
 0.972669    0.1468 -0.193326   1.76188
 0.972092  0.152032 -0.189259   1.76061
 0.970945  0.150471 -0.197784    1.7593
 0.972458  0.149204 -0.193718    1.7619
  0.77065  0.227054 -0.449982   1.42202
 0.773926  0.222529 -0.455549   1.43073
 0.776503  0.228622 -0.449496   1.43433
 0.772662  0.226154 -0.451543   1.42683
 0.777778  0.239715 -0.437564   1.43349
  0.78088  0.235018 -0.442992    1.4416
0.784987 0.241166 -0.43631   1.4483
 0.780066  0.238259 -0.439189   1.43873
 0.764122  0.234999 -0.438383   1.40403
 0.767558  0.231263 -0.444001   1.41334
 0.770425  0.237453 -0.438453   1.41795
 0.766401  0.234436 -0.440418    1.4098
0.769661 0.230473 -0.44593   1.4186
  0.77586  0.232146 -0.445596   1.43178
 0.772693  0.236561 -0.440151   1.42339
 0.773718  0.233265 -0.443823   1.42665
 0.733183  0.188655 -0.455826   1.33808
 0.731862  0.187849 -0.455093   1.33475
 0.732768  0.187117 -0.456684   1.33739
0.732475 0.187791 -0.45588  1.33647
 0.735937    0.1887 -0.459803   1.34621
 0.736319  0.191378 -0.458087   1.34658
  0.73483  0.189683 -0.457074   1.34247
  0.73537  0.189807 -0.458103   1.34426
 0.733311  0.187126 -0.457726   1.33916
   0.7349  0.187632 -0.459626   1.34372
0.733795 0.188673 -0.45702  1.34009
 0.733817  0.187749 -0.457882   1.34044
 0.739277  0.189145 -0.465056   1.35647
0.736995 0.187568 -0.46288  1.35004
 0.738346  0.186301 -0.466534    1.3548
 0.738047  0.187573 -0.464801   1.35341
 0.741529   0.19552 -0.461589   1.36048
 0.738669  0.193728 -0.459439   1.35283
0.740353 0.192312 -0.46333  1.35836
 0.739992  0.193771 -0.461564   1.35688
 0.737104  0.191868 -0.459503   1.34922
 0.736616  0.189013 -0.461199   1.34857
 0.738933  0.190632 -0.463282   1.35501
 0.737732  0.190448 -0.461195    1.3512
0.735923 0.174024 -0.47299  1.35108
 0.734603  0.174491 -0.470099   1.34664
 0.734405  0.173098 -0.470427   1.34612
 0.734761  0.173797 -0.470803   1.34726
 0.735806   0.17301 -0.473104   1.35068
 0.734378  0.172354 -0.470499   1.34594
 0.734742  0.171137 -0.471584    1.3471
 0.734863  0.171993 -0.471412   1.34743
 0.732418  0.173658 -0.466377   1.33961
 0.733547  0.174717 -0.467638   1.34296
 0.732441   0.17495 -0.465683   1.33951
 0.732848   0.17439 -0.466426   1.34068
 0.730067  0.174631 -0.463393   1.33319
 0.731355  0.175302 -0.464028   1.33634
 0.730083  0.175962 -0.462638   1.33305
 0.730713  0.175224 -0.463298   1.33456
 0.730058  0.172013 -0.464822   1.33347
 0.731327  0.172689 -0.465487   1.33661
 0.730078  0.173324 -0.464138   1.33338
  0.73069  0.172603 -0.464768   1.33484
 0.731783  0.173385 -0.465455   1.33767
 0.731803  0.174693 -0.464732   1.33755
   0.7307  0.173897 -0.464052   1.33471
  0.73133  0.173981 -0.464777   1.33646
 0.732585  0.168657 -0.468881    1.3404
0.733574 0.169706 -0.47018  1.34349
  0.73249  0.169864 -0.468321   1.34013
  0.73291  0.169348 -0.468986   1.34129
  0.73024  0.169528 -0.466116    1.3341
 0.731421  0.170168 -0.466763   1.33703
 0.730215  0.170777 -0.465478   1.33392
 0.730815  0.170085 -0.466068   1.33535
 0.730509  0.167038 -0.467272   1.33482
0.731625 0.167693 -0.46796  1.33765
 0.73033 0.168265 -0.46672  1.33438
 0.731016  0.167569 -0.467268   1.33595
  0.73198  0.168358 -0.467985   1.33853
 0.731881  0.169593 -0.467392   1.33823
 0.730889  0.168819 -0.466698   1.33561
  0.7315  0.16892 -0.46739  1.33731
 0.733699   0.17278 -0.468916   1.34364
 0.733868  0.174152 -0.468441     1.344
 0.732784  0.173086 -0.467009   1.34062
 0.733418  0.173298 -0.468172   1.34271
 0.731816  0.170829 -0.466749   1.33797
 0.731773  0.172104 -0.466107   1.33777
 0.730742  0.171301 -0.465419   1.33506
 0.731351  0.171409 -0.466122   1.33676
 0.733901  0.170433 -0.470357   1.34443
 0.733607  0.171655 -0.469498   1.34357
  0.73279  0.170538 -0.468427   1.34096
 0.733363  0.170961 -0.469422   1.34286
 0.733289  0.172038 -0.468751   1.34253
 0.732328  0.172307 -0.466953   1.33948
 0.732359  0.171024 -0.467621   1.33968
 0.732738  0.171747 -0.467704   1.34066
 0.739267  0.156743 -0.478545   1.35758
 0.737727  0.156771 -0.476396   1.35306
 0.738157  0.155606 -0.476227   1.35357
 0.738279  0.156277 -0.476717   1.35428
 0.739634   0.15587 -0.478328   1.35799
0.738482 0.154976 -0.47608    1.354
 0.739226  0.154097 -0.476599   1.35566
 0.738909  0.154778 -0.476726   1.35524
 0.736161   0.15549 -0.473232   1.34755
 0.736737  0.156548 -0.474555    1.3498
0.735706 0.156463 -0.47303   1.3467
 0.736194  0.156077 -0.473475    1.3479
 0.733857    0.1559 -0.471135   1.34162
 0.734668   0.15653 -0.471827   1.34384
  0.73343  0.156923 -0.470874   1.34081
 0.734155  0.156336 -0.471241   1.34238
 0.734866  0.153902 -0.471573   1.34353
 0.735606  0.154529 -0.472286   1.34561
 0.734322  0.154878 -0.471369    1.3425
 0.735101  0.154303 -0.471702   1.34416
 0.735669  0.155087 -0.472446   1.34596
 0.735209  0.156085 -0.472221   1.34509
 0.734608  0.155309 -0.471493   1.34324
 0.735121  0.155515 -0.472079    1.3447
 0.738191  0.151752 -0.473794   1.35124
 0.738642  0.152796 -0.475116   1.35324
 0.737649  0.152635 -0.473687   1.35026
 0.738143  0.152297 -0.474071   1.35144
 0.735941  0.151991 -0.471887   1.34551
 0.736635  0.152619 -0.472592   1.34749
 0.735379  0.152939 -0.471745   1.34447
 0.736154  0.152386 -0.472041   1.34611
 0.737121  0.150223 -0.472151    1.3477
0.737761 0.150824 -0.47285  1.34957
 0.736569    0.1511 -0.472026   1.34668
 0.737301  0.150587 -0.472304   1.34824
 0.737742  0.151327 -0.473038   1.34975
 0.737195  0.152224 -0.472916   1.34875
  0.73673  0.151456 -0.472172   1.34717
 0.737197  0.151698 -0.472731   1.34853
 0.737519  0.155086 -0.474949   1.35133
 0.737107  0.156191 -0.474994   1.35076
 0.736605  0.155099 -0.473559   1.34858
0.737089 0.155472 -0.47453  1.35027
0.736659 0.153161 -0.47276  1.34776
 0.736141  0.154123 -0.472604   1.34681
 0.735615  0.153345 -0.471887   1.34512
 0.736104  0.153571 -0.472441   1.34652
 0.738607  0.153376 -0.475473   1.35352
 0.737915  0.154253 -0.475113   1.35207
  0.73759  0.153178 -0.473961   1.35043
 0.738031  0.153711 -0.474853   1.35202
 0.737476  0.154483 -0.474618    1.3509
 0.736555   0.15447 -0.473305   1.34818
 0.737059  0.153497 -0.473468    1.3491
 0.737061  0.154078 -0.473733    1.3494
0.783122 0.159913 -0.46321  1.43975
  0.78247  0.157477 -0.466595   1.43984
 0.785737  0.155558 -0.461794   1.44351
 0.783024  0.157839 -0.463642   1.43934
0.966465 0.161614 0.192755  1.73518
 0.96645 0.161643 0.192807  1.73516
0.966456 0.161676 0.192753  1.73516
0.966459  0.16164 0.192773  1.73517
 0.96645 0.161788 0.192717  1.73516
0.966449 0.161836 0.192686  1.73516
0.966463 0.161779 0.192669  1.73518
0.966449 0.161801  0.19269  1.73516
0.966523 0.161386 0.192741  1.73528
0.966517 0.161299 0.192852  1.73527
0.966492 0.161422 0.192852  1.73523
0.966504 0.161369 0.192817  1.73524
0.966548 0.161145 0.192848  1.73532
0.966595 0.161091 0.192675  1.73539
0.966587 0.160954 0.192841  1.73538
0.966565 0.161063 0.192789  1.73534
0.966667 0.160797 0.192521  1.73549
0.966606 0.160854 0.192766   1.7354
0.966613 0.161019 0.192593  1.73541
0.966644 0.160888 0.192625  1.73547
0.966724 0.160266 0.192699  1.73558
0.966736 0.160521 0.192432  1.73559
 0.96682 0.160177 0.192321  1.73572
0.966783  0.16032 0.192482  1.73569
0.967238 0.154025 0.195132   1.7364
0.967461 0.154782 0.193469   1.7367
0.967699 0.152984 0.193575  1.73706
0.967589 0.153898 0.194052  1.73702
 0.96718 0.157923 0.192427  1.73627
0.967214 0.158542 0.191786  1.73632
0.967413 0.157702 0.191507  1.73662
0.967324 0.158056 0.191905  1.73653
0.930545 0.223203 0.242349  1.67872
0.931712 0.226052 0.237539  1.68058
0.932702 0.218911 0.241049  1.68215
0.930998 0.222708 0.240471  1.67898
0.933683 0.207153 0.249234  1.68438
0.934679  0.21041 0.245009  1.68594
0.935782 0.203353 0.247491   1.6877
0.934126  0.20695 0.247384  1.68467
0.927519 0.218285 0.249234  1.67277
0.928798 0.220713 0.245827  1.67521
0.929141 0.216253 0.248196  1.67568
0.928097 0.218257 0.247847  1.67363
0.929365 0.209814 0.252658  1.67623
0.930267 0.212467  0.25018  1.67805
0.931304 0.208467 0.251317  1.67992
0.930092 0.210406  0.25136  1.67758
0.925695 0.212328 0.254024  1.66868
0.926606 0.215485 0.251879  1.67086
0.927418 0.211236 0.253554  1.67232
0.926306  0.21303 0.253202  1.67001
0.927294 0.216026 0.250822  1.67223
0.929043 0.214413 0.249964   1.6756
0.928091 0.211808 0.252464  1.67365
0.928404  0.21413 0.251102  1.67446
0.932146 0.213063 0.245221  1.68074
0.931458  0.20942 0.249397  1.67974
0.930388 0.213033 0.248303  1.67777
0.931221 0.211813 0.248001  1.67928
0.932373 0.215916 0.243883  1.68161
0.930448 0.215231 0.247092  1.67811
 0.93014 0.220246 0.244662   1.6778
0.931286 0.217022 0.245396  1.67994
0.967965 0.155323 0.190682  1.73746
0.967599 0.155677 0.192141   1.7369
0.967659 0.156649 0.191146  1.73699
0.967826 0.155885 0.191325  1.73732
0.969554 0.144256 0.191467  1.74012
0.970688 0.142839 0.187172  1.74192
0.970341 0.139575 0.190887  1.74145
0.969935 0.142181  0.18984  1.74051
0.974043 0.125606 0.177621  1.74684
 0.97677 0.118606 0.172427  1.75221
0.975248 0.116558 0.178968  1.74938
0.975605 0.119427 0.176414  1.75001
0.974319 0.126091 0.182239  1.74834
0.975412 0.117824 0.183128  1.75061
0.973899 0.121654  0.19016  1.74843
0.975113 0.120957 0.185329  1.75047
 0.978718 0.0059609  0.190592    1.7669
  0.971732 0.00739657   0.207345    1.75335
 0.974294 0.0231832  0.207573   1.75844
  0.97324 0.0126059  0.202857   1.75561
  0.97996 0.0380631    0.1906   1.76639
 0.975807 0.0369927  0.205598   1.76006
 0.977046 0.0503665   0.20269   1.76088
 0.976378 0.0417752  0.199964   1.75944
 0.988201 0.0255772  0.159415   1.78192
 0.984456 0.0130839  0.172605   1.77658
 0.984325 0.0283503  0.177262   1.77505
 0.985115 0.0222011  0.170968   1.77667
 0.979871 0.0145012   0.18626    1.7679
 0.975609 0.0281999  0.202867   1.75983
 0.980879 0.0299081   0.18769   1.76877
 0.980038 0.0236354  0.191959   1.76855
 0.979878 0.0672218  0.183653    1.7621
 0.976813 0.0626792  0.199362    1.7582
 0.976303 0.0779301  0.195841   1.75551
 0.976405 0.0687819  0.193004   1.75545
 0.990659 0.0626804  0.137122   1.78209
 0.990078 0.0458211  0.149852   1.78351
0.987033 0.060327 0.159724  1.77598
 0.989159 0.0548513  0.149002   1.78027
 0.980864 0.0552856  0.169755    1.7628
 0.984406 0.0385556  0.160391   1.77142
 0.981007 0.0384581  0.175059   1.76546
  0.98218 0.0424075  0.168611   1.76682
0.981768 0.058364 0.179479  1.76654
 0.981694 0.0435042  0.183317   1.76852
0.979229 0.054009 0.197091  1.76422
 0.982095 0.0499423   0.18706   1.76958
0.966409 0.161766 0.192887  1.73509
0.966429 0.161745 0.192834  1.73513
0.966431 0.161693 0.192865  1.73513
0.966422 0.161737 0.192858  1.73511
0.966407  0.16166 0.192972  1.73509
  0.9664 0.161748 0.192925  1.73508
0.966425 0.161671 0.192896  1.73512
0.966411 0.161688 0.192933  1.73509
0.966495 0.160988 0.193226  1.73524
0.966561  0.16084 0.193053  1.73534
0.966522 0.160755 0.193308  1.73529
0.966513  0.16086 0.193197  1.73526
0.966332 0.161909 0.193174  1.73499
0.966323 0.161983 0.193156  1.73497
0.966344 0.161931 0.193099  1.73501
0.966327 0.161941 0.193143  1.73497
0.966303 0.162034 0.193206  1.73494
 0.96629 0.162025 0.193269  1.73492
0.966287 0.162081 0.193244  1.73492
0.966287 0.162047 0.193239  1.73491
0.966274  0.16212 0.193271   1.7349
0.966264 0.162129 0.193308  1.73488
0.966266 0.162152 0.193283  1.73489
0.966264 0.162134 0.193287  1.73488
0.966259 0.162164 0.193289  1.73488
0.966253 0.162152 0.193318  1.73486
0.966251  0.16219 0.193303  1.73486
0.966258 0.162169 0.193304  1.73488
0.966766 0.160054 0.192798  1.73566
 0.96688 0.159928 0.192383  1.73584
0.966857 0.159595 0.192776  1.73581
0.966806 0.159858 0.192653   1.7357
0.966262 0.162228 0.193228  1.73488
0.966265  0.16219  0.19325  1.73489
0.966254 0.162216 0.193272  1.73487
0.966261 0.162212  0.19325  1.73488
0.966707 0.160636 0.192561  1.73557
0.966693 0.160422 0.192815  1.73555
0.966634 0.160717  0.19283  1.73546
 0.96666 0.160591 0.192736  1.73548
0.966467 0.161668 0.192702  1.73518
0.966468 0.161623 0.192727  1.73518
0.966457 0.161679 0.192732  1.73516
0.966463 0.161658 0.192718  1.73517
0.966418 0.161889 0.192791  1.73512
0.966411 0.161962 0.192765  1.73511
0.966432 0.161897 0.192719  1.73514
0.966414 0.161916 0.192758   1.7351
0.966468  0.16169 0.192698  1.73519
0.966462 0.161698 0.192719  1.73518
0.966463  0.16171 0.192703  1.73518
0.966466 0.161699 0.192706  1.73518
0.970388 0.125693 0.195227  1.74117
0.968691 0.130907 0.198692  1.73824
0.969529 0.133435  0.19378  1.73946
0.969818 0.130105 0.196204  1.74037
 0.96764 0.157657 0.190445  1.73696
0.967567 0.158652 0.190006  1.73685
0.967853 0.157839 0.189272  1.73729
0.967746 0.158046  0.18991  1.73718
0.969676 0.136785 0.195052   1.7404
0.968953   0.1345 0.199588  1.73942
0.968349 0.139718 0.198895  1.73828
 0.96867 0.136914 0.197796  1.73855
0.968475  0.14599 0.194771  1.73835
0.967934 0.144248 0.198146  1.73757
0.967677 0.147984 0.197357  1.73719
0.967814 0.146135 0.196697  1.73717
0.967284 0.153155 0.195955  1.73657
0.967822 0.151864 0.194293  1.73736
0.967485 0.150867 0.196613  1.73691
0.967387 0.151989 0.195592  1.73659
0.966273 0.162094  0.19327  1.73489
0.966274 0.162046 0.193299  1.73489
0.966261 0.162103 0.193317  1.73488
0.966275 0.162081 0.193296   1.7349
0.966966  0.15827 0.193206  1.73595
 0.96676 0.158708 0.193834  1.73565
0.966855 0.158993 0.193143  1.73578
0.966908 0.158653 0.193387  1.73591
0.966306 0.161995 0.193196  1.73494
0.966314 0.161921 0.193218  1.73495
0.966292 0.161984 0.193266  1.73492
 0.96631 0.161966 0.193227  1.73495
0.966453 0.161334 0.193109  1.73517
0.966498 0.161231 0.192994  1.73524
0.966472 0.161178 0.193161   1.7352
0.966465 0.161246 0.193089  1.73518
0.966442 0.161616 0.192888  1.73515
0.966454 0.161531 0.192907  1.73517
0.966426   0.1616 0.192974  1.73512
0.966445 0.161585 0.192921  1.73516
 0.795444  0.119073 -0.441479   1.44599
 0.792003  0.122282 -0.445892   1.44155
 0.790871  0.118505 -0.446582   1.43889
 0.792405  0.119696 -0.444842   1.44141
0.790491 0.111418 -0.44572  1.43651
 0.789192   0.11509 -0.447794   1.43544
 0.787014  0.112379 -0.448992   1.43105
 0.789019  0.112655 -0.447456   1.43451
 0.784377  0.108107 -0.448863   1.42473
 0.784728  0.110355 -0.450562   1.42676
 0.780989  0.109453 -0.451547   1.41925
 0.784017  0.108715 -0.450353   1.42489
 0.790822  0.104777 -0.442003   1.43424
0.791378 0.107629  -0.4442  1.43703
 0.786908  0.106375 -0.445783   1.42817
 0.790609  0.105614 -0.444045   1.43502
0.790128 0.108998 -0.44579  1.43543
 0.786714  0.110329 -0.449023   1.43012
 0.787037  0.107306 -0.447627    1.4296
 0.787776  0.108925 -0.447652   1.43142
 0.806157  0.112165 -0.427753   1.46091
 0.801299  0.115484 -0.434657   1.45442
0.801517    0.109 -0.43415  1.45367
 0.801944  0.111397 -0.432392   1.45403
 0.799414  0.101174 -0.432052   1.44696
  0.79904  0.104436 -0.435421   1.44835
 0.794726  0.102663 -0.437622   1.43998
  0.79857  0.102046 -0.435341   1.44698
 0.811326  0.102861 -0.412157   1.46347
 0.811011  0.106677 -0.421644   1.46772
 0.805623  0.100656 -0.424836    1.4567
 0.810623  0.101706 -0.420896   1.46587
 0.807145  0.107791 -0.426372   1.46176
 0.801851  0.105755 -0.432994   1.45334
 0.804169  0.101179 -0.429229   1.45583
 0.804835  0.104833 -0.429955   1.45812
 0.793821  0.107899 -0.441924   1.44107
0.794622 0.103865 -0.44009  1.44124
 0.797804  0.106265 -0.437586   1.44708
 0.795284  0.106053 -0.439949   1.44289
 0.795632   0.11618 -0.440783   1.44556
 0.790918  0.116082 -0.445868   1.43821
0.792539 0.112367  -0.4434  1.43977
 0.792551  0.114844 -0.443517   1.44023
 0.798235  0.109649 -0.436998   1.44817
  0.79812   0.11535 -0.438389    1.4495
 0.794216  0.111267 -0.441435   1.44213
 0.797644  0.111786 -0.438751   1.44813
 0.784246  0.146841 -0.466912   1.44158
0.785037 0.142372 -0.46376  1.44052
0.786444 0.145285 -0.46293  1.44357
 0.784745  0.144563 -0.464125   1.44055
0.782961 0.149034 -0.46572  1.43861
 0.785085  0.147674 -0.461675   1.44044
 0.785361  0.151248 -0.460603   1.44112
 0.783858    0.1491 -0.462339   1.43852
 0.773305   0.16469 -0.475456   1.42759
 0.772776  0.165758 -0.474419    1.4261
 0.771782  0.165638 -0.476394   1.42523
 0.772747  0.165274 -0.475551   1.42663
 0.761712   0.13021 -0.472207   1.39442
 0.759434  0.129793 -0.471665   1.38928
  0.76076  0.128471 -0.470745   1.39123
 0.760785  0.129379 -0.471311   1.39179
 0.763118  0.129162 -0.471362   1.39663
  0.76188   0.12765 -0.470199   1.39307
 0.763521  0.126798 -0.469666   1.39601
0.762533 0.127581 -0.47027  1.39446
 0.758097  0.127599 -0.470202    1.3852
 0.758207  0.128971 -0.471182   1.38628
 0.756958    0.1286 -0.470702   1.38333
 0.757825  0.128269 -0.470625   1.38502
 0.755111  0.127466 -0.469727   1.37872
 0.755706  0.128357 -0.470471   1.38056
0.754078 0.128538 -0.47018  1.37705
 0.755231  0.127925 -0.470145    1.3793
 0.757393    0.1253 -0.468669   1.38241
0.757957 0.126245 -0.46946  1.38422
 0.756201  0.126377 -0.469219   1.38047
0.757467 0.125753 -0.46913  1.38292
 0.757717  0.126921 -0.469842   1.38408
 0.756588  0.127971 -0.470348   1.38223
 0.756313  0.126841 -0.469669   1.38105
 0.756795  0.127299 -0.469993   1.38233
 0.763297  0.123445 -0.467387   1.39357
 0.763312  0.125058 -0.468418   1.39451
 0.761877  0.124483 -0.468172   1.39127
 0.762933  0.124185 -0.467916   1.39326
 0.759922  0.123028 -0.467321   1.38645
 0.760461  0.124054 -0.468167   1.38825
 0.758496  0.124134 -0.468026    1.3841
 0.759949  0.123483 -0.467849    1.3869
 0.762697  0.120617 -0.465605   1.39077
 0.763264  0.121794 -0.466578   1.39273
 0.761136  0.121805 -0.466532   1.38829
 0.762728  0.121125 -0.466271   1.39132
0.762913 0.122578 -0.46709  1.39244
   0.7615  0.123689 -0.467879   1.39017
 0.761283  0.122359 -0.467144   1.38905
  0.76181  0.122936 -0.467426   1.39041
 0.760201   0.12757 -0.470214   1.38958
 0.758917  0.128757 -0.471007   1.38761
 0.758937  0.127266 -0.470012   1.38677
 0.759265  0.127939 -0.470396   1.38781
 0.760172  0.124782 -0.468604   1.38804
 0.758888  0.125879 -0.469256   1.38596
 0.758646  0.124653 -0.468561   1.38483
 0.759153  0.125166 -0.468855   1.38614
 0.762923  0.125714 -0.469011   1.39417
 0.761376  0.126641 -0.469606   1.39148
 0.761477  0.125172 -0.468677   1.39086
 0.761825  0.125995 -0.469107   1.39199
  0.76043  0.126839 -0.469722   1.38962
 0.759193   0.12652 -0.469548   1.38689
 0.760466  0.125447 -0.468868   1.38893
 0.760139  0.126164 -0.469358   1.38867
 0.780097   0.16316 -0.465016   1.43518
 0.777122  0.165475 -0.467036   1.43068
 0.777856  0.163511 -0.468898   1.43285
 0.778017  0.164251 -0.466806   1.43212
 0.748113  0.218487 -0.443735    1.3692
0.750807 0.215881 -0.44932  1.37739
 0.753114  0.220909 -0.445755   1.38142
 0.750223  0.218256 -0.446487   1.37515
 0.752184  0.229253 -0.435859   1.37604
 0.755539  0.226357 -0.441816   1.38566
 0.757839  0.232125 -0.437348   1.38949
 0.754528  0.229125 -0.438549   1.38245
 0.741148  0.221356 -0.432308   1.34881
 0.738561  0.220398 -0.431101   1.34253
  0.74006  0.218922 -0.434152   1.34698
 0.739779  0.220086 -0.432622   1.34582
 0.746212  0.220725 -0.438855   1.36297
 0.747377  0.225363 -0.435084   1.36447
 0.744408  0.222737 -0.434213   1.35704
 0.745387  0.222784 -0.435743      1.36
 0.74107  0.21866 -0.43608  1.35013
0.743954 0.218948 -0.43911  1.35796
 0.742322  0.221081 -0.434524   1.35246
 0.741985   0.21953 -0.436108   1.35228
 0.747481  0.221091 -0.440748   1.36685
 0.752347  0.223542 -0.442791   1.37883
 0.748864  0.226089 -0.436915   1.36888
  0.75003  0.223521 -0.439911   1.37231
 0.841148  0.238089 -0.420658   1.55647
 0.841372  0.237442 -0.422797   1.55782
 0.843318   0.23705 -0.420655   1.56086
 0.841667  0.237154 -0.421552   1.55774
 0.845594  0.237195 -0.415897   1.56353
 0.846071  0.236443 -0.418329   1.56554
 0.847762   0.23601 -0.415811   1.56786
 0.846152  0.236144 -0.416778   1.56485
 0.842359  0.241238 -0.415247   1.55758
 0.841755  0.239629 -0.418095   1.55705
 0.843981   0.23929 -0.415751   1.56064
 0.842742  0.239883 -0.416517   1.55853
 0.842121  0.238279 -0.419189   1.55793
 0.843884  0.236604 -0.419445   1.56136
 0.844304  0.237864 -0.416785   1.56137
  0.84335  0.237643 -0.418384      1.56
 0.850397  0.235951 -0.410735   1.57117
 0.850802  0.235192 -0.413382   1.57311
0.852804 0.234544 -0.41061  1.57597
  0.85096  0.234783 -0.411716   1.57252
 0.855443  0.234382 -0.405176   1.57916
0.855675 0.233614 -0.40797  1.58077
 0.858276   0.23268 -0.405011   1.58485
 0.856029  0.233067 -0.406313    1.5806
0.85191 0.23959 -0.4046 1.57284
 0.851144  0.237746 -0.407805     1.572
 0.853668  0.237101 -0.405061   1.57606
 0.852252  0.237963 -0.405992   1.57368
  0.85148   0.23613 -0.409011   1.57279
 0.853375  0.234001 -0.409215    1.5764
 0.853959   0.23537 -0.406237    1.5767
 0.852838  0.235235 -0.408057   1.57504
 0.843249  0.245043 -0.407185   1.55708
 0.842422  0.242841 -0.411912   1.55673
 0.844966   0.24231 -0.409695   1.56098
0.844241 0.243035 -0.41004  1.55987
 0.845991  0.245476 -0.404372   1.56189
 0.847191  0.242645 -0.407687   1.56502
 0.849921  0.243006 -0.403893   1.56934
 0.847166   0.24358 -0.405623   1.56431
 0.846642  0.237393 -0.414314   1.56512
 0.848456  0.235485 -0.414585   1.56863
 0.849018  0.236777 -0.411684   1.56886
 0.847927  0.236623 -0.413426   1.56725
0.847923 0.240796 -0.40889  1.56652
0.849784 0.238521 -0.40878  1.56974
 0.850687  0.240668 -0.405585   1.57099
0.849514 0.240234 -0.40777  1.56927
 0.843309  0.241411 -0.413618   1.55895
 0.845053  0.239502 -0.414182   1.56231
 0.845731  0.240964 -0.411392   1.56299
 0.844625  0.240817 -0.412906   1.56123
 0.846452  0.238801 -0.413332    1.5647
 0.848836  0.238253 -0.410616   1.56843
 0.847222  0.240378 -0.410632   1.56566
 0.847491  0.239001 -0.411595   1.56622
 0.751616  0.137418 -0.475747    1.3771
 0.753189  0.137495 -0.476938   1.38111
 0.751732  0.139136 -0.477455   1.37876
0.752002 0.138014  -0.4766  1.37855
 0.748747  0.140788 -0.476687   1.37245
 0.750229  0.140862 -0.478171   1.37646
 0.748911  0.142447 -0.478441   1.37424
 0.749148  0.141369 -0.477645     1.374
 0.749539  0.136734 -0.473684   1.37138
 0.750614  0.136935 -0.474596   1.37421
0.749687 0.137786 -0.47462  1.37248
0.749902 0.137267  -0.4743  1.37262
 0.748113  0.138506 -0.473943   1.36895
 0.749053  0.138565 -0.474762   1.37142
 0.748352  0.139563 -0.475097   1.37038
 0.748487  0.138914 -0.474609   1.37022
0.747502  0.13677 -0.47256   1.3665
 0.748578  0.136664 -0.473032   1.36898
 0.747861  0.137558 -0.473168   1.36776
 0.747932  0.137037 -0.472946   1.36767
 0.748897  0.137038 -0.473492      1.37
 0.749116  0.138004 -0.474405   1.37121
0.748184 0.137936 -0.47364   1.3688
  0.74879  0.137582 -0.473801   1.37008
 0.750561  0.140294 -0.477466   1.37657
0.748864 0.140223 -0.47611  1.37221
0.749596  0.13913 -0.47565  1.37321
 0.749671  0.139799 -0.476134    1.3738
0.751297 0.139454 -0.47701  1.37763
 0.750179  0.138512 -0.475355   1.37409
 0.751183  0.137677 -0.475435   1.37605
0.750679 0.138335 -0.47572  1.37532
 0.856565  0.234563 -0.403254    1.5808
 0.858624  0.232137 -0.403342   1.58467
0.859255 0.233613 -0.40021  1.58506
 0.858033  0.233501 -0.402166   1.58321
0.858065 0.238585 -0.39712  1.58266
 0.860097  0.235644 -0.396862   1.58605
 0.861136  0.238209 -0.393252   1.58761
 0.859874  0.237745 -0.395772   1.58576
 0.852949  0.239734 -0.402741   1.57435
 0.854832  0.237287 -0.403235   1.57786
 0.855619  0.239003 -0.400104   1.57876
 0.854435  0.238883 -0.401854   1.57689
 0.856429  0.236292 -0.402172   1.58055
 0.859102  0.235389 -0.398991   1.58472
 0.857326  0.238146 -0.399127   1.58178
 0.857564  0.236459 -0.400181   1.58221
 0.857887  0.244266 -0.389798    1.5811
 0.861897  0.241024 -0.388813   1.58834
 0.862852  0.243813 -0.383071   1.58897
 0.861256  0.243065 -0.387379   1.58703
0.847827 0.245538 -0.40207  1.56497
  0.85137  0.243017 -0.401626   1.57154
 0.852191  0.245256 -0.396539   1.57186
 0.850684   0.24464 -0.400148   1.56997
 0.852929  0.243889 -0.395566   1.57248
 0.851998  0.241445 -0.400834   1.57197
 0.854802  0.240646 -0.398241   1.57665
 0.853943  0.241578 -0.398704   1.57533
 0.856031    0.2442 -0.392337   1.57799
 0.857367  0.240855 -0.395891   1.58134
  0.86038  0.241051 -0.391415   1.58607
 0.857253   0.24191 -0.393513   1.58036
 0.885816  0.233215 -0.356909   1.62629
 0.887228  0.236716 -0.349335    1.6277
 0.881265  0.238409 -0.358227   1.61823
 0.885072   0.23608 -0.355051   1.62482
 0.873431  0.237831 -0.373929   1.60668
 0.874573  0.240947 -0.367347    1.6076
 0.869069  0.242001 -0.375134   1.59888
 0.872739  0.240249 -0.372306   1.60529
 0.883283  0.225708 -0.367618   1.62245
 0.884613  0.229248 -0.362833   1.62463
0.881057 0.230158 -0.36793   1.6189
 0.883089  0.228694 -0.366187   1.62233
  0.87726  0.228849 -0.375864   1.61319
 0.878224  0.231148 -0.371792    1.6144
 0.875186  0.232676 -0.375279    1.6095
 0.876872  0.231097 -0.374101   1.61228
 0.881473  0.220974 -0.376159   1.62055
 0.882171  0.222991 -0.372004   1.62094
 0.879133  0.224667 -0.375946    1.6162
 0.880762  0.222922 -0.374587   1.61881
 0.882064  0.225507 -0.370379   1.62075
 0.880158  0.229693 -0.370519   1.61778
 0.879039  0.227141 -0.374494    1.6161
 0.880365  0.227266 -0.371893   1.61806
0.875141 0.238407 -0.36587  1.60735
 0.874008  0.235181 -0.372784   1.60661
 0.877226  0.233436 -0.369375   1.61186
 0.876309  0.235059 -0.369992    1.6106
 0.878681  0.238427 -0.361702   1.61366
 0.880199  0.233449 -0.366343   1.61735
 0.883652  0.233396 -0.360436   1.62276
0.88008 0.23484 -0.3632 1.61622
 0.908532  0.204241 -0.335789   1.66219
 0.908871  0.202765 -0.340737   1.66447
 0.912098  0.200393 -0.336033   1.66964
 0.909371  0.201644 -0.337985   1.66432
 0.915156  0.198774 -0.325875   1.67267
0.915081 0.197613  -0.3313  1.67418
 0.917988  0.194915 -0.326851   1.67872
 0.915923  0.196256 -0.328373   1.67476
 0.911541   0.21104 -0.322177   1.66611
 0.910148    0.2073 -0.329378   1.66441
 0.913694  0.205062 -0.323925   1.67015
  0.91204  0.207452 -0.325472   1.66747
 0.910759  0.204061 -0.332266   1.66605
 0.912874  0.199103 -0.333035   1.67003
 0.914356   0.20153 -0.327009    1.6719
   0.9121  0.201674 -0.330891   1.66806
 0.921626  0.193151 -0.317593   1.68356
 0.921445  0.192304 -0.322478   1.68466
 0.924537  0.189899 -0.317425    1.6896
 0.922133  0.191072 -0.319364   1.68489
 0.926881  0.189206 -0.306994   1.69139
0.927058 0.187866  -0.3123   1.6933
 0.929881  0.185448 -0.307501   1.69779
 0.927643  0.186771 -0.309281    1.6934
 0.921633    0.2021 -0.305756   1.68176
 0.921992  0.196633 -0.312094   1.68337
 0.925095  0.196066 -0.305692   1.68836
 0.922532  0.197938 -0.308295   1.68366
 0.922868  0.193286 -0.314208   1.68535
0.924793 0.188973 -0.31427  1.68889
 0.926067  0.191843 -0.308456   1.69058
 0.924132  0.191475 -0.312655   1.68735
 0.914426  0.219195 -0.303813   1.66884
 0.91317 0.213986 -0.31336  1.66772
  0.9176 0.210197 -0.30555  1.67441
 0.915447  0.214076 -0.307914   1.67122
 0.917326  0.198363 -0.322169   1.67634
 0.918929  0.193596 -0.324084   1.67963
 0.920252  0.195209 -0.318397   1.68111
 0.918195  0.195751 -0.321463   1.67748
 0.919539  0.206601 -0.310241   1.67958
 0.915052  0.210334 -0.317511   1.67256
0.917072 0.204535 -0.31928  1.67632
 0.916465  0.207268 -0.316009    1.6745
  0.92002  0.197337 -0.314993    1.6799
 0.919489  0.203029 -0.309701   1.67831
  0.91709  0.201018 -0.318631   1.67522
   0.9198  0.199841 -0.315121   1.68007
  0.93798  0.192787 -0.267757    1.7064
 0.935325  0.202221 -0.265818   1.70181
 0.933314  0.196899 -0.277673   1.69924
 0.936048  0.197054 -0.270404   1.70361
0.935701 0.187206 -0.28591    1.705
 0.932145  0.193249 -0.286524    1.6982
 0.932833  0.187572 -0.292711   1.70043
 0.933142  0.189046 -0.288826   1.70026
   0.9357  0.180749 -0.297598   1.70728
 0.932746  0.183925 -0.298021    1.7011
 0.932917  0.182968 -0.302799   1.70287
 0.933286  0.181892 -0.299682   1.70248
 0.940535  0.176537 -0.287274   1.71459
 0.937475  0.180299 -0.286966     1.708
 0.937977  0.178851 -0.292272   1.71056
 0.938282  0.177854 -0.289183   1.71009
0.936684  0.18298 -0.28855  1.70722
 0.933702  0.184242 -0.294608   1.70234
 0.935699  0.179962 -0.294396   1.70606
0.935008  0.18246 -0.29288  1.70448
0.945322 0.178631 -0.26555  1.71994
 0.941915  0.184565 -0.266365   1.71337
 0.942727  0.178873 -0.272476   1.71582
 0.942939  0.180409 -0.268568    1.7155
 0.945854  0.172016 -0.277199   1.72327
 0.942828   0.17517 -0.277733   1.71683
 0.943157  0.174175 -0.282476   1.71886
 0.943395  0.173156 -0.279399   1.71827
  0.94995  0.168158 -0.266771   1.72921
 0.947003  0.171871 -0.266515   1.72281
 0.947636  0.170368 -0.271728   1.72555
 0.947815  0.169466 -0.268682   1.72489
 0.946302    0.1745 -0.268115   1.72215
 0.943572  0.175598 -0.274259   1.71766
 0.945539  0.171396 -0.273877   1.72137
 0.944817  0.173867 -0.272464   1.71973
 0.939108  0.180084 -0.283193   1.71069
 0.940827  0.175414 -0.284301   1.71412
0.941506 0.177149 -0.27884  1.71443
  0.94005  0.177466 -0.282071   1.71201
 0.940053  0.189283 -0.272051   1.71177
 0.935446  0.193056 -0.281464   1.70451
0.938343 0.186949 -0.28114  1.70981
 0.937701   0.18963 -0.278731   1.70821
 0.940861   0.17943 -0.275769   1.71246
 0.939878  0.185473 -0.270939   1.71008
 0.938311  0.183076 -0.279951   1.70847
 0.940524  0.181951 -0.276141   1.71236
 0.955589  0.175527 -0.226936   1.73377
 0.953237  0.184658 -0.224908   1.72959
 0.951621   0.17965 -0.237051   1.72765
  0.95395  0.179777 -0.229549   1.73139
 0.954018   0.17025 -0.245114   1.73341
  0.95082   0.17602 -0.245945   1.72717
 0.951663  0.170445 -0.252052   1.72965
 0.951836  0.171972 -0.248137   1.72931
 0.954674    0.1638 -0.256693   1.73686
  0.95186  0.166849 -0.257241   1.73082
 0.952387  0.165821 -0.261963   1.73323
 0.952423  0.164891 -0.258847   1.73224
 0.958481  0.159989 -0.246279   1.74246
 0.955599  0.163666 -0.246068   1.73615
 0.956332  0.162167 -0.251303   1.73904
 0.956407  0.161289 -0.248221   1.73821
 0.954983   0.16625 -0.247649    1.7356
 0.952494  0.167291 -0.253791   1.73148
 0.954335  0.163206 -0.253438     1.735
 0.953624  0.165602 -0.252032   1.73337
 0.961921  0.161993 -0.224669   1.74566
0.958916 0.167556 -0.22549  1.73971
 0.959762  0.162145 -0.231619   1.74218
 0.959919  0.163651 -0.227687   1.74187
 0.962691  0.155732 -0.236287   1.74925
 0.960019  0.158716 -0.236792   1.74345
 0.960537  0.157755 -0.241459   1.74575
 0.960558  0.156833 -0.238394   1.74482
 0.966105  0.151967 -0.225786   1.75421
 0.963396  0.155608 -0.225595   1.74824
 0.964188   0.15411 -0.230868    1.7512
  0.96418  0.153261 -0.227704   1.75023
 0.962872   0.15814 -0.227157   1.74784
 0.960576  0.159127 -0.233327     1.744
 0.962296  0.155144 -0.232995   1.74733
 0.961602  0.157473 -0.231609   1.74573
  0.95697  0.163499 -0.242225   1.73843
 0.958499  0.158954 -0.243249    1.7415
 0.958923  0.160629 -0.237838   1.74144
 0.957746   0.16092 -0.241109   1.73949
 0.957648  0.172219 -0.231137   1.73909
 0.953728  0.175973 -0.240702   1.73286
 0.956295  0.170113 -0.240239   1.73765
 0.955674  0.172591 -0.237943    1.7361
 0.958285   0.16279 -0.234843   1.73955
 0.957352  0.168576 -0.230026   1.73728
 0.956159  0.166426 -0.239024   1.73623
 0.957995  0.165254 -0.235178   1.73945
 0.741118  0.200789 -0.455313   1.35709
 0.743003   0.19894 -0.459763   1.36323
 0.744673  0.202674 -0.457641   1.36631
 0.742711  0.200654 -0.457734   1.36182
 0.744307  0.209029 -0.450184   1.36267
 0.746536  0.206762 -0.455209   1.36971
 0.748538  0.211155 -0.452424   1.37331
 0.746141  0.208822 -0.452784   1.36797
 0.736226  0.203093 -0.446202   1.34204
 0.734276   0.20235 -0.445221   1.33728
 0.735401  0.201094 -0.447529   1.34064
 0.735179  0.202071 -0.446361   1.33973
 0.739906  0.202485 -0.451496   1.35267
 0.740812  0.206084 -0.448906    1.3539
 0.738622  0.204108 -0.447817   1.34819
 0.739364  0.204108 -0.449129   1.35053
 0.736151  0.200857 -0.449003   1.34302
 0.738287  0.201078 -0.451477   1.34898
 0.737095  0.202816 -0.447906   1.34479
 0.736805  0.201528 -0.449117   1.34461
 0.740827  0.202713 -0.453185   1.35568
 0.744303  0.204568 -0.455473   1.36471
 0.741881   0.20655 -0.450602   1.35728
 0.742592   0.20455 -0.452914   1.35962
 0.746142  0.244398 -0.413974    1.3555
 0.742765  0.242705 -0.412781   1.34734
 0.745013  0.241162 -0.416418   1.35353
 0.744373  0.242582 -0.414562   1.35161
 0.753087  0.244141 -0.420872   1.37375
 0.754262  0.250156 -0.415599   1.37514
0.750421 0.246622 -0.41569  1.36604
 0.751624  0.246759 -0.417068   1.36939
 0.746301   0.24115 -0.418497   1.35738
 0.750134  0.241892 -0.421595   1.36733
  0.74765  0.244412 -0.416376   1.35999
  0.74762  0.242483 -0.418323   1.36044
 0.762496  0.244777 -0.427134   1.39715
 0.756224  0.241485 -0.426391   1.38263
 0.760233  0.238323 -0.432512   1.39352
 0.75877 0.241463 -0.42887  1.38936
  0.76737  0.258619 -0.414997   1.40498
 0.760447  0.255164 -0.415035   1.38937
 0.764974   0.25162 -0.421344   1.40122
 0.763196  0.255098 -0.417314   1.39638
 0.756201  0.251198 -0.417084   1.38039
  0.75478  0.244771 -0.422505   1.37844
 0.760935  0.248147 -0.423335   1.39281
  0.75816  0.247988 -0.420778    1.3855
 0.980301  0.145537 -0.146433   1.77153
 0.980084  0.143462 -0.155091   1.77211
 0.981342  0.141361 -0.148707   1.77374
 0.981003  0.143144 -0.149588   1.77337
  0.98315  0.140912 -0.132307    1.7755
 0.982119  0.147114 -0.125488   1.77299
 0.980785   0.14581 -0.135692   1.77103
0.982514 0.144434 -0.13163  1.77443
 0.982848  0.141038 -0.144385    1.7767
0.984354  0.13969 -0.13679  1.77899
  0.98193  0.143964 -0.139823   1.77422
 0.982727  0.141651 -0.141103   1.77598
  0.98056  0.136526 -0.175422   1.77586
 0.980307  0.136654 -0.180648   1.77628
 0.981712  0.135471 -0.175833   1.77862
 0.980774  0.135824 -0.176776   1.77654
 0.981649  0.135959 -0.165213    1.7765
 0.979789  0.139876 -0.163655   1.77227
 0.979951   0.13708 -0.169412    1.7733
 0.980641  0.137555 -0.166467   1.77451
 0.982046  0.135173 -0.172485   1.77876
 0.983431  0.135005 -0.167492    1.7812
 0.981273   0.13575 -0.171378   1.77673
 0.981686  0.135314 -0.171315   1.77766
 0.983318  0.135657 -0.155014    1.7787
 0.984191   0.13537 -0.160716   1.78184
0.985219 0.134366 -0.15589  1.78334
 0.983995  0.134606 -0.157062   1.78056
 0.985861  0.134007 -0.143932   1.78286
 0.984803  0.136447 -0.139904   1.77999
 0.983853  0.135797 -0.147217   1.77872
 0.985044  0.135339 -0.143769   1.78102
 0.985955  0.133849 -0.152241   1.78447
   0.9872  0.133592 -0.146475   1.78654
  0.98454   0.13479 -0.150152   1.78076
 0.985341  0.133958 -0.150447   1.78265
 0.983827  0.137416 -0.147588     1.779
 0.985112  0.138215 -0.139934   1.78108
 0.983279  0.139764 -0.146039    1.7778
 0.983543  0.138589 -0.145357   1.77813
 0.981187  0.140141 -0.159686   1.77503
 0.982573  0.136292 -0.161911   1.77821
 0.982734  0.137525 -0.155301   1.77762
0.981925 0.137735 -0.15894  1.77631
 0.982504  0.140111 -0.149766   1.77657
 0.981619   0.14122 -0.156663   1.77576
 0.982888  0.138415 -0.152386   1.77766
0.982613 0.139675 -0.15203  1.77715
0.867711 0.250913 -0.36396  1.59415
    0.867  0.245294 -0.372347   1.59418
 0.872588  0.244187 -0.363994   1.60285
 0.868852  0.246428 -0.367092    1.5965
 0.879952  0.248577 -0.345244    1.6134
 0.878968  0.242245 -0.355047     1.613
 0.885014  0.240533 -0.345553   1.62242
 0.881194  0.243379 -0.348964   1.61599
 0.868302  0.263543 -0.344581   1.59196
 0.868115  0.256975 -0.354821   1.59338
 0.874333  0.256285 -0.345198   1.60326
0.870017 0.258493 -0.34872   1.5957
 0.869736  0.252089 -0.358413   1.59681
 0.874842  0.244946 -0.358412   1.60591
 0.875848  0.251104 -0.348868   1.60639
 0.873795  0.249802 -0.355036   1.60379
 0.996224 0.0736506 0.0895228   1.79324
 0.993563 0.0745814  0.111113   1.78685
 0.993683 0.0918234 0.0940259   1.78648
 0.995083 0.0787795 0.0970353   1.79019
 0.990141  0.127972 0.0658452   1.77947
 0.990642  0.116101 0.0826785   1.77957
 0.987693  0.134666 0.0811186   1.77361
0.989035 0.126421  0.07562  1.77633
 0.997816 0.0671605 0.0390611   1.79839
 0.997776 0.0670695 0.0638224   1.79717
0.996598 0.083261  0.05086  1.79436
 0.997756 0.0728832 0.0504677   1.79749
 0.993304  0.113533 0.0302686   1.78893
 0.993952  0.102061 0.0479198   1.78861
 0.991829  0.122108 0.0499522   1.78431
 0.992481  0.112121 0.0423467   1.78582
  0.997261  0.0896628 -0.0181371     1.8013
  0.99665 0.0749378  0.010142   1.79731
  0.994692   0.103593 0.00895571    1.79383
   0.995377   0.0889457 0.000204429     1.79532
 0.997569 0.0780365 0.0261766   1.79865
 0.996471 0.0921745 0.0421214   1.79486
 0.995151  0.103267 0.0224401   1.79368
 0.996723 0.0908896  0.030509   1.79644
0.992045 0.107227 0.077924  1.78282
 0.992345  0.120511 0.0601533   1.78471
 0.994277  0.100422 0.0598695   1.78876
 0.993702  0.108573 0.0644144   1.78736
 0.989784 0.0961547 0.0826225   1.77691
 0.992268 0.0889182 0.0622268   1.78324
 0.993352 0.0767987 0.0752847   1.78586
 0.991963 0.0866038 0.0718203   1.78228
 0.911156  0.218029 -0.315934   1.66503
 0.912345  0.222932 -0.307041   1.66616
 0.906858   0.22595 -0.317389   1.65783
 0.910545  0.222216 -0.313596     1.664
 0.898877  0.226788 -0.337496   1.64681
0.900759 0.230631  -0.3288  1.64916
  0.89432  0.233323 -0.338932   1.63892
 0.898118  0.230215 -0.335387   1.64534
 0.908725  0.209493 -0.330879   1.66223
 0.910202  0.213561 -0.323922   1.66431
 0.906606  0.214893 -0.330558   1.65869
 0.908424  0.212902 -0.328691   1.66168
 0.902229  0.214047 -0.341134   1.65218
 0.903487  0.216587 -0.335285   1.65365
 0.900382  0.219311 -0.339585   1.64885
 0.901794  0.216803 -0.338433   1.65094
 0.906287  0.204004 -0.342606   1.65949
 0.907233  0.206476 -0.337107   1.66024
 0.903994  0.208712 -0.341969   1.65513
 0.905446  0.206456 -0.340557   1.65738
 0.907062  0.209462 -0.334664   1.65972
 0.905286  0.214606 -0.334068   1.65681
  0.90388  0.211729 -0.339768   1.65484
0.905527 0.211719 -0.33623  1.65736
 0.900799  0.226219 -0.327092   1.64724
 0.899124  0.222624 -0.336119   1.64562
 0.902487  0.219242 -0.331932   1.65086
 0.901851  0.221872 -0.332473   1.65037
 0.904434  0.225475 -0.322091   1.65365
 0.905591  0.218781 -0.328274   1.65661
 0.908977  0.218143 -0.320692   1.66159
0.905595 0.220389 -0.32403  1.65553
 0.989317  0.132629 -0.130555   1.78908
 0.990448  0.131698 -0.124535   1.79088
 0.988059  0.133124 -0.127795   1.78563
0.988511 0.132353  -0.1284  1.78671
 0.985364  0.135729 -0.136717   1.78073
0.987098  0.13408 -0.14048  1.78537
 0.987797  0.133909 -0.135287   1.78623
 0.986367  0.134275 -0.137944   1.78316
 0.986777  0.134621 -0.129354    1.7829
 0.985687  0.136267 -0.133581   1.78113
 0.987293  0.133573 -0.133045   1.78458
 0.986619  0.134466 -0.131369    1.7828
 0.991415  0.130528 -0.107563   1.79067
 0.991617  0.130031 -0.102455   1.79044
 0.989897   0.13124 -0.103549    1.7865
 0.990459   0.13024 -0.104644   1.78787
   0.9873  0.134632 -0.111097   1.78159
 0.989836  0.132583 -0.116073   1.78825
   0.9901  0.131864 -0.111451   1.78813
 0.988753  0.132388 -0.113316   1.78513
 0.988984  0.133016 -0.104192   1.78458
 0.987741  0.135032 -0.107649   1.78228
 0.989578  0.131334 -0.109041   1.78643
 0.988542  0.132871 -0.106667   1.78378
 0.982251   0.14546 -0.122019   1.77245
 0.983421  0.139761 -0.129525   1.77551
 0.984349  0.139983 -0.123391   1.77688
 0.983531  0.141224 -0.125433   1.77538
 0.984625  0.145499 -0.116213   1.77752
 0.986141  0.140082 -0.118895   1.78071
0.986847 0.139822 -0.11101  1.78136
 0.985693  0.141279 -0.115585   1.77935
 0.986537  0.137124 -0.125132    1.7821
 0.985727  0.137289 -0.131376   1.78107
0.986874  0.13513 -0.12776    1.783
 0.986741  0.136336 -0.127587   1.78284
 0.988369  0.133181 -0.118595   1.78505
 0.987223  0.136359 -0.112783   1.78193
 0.986463    0.1368 -0.119101     1.781
 0.987247  0.135338 -0.117018   1.78241
 0.987212  0.133821 -0.125579   1.78331
  0.98878  0.132279 -0.121498   1.78637
 0.986847  0.135729 -0.121492   1.78213
 0.987392  0.134146 -0.123363   1.78349
0.969915 0.151949 0.183472  1.74045
0.969391  0.15142 0.186519  1.73964
0.969209 0.153965 0.185537  1.73936
0.969638 0.152432 0.185199  1.74014
0.971369 0.173431 0.085441  1.74325
 0.971062  0.182087 0.0863568   1.74341
 0.972639  0.177026 0.0824186   1.74602
 0.971804  0.176957 0.0848585   1.74447
 0.975387  0.164763 0.0739985   1.75049
 0.974392  0.172098 0.0765754   1.74905
 0.975532  0.170178 0.0712354   1.75104
  0.97557  0.168811 0.0738413   1.75131
 0.972428  0.160488 0.0845395   1.74462
 0.971831  0.165856 0.0854665   1.74371
 0.973015  0.163137 0.0828098   1.74587
 0.972629  0.162889 0.0841401   1.74519
 0.974557  0.157893 0.0784645    1.7486
 0.974039  0.162208 0.0795583   1.74786
 0.975076  0.160844 0.0761286   1.74976
 0.974744  0.160159 0.0781312    1.7492
 0.973907  0.154582 0.0826908   1.74741
 0.973247  0.156775 0.0834448   1.74615
 0.974141  0.155854 0.0806512   1.74778
 0.973971  0.155624 0.0821934   1.74761
 0.973288   0.15861 0.0830319   1.74633
 0.973593  0.161232 0.0812415   1.74693
 0.974189   0.15741 0.0801365   1.74794
 0.973522  0.159038 0.0814827   1.74665
 0.973949  0.170663 0.0787714   1.74817
 0.974917  0.163688 0.0760806   1.74954
 0.973755   0.16512 0.0799868   1.74745
 0.973776  0.166043 0.0785721   1.74732
 0.974454   0.17275 0.0809621   1.74995
 0.974005   0.16608 0.0820512   1.74844
 0.972911  0.169425 0.0842362   1.74645
 0.973741  0.168855 0.0825765   1.74811
 0.863849  0.404028 0.0246543    1.5589
 0.854616  0.405816 0.0285114   1.53881
 0.855201  0.410346 0.0109278   1.54239
  0.85826  0.406763 0.0210576   1.54745
 0.864982  0.403764 0.0115643   1.56148
   0.857024     0.41154 -0.00071561      1.5473
    0.8606   0.408869 -0.0154499    1.55469
   0.858069     0.40817 -0.00201316     1.54813
  0.878999   0.393391 -0.0205584    1.58972
  0.865723   0.404531 -0.0327606    1.56535
  0.874105   0.395261 -0.0511016    1.58146
  0.869537   0.398363 -0.0348991    1.57123
 0.888486  0.382738 0.0351801   1.60565
 0.877246  0.394383 0.0259783   1.58506
 0.884385  0.389113 0.0088942    1.5991
 0.880609   0.38923 0.0232234   1.59035
0.867302 0.399531 0.011922  1.56479
  0.862863   0.404787 -0.0158355    1.55799
   0.875867    0.394819 -0.00449587     1.58249
  0.871752   0.399791 -0.0021201    1.57535
 0.96915 0.149992 0.189563  1.73943
0.968948 0.147939 0.191882  1.73914
0.968457 0.150809 0.192175  1.73835
0.968687 0.149573 0.191212  1.73857
 0.97351 0.103078 0.199863  1.74909
 0.973484 0.0922734  0.201147   1.74944
0.971463 0.100648 0.208932  1.74634
 0.973564 0.0985504  0.203427   1.75011
0.970762 0.117827 0.206463   1.7442
0.972805 0.118418 0.197778  1.74714
0.973374 0.112042 0.199229  1.74871
0.973079 0.115808 0.200563  1.74837
0.971361 0.106706 0.210524  1.74656
0.970144 0.115529 0.209444  1.74347
0.973142 0.109249 0.202115  1.74882
0.971023 0.109964 0.207453  1.74497
0.978193  0.13323 0.154125  1.75432
0.980859 0.132587  0.14382  1.75966
0.980533 0.123606 0.148884  1.75859
0.979991 0.129091 0.148569   1.7577
0.977648 0.129934 0.158778  1.75325
0.979938 0.120625 0.153325  1.75743
 0.97907  0.12037 0.162981  1.75658
0.979438 0.122836 0.157941  1.75696
 0.965584 0.0841555  0.228452   1.73864
 0.963738 0.0769764  0.233938   1.73644
0.962931 0.087424 0.236635  1.73513
   0.9646 0.0824985  0.233524   1.73818
 0.966937 0.0915645  0.230001   1.74206
0.963908 0.093427 0.237557  1.73767
0.963642  0.10054 0.236617  1.73626
 0.964063 0.0951785  0.235259     1.737
 0.973111 0.0675865  0.207205   1.75091
 0.970208 0.0804102  0.215988   1.74573
 0.973461 0.0802576   0.20365   1.75033
 0.973387 0.0756142  0.209054   1.75175
 0.964204 0.0549306  0.233603   1.73872
 0.964068 0.0666319  0.235128   1.73799
 0.966855 0.0604353  0.229456   1.74298
 0.965492 0.0607699  0.232701   1.74096
   0.9723 0.0428786  0.213461   1.75303
 0.970487 0.0566854  0.221577   1.74957
0.973964 0.054824 0.210646  1.75495
 0.973265 0.0515649  0.215215   1.75497
  0.96624 0.0186032  0.217704   1.74159
 0.964573 0.0392204  0.227924   1.73905
 0.969576 0.0314284  0.216635   1.74856
 0.967876 0.0301211  0.220962   1.74577
  0.96683 0.0477525  0.228797   1.74417
 0.969704 0.0551659  0.225343   1.74912
 0.971387 0.0408396  0.218071    1.7525
 0.968379 0.0482534  0.224854   1.74651
 0.969314 0.0780036  0.219956   1.74499
  0.97251 0.0650443  0.211706   1.75095
 0.969699 0.0653797  0.222164   1.74724
 0.969693 0.0682997  0.218076    1.7458
 0.965503 0.0789962  0.225428   1.73749
 0.966097 0.0664951  0.227038   1.73993
 0.963831 0.0720131  0.232194   1.73606
  0.96532 0.0713969  0.228954   1.73848
0.912573 0.281177 0.212321  1.64516
  0.9104 0.282548 0.212584  1.64059
0.911401 0.286092 0.208551  1.64309
0.911119 0.283196 0.211291  1.64216
0.914562 0.286017 0.203114  1.64912
 0.91244 0.289077 0.203771  1.64534
0.914003 0.291525 0.197875  1.64844
0.913078 0.288578 0.201896  1.64621
0.917598 0.276914 0.210617  1.65508
 0.91511  0.27913 0.211749  1.65028
0.916194 0.281692  0.20747  1.65255
0.916001 0.279374  0.20992  1.65196
0.913392 0.281527 0.210765  1.64679
0.912241 0.286454 0.206976  1.64478
0.914521 0.284115 0.206433  1.64918
0.913743 0.284153 0.208028  1.64779
0.919243 0.287402  0.19177  1.65789
0.916192 0.294194 0.191643  1.65304
 0.91763 0.296801 0.182842  1.65541
0.916721 0.292714 0.189181  1.65323
0.923312 0.268617 0.208385   1.6652
 0.92067 0.274381 0.208705  1.66095
0.922069 0.276945 0.201627  1.66329
0.921169 0.273261 0.206523   1.6612
0.918548 0.280541 0.200662  1.65597
0.917689 0.277307 0.207852  1.65468
0.916228 0.281668 0.204786  1.65195
0.917322 0.279987 0.204878  1.65396
0.918956 0.284133 0.197459  1.65743
0.916288 0.284285 0.202125  1.65235
0.915758 0.290606 0.196497   1.6519
0.917577 0.286135 0.199008  1.65525
0.966913 0.160164 0.191888  1.73586
0.966879 0.160578 0.191704  1.73581
   0.967 0.160244 0.191411  1.73599
0.966956 0.160327 0.191667  1.73595
0.971194 0.122338  0.19829  1.74354
0.969186 0.122458 0.206256  1.74056
0.969252 0.128863 0.201613   1.7401
0.969616 0.124352 0.202141  1.74073
 0.948464 0.0957373  0.253276   1.70828
0.947712  0.10317 0.253189  1.70681
0.949679 0.101744 0.252901  1.71125
0.948852 0.100165  0.25315  1.70938
 0.953463 0.0925623  0.251114   1.71895
0.952152 0.100511   0.2519   1.7164
 0.954952 0.0997511  0.249625   1.72174
 0.953925 0.0974855  0.251074   1.72009
 0.951392 0.0759613    0.2521   1.71419
 0.949641 0.0867161  0.253023   1.71064
 0.952091 0.0845623  0.251804   1.71598
 0.951234 0.0823649  0.252524   1.71415
 0.949845 0.0921659  0.253096   1.71137
 0.951256 0.0988966  0.252536   1.71468
 0.952483 0.0905012  0.251963   1.71709
 0.950693 0.0938404  0.252609   1.71322
 0.961639 0.0876447  0.239536   1.73322
 0.962221 0.0776017  0.237965   1.73434
 0.959751 0.0838456  0.243084   1.73035
0.960736 0.083204 0.240494  1.73159
0.958058 0.101034 0.245379  1.72668
 0.96002 0.103404 0.240563  1.72921
  0.96025 0.0954902  0.241351   1.73025
 0.959374 0.0994097  0.242633   1.72858
  0.95905 0.0890813  0.245122   1.72946
 0.958246 0.0974517  0.246747   1.72791
  0.96041 0.0919916  0.242248   1.73116
 0.959797 0.0922235  0.244547   1.73081
 0.957925 0.0502056  0.245319    1.7276
  0.95403 0.0638216  0.249943   1.71962
 0.956195 0.0624787  0.246747    1.7238
 0.955539 0.0588585  0.248043   1.72262
0.962684 0.055684 0.236961  1.73624
  0.95933 0.0644705  0.242782   1.72985
 0.962502 0.0676019  0.238306   1.73551
 0.961238 0.0627927  0.239876   1.73337
 0.968217 0.0216917  0.223938   1.74781
 0.962821 0.0364015  0.237169   1.73747
 0.963163 0.0395899   0.23218   1.73682
 0.962562 0.0325002  0.232406   1.73566
 0.958541 0.0455325  0.242177   1.72822
  0.95804 0.0596651   0.24397   1.72734
 0.961176 0.0491742  0.237317   1.73309
 0.959248 0.0510289  0.241118   1.72954
 0.954936 0.0896862  0.250138   1.72191
 0.956259 0.0971401   0.24829   1.72413
 0.957159 0.0885483  0.247118   1.72582
 0.955561 0.0912384  0.248586   1.72263
 0.958585 0.0705797  0.244371   1.72849
 0.959085 0.0800055   0.24448   1.72942
 0.961682 0.0730402  0.240095   1.73402
 0.959726 0.0747784  0.243118   1.73055
 0.952905 0.0712302  0.251156   1.71741
 0.953909 0.0810497  0.250689   1.71983
0.955766 0.070372 0.248174  1.72326
 0.953646 0.0739463  0.250053   1.71887
 0.955023 0.0835822  0.249821   1.72207
 0.957703 0.0825338  0.246749   1.72705
0.957012 0.073533 0.246858  1.72571
 0.957044 0.0801443  0.247967   1.72612
 0.965261 0.0954623  0.227193   1.73679
0.962352 0.103494 0.233631  1.73201
0.964932 0.107628 0.227532  1.73617
0.964202 0.102381  0.22992  1.73517
0.968791 0.106903 0.215384  1.74161
0.966589 0.112392 0.221498  1.73827
0.967864 0.116342 0.214403  1.73933
0.968105 0.111057 0.217376   1.7406
  0.97364 0.0873263    0.2058    1.7511
 0.970254 0.0881226   0.21752   1.74602
 0.971615 0.0973253  0.213107   1.74787
 0.971064 0.0909608  0.212084   1.74636
 0.967007 0.0948363  0.222825   1.73957
0.966573 0.106949 0.223912  1.73889
0.968982 0.101538 0.217282  1.74257
0.967848 0.101354 0.221161  1.74107
 0.788474  0.119529 -0.449313   1.43546
 0.789574  0.122795 -0.448815   1.43807
 0.786148  0.122997 -0.452891    1.4331
 0.788294  0.121881 -0.450198   1.43596
 0.778755  0.122276 -0.459513   1.42112
 0.781736  0.123955 -0.457994   1.42683
  0.77842   0.12585 -0.461811   1.42238
 0.778939  0.123887 -0.459741   1.42192
  0.78564  0.113583 -0.450457   1.42912
 0.787647  0.116132 -0.449627   1.43333
 0.784431  0.116545 -0.452298   1.42805
 0.785835  0.115628 -0.450842   1.43007
 0.779808  0.115675 -0.455759   1.42008
 0.781585  0.117243 -0.454714    1.4235
 0.778764  0.118744 -0.457377   1.41931
 0.779921  0.117287 -0.455834   1.42063
 0.781023  0.110278 -0.453054   1.42029
 0.783581  0.111588 -0.451847   1.42523
 0.780653  0.112861 -0.454317   1.42061
 0.781694  0.111654 -0.453165   1.42198
0.783719 0.113381 -0.45184  1.42579
 0.782668   0.11622 -0.453383   1.42487
 0.780829  0.114518 -0.454461   1.42132
 0.782561  0.114543 -0.453217   1.42429
 0.782672  0.122782 -0.456345   1.42766
  0.77918   0.12093 -0.457869   1.42084
 0.781955  0.119235 -0.454758   1.42464
 0.781885  0.120884 -0.456123   1.42554
 0.785667  0.121965 -0.454062   1.43257
 0.784634  0.118509 -0.453058   1.42923
 0.787871  0.118444 -0.450589   1.43471
 0.785538  0.119163 -0.452414   1.43089
 0.781732  0.151423 -0.470099   1.43912
 0.781251  0.155648 -0.469864   1.43884
 0.779344  0.154277 -0.473208   1.43657
 0.780017  0.153878 -0.470934   1.43652
 0.827931  0.238068 -0.434972   1.53535
 0.829055  0.237541 -0.436218   1.53826
 0.829114   0.23813 -0.434867    1.5378
 0.828467  0.237743 -0.435291   1.53654
 0.830244  0.238692 -0.432391   1.53911
 0.830454  0.238265 -0.433897    1.5402
 0.832534  0.238257 -0.432341   1.54386
 0.830762  0.238083 -0.433159   1.54042
 0.827417  0.240253 -0.432099   1.53363
 0.827664  0.239106 -0.433703    1.5345
 0.828886  0.239611 -0.432289   1.53652
 0.827932  0.239557 -0.432826   1.53478
 0.828133  0.238482 -0.434269   1.53555
 0.829327  0.238114 -0.434405     1.538
 0.829298  0.238813 -0.432952   1.53744
 0.828886  0.238527 -0.433807    1.5369
 0.833371  0.238846 -0.429039   1.54413
  0.83303  0.238452 -0.430663   1.54408
 0.836059  0.238075 -0.429071   1.54971
 0.833851  0.238081 -0.430041   1.54543
 0.837018   0.23865 -0.425102   1.54992
 0.836818  0.238144 -0.426923   1.55024
 0.839538  0.237703 -0.425138    1.5551
 0.837513  0.237786 -0.426092   1.55122
 0.833966  0.241672 -0.424462   1.54415
0.833645 0.240239 -0.42683  1.54409
 0.835535   0.24023 -0.424886   1.54717
 0.834403  0.240563 -0.425547    1.5452
 0.834026  0.239135 -0.427708   1.54496
 0.835723  0.238017 -0.427622    1.5482
 0.835928  0.239075 -0.425799   1.54807
0.835142 0.238794 -0.42699  1.54688
 0.826432  0.244022 -0.426558   1.53012
0.826598 0.241698 -0.42992  1.53133
  0.82843  0.242347 -0.428296   1.53455
 0.827628  0.242427 -0.428653   1.53312
 0.828655  0.244963 -0.424395   1.53411
  0.83017  0.243005 -0.426764   1.53773
  0.83222  0.243915 -0.423927   1.54101
 0.829928    0.2439 -0.425269   1.53678
 0.830691  0.239065 -0.431285   1.53962
0.832207 0.238294 -0.43119  1.54255
 0.832367  0.239161 -0.429643    1.5424
 0.831668  0.238902 -0.430652   1.54132
 0.830913  0.241762 -0.427644   1.53927
 0.832595  0.240524 -0.427537   1.54231
0.832985 0.242221  -0.4252  1.54264
 0.832217  0.241678 -0.426804   1.54157
 0.827687    0.2407 -0.431111   1.53387
 0.829347  0.240009 -0.431293   1.53714
 0.829377  0.241263 -0.429511   1.53679
 0.828844  0.240844 -0.430523   1.53601
 0.830399  0.239919 -0.430681     1.539
 0.832045  0.240107 -0.428849   1.54164
 0.830573  0.241206 -0.428886   1.53897
 0.830954  0.240291 -0.429556   1.53976
 0.828034  0.236217 -0.437618   1.53648
 0.827041  0.237266 -0.436836   1.53418
 0.826569   0.23672 -0.436946   1.53313
  0.82709  0.236709 -0.436964   1.53422
 0.825375  0.234927 -0.438079   1.53082
 0.825477  0.236405 -0.437254   1.53099
 0.824077  0.235862 -0.437639   1.52821
 0.824785  0.235722 -0.437711    1.5296
 0.827816  0.233996 -0.438092   1.53571
 0.827003  0.235351 -0.438047   1.53427
 0.826599  0.234286 -0.438188   1.53324
 0.827058  0.234623 -0.438077   1.53423
0.826925 0.235632 -0.43807  1.53418
    0.826  0.236206 -0.437346   1.53202
 0.825995  0.234914 -0.438091   1.53207
 0.826456  0.235581 -0.437785   1.53305
 0.818323  0.231748 -0.441079   1.51703
 0.821113  0.227839 -0.442298    1.5224
 0.821744  0.231483 -0.440669    1.5238
 0.820324  0.230269 -0.441555   1.52097
 0.819688  0.233737 -0.439434   1.51965
 0.822511  0.233031 -0.439591   1.52531
 0.822491   0.23536 -0.438023   1.52511
 0.821416  0.234166 -0.439022   1.52305
 0.830165  0.229912 -0.436592   1.53897
 0.828458  0.232305 -0.437716   1.53647
 0.828645   0.23012 -0.438108   1.53655
 0.829116  0.231088 -0.437454   1.53745
 0.829617  0.222406 -0.440021    1.5378
 0.827636  0.227284 -0.439564    1.5345
 0.825384  0.224714 -0.442108   1.53048
 0.827077  0.224972 -0.440461   1.53321
 0.838661  0.217205 -0.428767   1.55067
   0.8327  0.226123 -0.433881   1.54214
 0.835105  0.220435 -0.436061   1.54716
 0.836407  0.222686 -0.432784    1.5489
 0.831543  0.228166 -0.436005   1.54123
 0.828806  0.228128 -0.438306   1.53651
 0.831589  0.223433 -0.437712   1.54107
  0.83103  0.226623 -0.437334   1.54043
 0.824762  0.234082 -0.438537   1.52955
 0.823312  0.235142 -0.438177   1.52671
 0.823263  0.233061 -0.439275   1.52661
 0.824019  0.234065 -0.438693   1.52815
0.826002 0.228855 -0.43984  1.53156
 0.823601  0.230464 -0.440566   1.52734
 0.823571  0.226808 -0.442076   1.52715
 0.824896  0.228845 -0.440799   1.52979
 0.827764  0.233073 -0.438122   1.53538
 0.826333  0.233323 -0.438433   1.53257
 0.827193  0.231143 -0.438553   1.53393
 0.827313  0.232514 -0.438363   1.53442
 0.825691  0.233051 -0.438726   1.53134
0.824345 0.231734 -0.43963  1.52872
 0.826388  0.230559 -0.439178   1.53243
 0.825168  0.231808 -0.439214   1.53019
0.968822 0.151527 0.189266  1.73877
0.968237 0.152107 0.191621  1.73787
0.968344 0.153653  0.19007  1.73804
  0.9686 0.152434  0.19033  1.73854
  0.999491  0.0574086 0.00644821    1.80421
   1.00906  0.0720075 -0.0195448    1.83034
     1.01109    0.0332101 -0.000969273       1.8338
    1.00262   0.0498776 -0.00669959     1.81255
   1.00106 0.00177243  0.0529157    1.80855
    1.01277 0.000967654   0.0250562     1.83814
   1.00925 -0.0215478  0.0604574    1.83095
    1.00342 -0.00919137   0.0450656      1.8149
 0.997578 0.0547721 0.0660821   1.79719
 0.998369 0.0522566 0.0387414   1.79998
 0.998391  0.030022 0.0570436    1.8004
 0.997751 0.0453322 0.0540541   1.79821
 0.999873 0.0446501 0.0241758   1.80439
  1.00414 0.0171004 0.0149492   1.81576
  1.00035 0.0186719 0.0458071   1.80586
  1.00184 0.0256331 0.0262447    1.8096
  0.993276 -0.0204782   0.120094     1.7946
  1.00327 -0.032906 0.0991862   1.81892
  0.995026 -0.0328393    0.13842     1.8023
  0.994751 -0.0315014   0.117326    1.79895
   0.979797 -0.00469523    0.182198     1.76881
  0.983557 -0.0209221   0.172571    1.77783
   0.974078 -0.00248229    0.199937     1.75819
  0.979874 -0.0127995   0.183439    1.76997
 0.988576 0.0198165  0.149817   1.78225
    0.989629 -0.000492174     0.137236      1.78542
  0.984779 0.00433753   0.163121    1.77665
  0.988349 0.00710697    0.14957     1.7831
  0.990961 -0.0133196   0.135714    1.78989
 0.987552 -0.026716  0.153745   1.78516
   0.985477 -0.00662103     0.16522     1.77994
  0.986918 -0.0166316   0.152991    1.78254
 0.990547 0.0638046  0.114823   1.78018
 0.994583 0.0605515 0.0922814   1.78963
 0.992885 0.0427939  0.105148   1.78655
 0.992493 0.0540838  0.103634   1.78492
 0.989702 0.0580457  0.126408   1.77916
  0.99178 0.0379364  0.115918   1.78481
 0.990041 0.0394523  0.138532   1.78258
 0.991373 0.0433201  0.125838   1.78425
   0.998994 0.000232395   0.0731041       1.804
  0.999858 -0.0253646  0.0803533    1.80831
   0.99573 -0.0109504    0.10475     1.7985
  0.998352 -0.0141992  0.0855804    1.80405
 0.993641 0.0259288  0.114705   1.79033
  0.992178 0.00653212    0.12432    1.78962
  0.99155 0.0262741  0.138049   1.78751
 0.992313 0.0193097  0.125397   1.78874
 0.997644 0.0505285 0.0805297   1.79748
 0.997322  0.026615 0.0734981   1.79801
 0.995848  0.033222 0.0966442   1.79418
 0.997484 0.0358724 0.0838617   1.79794
 0.998054 0.0117707 0.0807765   1.80105
 0.994876 0.0012165  0.108899   1.79553
 0.996509 0.0228765   0.10295   1.79706
 0.995967 0.0123755 0.0976785   1.79649
0.934829 0.176625 0.262727  1.68591
0.933082 0.177538  0.26379  1.68231
0.933815 0.181148 0.262153  1.68409
0.933634 0.178499 0.262924  1.68348
0.936147 0.182875 0.258378  1.68834
0.934543 0.184518 0.259987  1.68557
0.935628 0.187528 0.257049  1.68756
0.935115  0.18486  0.25851  1.68637
0.939365 0.174248 0.258909  1.69458
0.937076 0.175427 0.261065  1.69035
0.937779 0.178847 0.259205  1.69173
0.937779  0.17646 0.259761  1.69159
0.935455 0.177582 0.261548  1.68708
 0.93446 0.182019 0.261038  1.68532
0.936244 0.180867 0.259593  1.68867
0.935588 0.180169 0.260765  1.68752
0.939194 0.187852 0.251517   1.6937
0.937107 0.190991 0.253868  1.69045
0.937863 0.194838 0.250259   1.6916
 0.93757 0.191202 0.252004  1.69082
0.943394 0.172881 0.251659  1.70066
0.941192 0.173928 0.255352  1.69724
0.941408 0.179436 0.252513  1.69754
0.941916 0.175386  0.25327  1.69832
0.939263 0.181452 0.253585  1.69335
0.939214 0.175931 0.256593  1.69345
0.937718 0.180029 0.257259  1.69097
0.938396  0.17915 0.256075  1.69189
0.938697  0.18433  0.25344  1.69258
0.937125 0.182353 0.256918  1.68993
0.936608 0.187586  0.25551  1.68921
0.937837 0.184557 0.255532  1.69151
0.948273 0.113431 0.253311  1.70858
0.947314 0.109141 0.253176  1.70614
0.947258 0.113802 0.253582  1.70632
0.947693 0.112037 0.253233  1.70719
0.947085 0.121698 0.255111  1.70664
0.947179 0.117773   0.2547  1.70661
0.946691 0.121619 0.256288  1.70607
0.946801 0.120123 0.255356  1.70599
0.950118 0.122653 0.253137  1.71266
0.949198 0.117943 0.253453  1.71075
0.948461 0.122223 0.254167  1.70946
0.949422 0.120924 0.253608  1.71138
0.948576 0.116402 0.253536  1.70943
0.947349 0.116287 0.253962  1.70674
0.947895  0.12058 0.254378  1.70826
0.947749  0.11772  0.25395   1.7077
0.945344 0.129681 0.258091  1.70384
0.945862 0.125606 0.258009  1.70481
0.944893 0.129714 0.259699  1.70327
0.945141 0.128062 0.258718  1.70344
0.943214 0.138073 0.260967  1.70029
0.943748 0.133997 0.261269  1.70133
0.942538 0.138329 0.262659  1.69924
0.942984 0.136555 0.261807  1.69988
0.946311 0.139258 0.256967  1.70609
0.945717  0.13447 0.257768  1.70483
0.944691 0.138559 0.258967   1.7031
0.945668 0.137377 0.257964  1.70494
0.945231 0.132632 0.258506  1.70388
0.944127 0.132263 0.260337  1.70181
0.944213 0.136807 0.259891  1.70221
0.944342 0.133823 0.259578   1.7022
0.950479 0.134029 0.251711  1.71282
0.950436 0.128199 0.252661  1.71306
0.949247 0.131407 0.253862    1.711
0.949879 0.131006    0.253  1.71198
0.950107 0.137034 0.252359  1.71251
0.948829   0.1336 0.254211  1.71037
0.948248 0.139147 0.254923   1.7096
0.949328 0.136251 0.253924  1.71152
0.947069 0.124538 0.255606  1.70687
0.946074 0.124037 0.257026  1.70493
0.946209 0.128557 0.257061   1.7055
0.946285 0.125615 0.256549  1.70537
0.947976 0.133131 0.255216  1.70889
0.946656 0.133289 0.256862  1.70661
0.947422 0.137963 0.255913  1.70817
0.947135 0.134603 0.255954  1.70735
0.950352 0.125671 0.253442  1.71336
0.948575 0.125008 0.254473   1.7099
0.949146 0.129385 0.254606  1.71117
0.949258 0.126841 0.254213  1.71128
0.947662 0.126239 0.255246  1.70815
0.946789 0.130312 0.256563  1.70673
0.948245 0.130578 0.255291  1.70949
0.947651 0.129093 0.255684  1.70834
 0.767472  0.162122 -0.480862   1.41843
 0.767522  0.162242 -0.480758    1.4185
 0.76741 0.162271 -0.48086  1.41834
 0.767494   0.16221 -0.480835   1.41848
 0.767725  0.161992 -0.480716   1.41884
 0.767627  0.162171 -0.480726   1.41868
 0.767574  0.162045 -0.480837   1.41861
0.767613 0.162077 -0.48075  1.41865
 0.767926  0.162094 -0.480409   1.41908
 0.767883  0.161936 -0.480562   1.41906
 0.768056  0.161868 -0.480371   1.41928
 0.767922  0.161972 -0.480434   1.41906
 0.767163  0.161351 -0.481341   1.41794
 0.767142  0.161333 -0.481349    1.4179
0.767174 0.161324 -0.48134  1.41796
 0.767152  0.161333 -0.481344   1.41792
0.767143 0.161488 -0.48131  1.41791
 0.767084  0.161463 -0.481329   1.41779
 0.767152  0.161407 -0.481331   1.41792
 0.767114  0.161448 -0.481322   1.41785
 0.767186  0.161327 -0.481327   1.41798
 0.767208  0.161319 -0.481321   1.41801
 0.767198  0.161361 -0.481302   1.41799
 0.767197  0.161334 -0.481318   1.41799
 0.767125  0.161983 -0.481147   1.41787
 0.767029  0.161957 -0.481174   1.41769
 0.767126  0.161846 -0.481196   1.41788
0.767078 0.161924 -0.48117  1.41778
 0.767174  0.161318 -0.481337   1.41795
 0.767139  0.161315 -0.481354   1.41789
 0.767184  0.161305 -0.481337   1.41797
 0.767175   0.16131 -0.481341   1.41796
 0.774789  0.163305 -0.474636   1.42987
 0.776122  0.161447 -0.474028   1.43186
 0.776355  0.162826 -0.472141    1.4315
  0.77612  0.162444 -0.473751   1.43191
 0.767132  0.161377 -0.481339   1.41788
 0.767059  0.161423 -0.481349   1.41775
 0.767096  0.161355 -0.481358   1.41782
 0.767111  0.161385 -0.481345   1.41784
 0.753586  0.136918 -0.476212   1.38135
 0.751767  0.136829 -0.475145   1.37691
 0.752626  0.135671 -0.474569    1.3781
 0.752706  0.136393 -0.475063   1.37871
 0.754507  0.136031 -0.475671   1.38274
 0.753348  0.135008 -0.474219   1.37924
 0.754502  0.134145 -0.474163   1.38142
 0.753904  0.134837 -0.474503   1.38053
 0.750468  0.135313 -0.473185   1.37271
 0.750751  0.136385 -0.474208   1.37414
 0.749693  0.136203 -0.473373    1.3714
 0.750341  0.135869 -0.473499   1.37275
 0.748083  0.135475 -0.472165    1.3672
 0.748652  0.136133 -0.472804   1.36889
 0.747324  0.136382 -0.472313   1.36591
 0.748219  0.135847 -0.472415    1.3677
 0.749593  0.133578 -0.471783   1.36972
 0.750177  0.134287 -0.472453   1.37146
 0.748786  0.134525 -0.471993   1.36836
 0.749732  0.133971 -0.472072   1.37025
 0.750084   0.13484 -0.472705   1.37153
 0.749317  0.135758 -0.472883   1.37023
 0.748959  0.134929 -0.472266   1.36896
 0.749398  0.135215 -0.472645   1.37015
0.753908 0.131566 -0.47202  1.37838
  0.75412  0.132757 -0.472993   1.37964
 0.752981  0.132514 -0.472337   1.37684
 0.753727  0.132174 -0.472373   1.37833
 0.751258  0.131622 -0.471257   1.37246
 0.751849  0.132384 -0.471932   1.37423
 0.750405  0.132614 -0.471535   1.37105
   0.7514  0.132041 -0.471581   1.37302
 0.753086   0.12958 -0.470588   1.37544
  0.75368  0.130402 -0.471305   1.37725
 0.752151   0.13061 -0.470944   1.37392
 0.753217  0.130017 -0.470958   1.37602
 0.753529  0.131014 -0.471607   1.37724
 0.752612  0.131998 -0.471922   1.37572
 0.752289  0.131037 -0.471287   1.37449
 0.752743  0.131396 -0.471637   1.37571
 0.752104  0.135064 -0.473824   1.37644
 0.751275  0.136116 -0.474273   1.37521
 0.751085  0.134971 -0.473204   1.37393
 0.751444  0.135426 -0.473768   1.37511
 0.751727  0.132967 -0.472202   1.37425
 0.750876   0.13392 -0.472467   1.37284
 0.750548  0.133021 -0.471841   1.37161
 0.750991  0.133349 -0.472201    1.3728
 0.753934  0.133343 -0.473411   1.37963
 0.752863  0.134231 -0.473566   1.37768
 0.752772  0.133089 -0.472682   1.37673
 0.753127  0.133681 -0.473218   1.37791
 0.752192  0.134457 -0.473447   1.37627
 0.751187  0.134352 -0.472871   1.37381
 0.752034    0.1334 -0.472593   1.37521
 0.751882  0.133988 -0.472937   1.37522
 0.767044  0.161685 -0.481266   1.41772
 0.767135  0.161592 -0.481279   1.41789
 0.767129  0.161713 -0.481241   1.41788
0.767087 0.161659 -0.48126   1.4178
 0.769167  0.161129 -0.479533   1.42092
 0.768915  0.160832 -0.479755   1.42047
 0.76921 0.160645 -0.47961  1.42095
 0.769024  0.160866 -0.479614   1.42062
 0.772183  0.162114 -0.478875   1.42689
 0.772607   0.16094 -0.479043   1.42762
 0.773122  0.161772 -0.478339    1.4284
 0.772849   0.16159 -0.478813   1.42811
 0.773959  0.161072 -0.478179   1.42988
 0.773274  0.160283 -0.479086   1.42888
 0.774407  0.159449 -0.478497   1.43066
 0.773591  0.160313 -0.478543   1.42919
 0.776879  0.159133 -0.475342   1.43375
0.775763 0.158225  -0.4774  1.43252
 0.777355  0.156537 -0.475645   1.43438
 0.776148  0.158006 -0.476043   1.43243
  0.77241  0.122848 -0.463762   1.41036
  0.77063  0.122115 -0.464156   1.40673
 0.772404  0.120923 -0.462553   1.40929
 0.772132   0.12186 -0.463421    1.4094
 0.777061  0.122383 -0.460728   1.41828
 0.776701  0.126092 -0.463125   1.41957
  0.77433  0.124043 -0.462899   1.41408
 0.776197  0.123862 -0.462069   1.41749
 0.773724   0.12056 -0.461592   1.41144
 0.776107  0.120722 -0.460268   1.41571
 0.773694  0.122517 -0.462614   1.41232
 0.773864  0.121294 -0.461558   1.41184
 0.769824  0.119173 -0.462997   1.40385
 0.769473  0.121087 -0.464123   1.40411
0.768056 0.120224 -0.46416  1.40102
 0.769199  0.120012 -0.463716   1.40311
 0.765921  0.118139 -0.463441   1.39579
 0.766496  0.119507 -0.464504   1.39785
  0.76434  0.119431 -0.464593   1.39339
 0.765961  0.118739 -0.464257   1.39646
 0.769677  0.115707 -0.460899   1.40175
 0.770153  0.117193 -0.462063   1.40367
 0.768013  0.116988 -0.462219   1.39925
 0.769638  0.116329 -0.461829   1.40232
 0.769532  0.118079 -0.462758   1.40292
 0.767762  0.119198 -0.463972   1.40012
 0.767804  0.117467 -0.463011   1.39936
 0.768317  0.118329 -0.463303   1.40074
 0.778535   0.11567 -0.456697   1.41793
 0.777681  0.118614 -0.458302   1.41753
 0.776066  0.116612 -0.458503   1.41392
 0.777374  0.116679 -0.457748   1.41625
 0.773949  0.113416 -0.457811   1.40856
 0.774311  0.115085 -0.459094   1.41033
 0.771941  0.114598 -0.459425   1.40546
 0.773762  0.113997 -0.458871   1.40887
 0.778823  0.110999 -0.453923   1.41624
  0.77911  0.112897 -0.455388   1.41797
 0.776172   0.11219 -0.455941   1.41197
 0.778497  0.111554 -0.455136   1.41633
 0.778095  0.113909 -0.456423   1.41657
 0.775651  0.115001 -0.458271   1.41265
 0.775969  0.112787 -0.457141   1.41233
 0.776554  0.113994 -0.457347   1.41387
 0.772214  0.119873 -0.462263   1.40855
 0.770427  0.120967 -0.463676   1.40582
 0.770944  0.118958 -0.462485   1.40586
 0.771154  0.120033 -0.462763   1.40664
 0.773453  0.116002 -0.459948   1.40916
 0.771426  0.116989 -0.461457   1.40595
 0.771637  0.115075 -0.460386   1.40546
 0.772173  0.116118 -0.460683   1.40692
 0.776417  0.119554 -0.459497   1.41571
 0.773978  0.119578 -0.460919   1.41141
 0.774916  0.117517 -0.459482   1.41221
 0.775219  0.119074 -0.460045   1.41343
 0.772836  0.119106 -0.461395   1.40921
 0.771601  0.118066 -0.461674   1.40662
 0.773599   0.11721 -0.460108   1.40975
 0.772659  0.118012 -0.461081   1.40848
0.766963 0.161484 -0.48139  1.41759
0.766847 0.161561 -0.48146  1.41741
 0.766908  0.161443 -0.481476   1.41752
 0.766934  0.161498 -0.481441   1.41756
 0.770982  0.160497 -0.479565   1.42455
 0.770392  0.159983 -0.479734   1.42334
 0.770914  0.159645 -0.479979   1.42448
 0.770633   0.16004 -0.479747   1.42385
 0.782505  0.151047 -0.467288   1.43899
0.784769 0.153128 -0.46281  1.44154
 0.781993  0.155693 -0.467385   1.43892
 0.784063  0.153216 -0.465897   1.44189
 0.786361  0.125657 -0.453916   1.43459
0.789827 0.125608  -0.4499  1.43969
 0.788587  0.129628 -0.453011   1.43949
 0.788819   0.12681 -0.452036   1.43894
 0.783916  0.132843 -0.459787   1.43404
 0.787291  0.133333 -0.456454   1.43936
 0.785072  0.137176 -0.460698   1.43781
 0.785455  0.133861 -0.458713   1.43686
0.778418 0.127496 -0.46215  1.42287
 0.781728  0.125822 -0.458033   1.42716
 0.781086  0.129257 -0.460396   1.42778
 0.781195  0.127505 -0.460146   1.42755
  0.78524  0.126619 -0.455937   1.43353
0.787339 0.130366 -0.45505  1.43813
 0.783935  0.130124 -0.458654   1.43294
 0.785059  0.129193 -0.456631   1.43399
 0.773061  0.132738 -0.469491   1.41694
0.775636 0.129775 -0.46609  1.41975
 0.776472  0.132821 -0.467107   1.42268
 0.775645  0.131991 -0.467472   1.42099
 0.772862  0.139341 -0.474801   1.42101
 0.769011  0.138825 -0.477221   1.41436
 0.770973  0.135933 -0.473132   1.41539
 0.771361  0.138039 -0.475018   1.41775
 0.777272  0.135495 -0.468955   1.42595
 0.776282  0.139272 -0.472573   1.42677
 0.773681  0.135586 -0.471233   1.41981
 0.775794  0.136265 -0.470481   1.42391
 0.789304  0.139856 -0.453848   1.44336
 0.786027   0.13858 -0.459221   1.43925
 0.788324  0.135072 -0.454726   1.44089
  0.78729  0.137737 -0.455831   1.43981
 0.794506  0.130489 -0.444683   1.44764
 0.790296  0.130696 -0.450758   1.44205
 0.792115  0.126507 -0.447499   1.44339
 0.791249  0.128991 -0.447565     1.442
 0.797485  0.141519 -0.441611   1.45438
 0.793599  0.140917 -0.448327   1.44961
 0.796783  0.135706 -0.443256   1.45268
   0.7947  0.139087 -0.443954   1.44921
 0.791534  0.139627 -0.450507   1.44617
 0.790094  0.134139 -0.451553   1.44268
 0.794124  0.134168 -0.445818    1.4481
 0.79311 0.135815 -0.44925  1.44813
 0.774762  0.157291 -0.478208   1.43074
 0.774198  0.155228 -0.479299   1.42981
    0.776   0.15539 -0.476718   1.43198
 0.775616  0.156014 -0.478203   1.43224
 0.767197   0.16258 -0.480865   1.41797
0.767176 0.162576 -0.48087  1.41793
 0.767186  0.162554 -0.480862   1.41794
 0.767192  0.162573 -0.480866   1.41796
 0.767152  0.162585 -0.480882   1.41789
  0.76717  0.162577 -0.480877   1.41792
 0.767191  0.162589 -0.480866   1.41796
 0.767167  0.162588 -0.480876   1.41791
 0.769191   0.16246 -0.479432   1.42118
 0.768815  0.162816 -0.479595   1.42058
 0.768853  0.162375 -0.479548   1.42054
 0.768946  0.162578 -0.479507   1.42075
 0.767906  0.162468 -0.480206     1.419
 0.767939  0.162274 -0.480286   1.41907
 0.768117   0.16227 -0.480087   1.41932
 0.767974  0.162351 -0.480179    1.4191
 0.770835  0.163827 -0.479122   1.42462
 0.771559   0.16307 -0.478924   1.42583
 0.77157  0.16389 -0.47864  1.42583
0.771403 0.163552 -0.47895  1.42562
 0.769944  0.164016 -0.479508   1.42308
 0.769204  0.164377 -0.479826   1.42183
 0.769449  0.163776 -0.479631    1.4221
 0.769555  0.164122 -0.479639   1.42238
 0.768678  0.161432 -0.479765    1.4201
 0.768743  0.161032 -0.479787   1.42017
 0.768962  0.161327 -0.479571   1.42055
 0.768863  0.161255 -0.479708   1.42042
 0.744103  0.158461 -0.487132   1.37337
 0.745854  0.159054 -0.489827   1.37882
  0.74481  0.160662 -0.489491   1.37683
 0.744933  0.159586 -0.488931   1.37648
 0.742704  0.162118 -0.486843   1.37114
 0.744252   0.16229 -0.489423   1.37601
 0.743832   0.16438 -0.489722   1.37582
0.743587 0.162926 -0.48878  1.37438
 0.740799  0.157704 -0.481617    1.3629
 0.742469  0.158037 -0.484292   1.36811
 0.741708  0.159865 -0.484199    1.3669
0.74168 0.15864 -0.4835 1.36612
 0.743272  0.158936 -0.486171   1.37116
 0.744078   0.16106 -0.488714   1.37492
0.742549 0.160784  -0.4861  1.37005
 0.743305  0.160171 -0.486931   1.37199
 0.767099  0.161544 -0.481296   1.41782
 0.767002   0.16163 -0.481296   1.41764
 0.767027  0.161516 -0.481328   1.41769
 0.767061  0.161565 -0.481302   1.41775
 0.773935  0.165302 -0.473313   1.42773
 0.774459    0.1641 -0.474572   1.42932
 0.775985  0.163828 -0.472055    1.4309
 0.774584  0.164566 -0.473207   1.42885
 0.768214  0.161643 -0.480203   1.41946
 0.768282  0.161343 -0.480212   1.41954
 0.768429  0.161538 -0.479983   1.41974
 0.768365  0.161502 -0.480141    1.4197
 0.770675  0.163481 -0.479258   1.42432
 0.770657  0.162749 -0.479256   1.42414
 0.771352  0.162767 -0.479115   1.42547
 0.770846  0.163061 -0.479187   1.42454
 0.767857  0.161826 -0.480602     1.419
 0.767923  0.161598 -0.480606   1.41909
 0.768027  0.161738 -0.480414   1.41922
 0.767979  0.161715 -0.480551    1.4192
 0.770307  0.173288 -0.469941   1.42021
 0.768007  0.176088 -0.473668   1.41838
 0.767696  0.172729 -0.472798   1.41641
 0.767883  0.173795 -0.471897    1.4165
 0.767618  0.161767 -0.480887   1.41868
 0.767695  0.161888 -0.480751   1.41877
 0.767555  0.161953 -0.480865   1.41857
 0.767655  0.161868 -0.480844   1.41875
  0.76693  0.161931 -0.481234   1.41752
 0.766829  0.161906 -0.481321   1.41736
 0.766941  0.161789 -0.481284   1.41754
 0.766877  0.161869 -0.481279   1.41742
 0.767595  0.161769 -0.480965   1.41868
 0.767534  0.161946 -0.480938   1.41857
 0.767467  0.161861 -0.481012   1.41846
 0.767499  0.161867 -0.480968    1.4185
 0.768598  0.161379 -0.479919   1.42002
 0.768428  0.161183 -0.480165   1.41978
 0.768656  0.161012 -0.479949   1.42008
 0.768497  0.161191 -0.479995   1.41982
 0.767441  0.161418 -0.481164   1.41841
 0.767383  0.161531 -0.481152   1.41831
 0.767346  0.161425 -0.481213   1.41825
 0.767398  0.161463 -0.481175   1.41834
 0.767209  0.161423 -0.481267     1.418
 0.767269  0.161427 -0.481247   1.41812
 0.767218  0.161512 -0.481223   1.41801
 0.767239  0.161455 -0.481248   1.41806
  0.76721  0.161283 -0.481345   1.41802
  0.76716  0.161246 -0.481409   1.41795
 0.767255  0.161244 -0.481351   1.41811
 0.767225  0.161254 -0.481371   1.41806
 0.767224  0.161622 -0.481174   1.41802
 0.767309  0.161638 -0.481146   1.41818
0.767229 0.161748 -0.48112  1.41802
 0.767267  0.161672 -0.481149    1.4181
  0.76752  0.161675 -0.481015   1.41854
 0.767409  0.161775 -0.481043   1.41835
 0.767403  0.161645 -0.481094   1.41834
 0.767466  0.161705 -0.481052   1.41845
 0.767279  0.161801 -0.481097   1.41812
 0.767362  0.161685 -0.481114   1.41828
 0.767372   0.16181 -0.481066   1.41829
 0.767326  0.161762 -0.481095   1.41821
 0.803809   0.15468 -0.430728   1.46503
  0.80127  0.145827 -0.434907   1.45983
 0.807325  0.143888 -0.428322    1.4692
 0.802541   0.14791 -0.430566   1.46075
 0.815211  0.154292 -0.419922    1.4846
 0.813195   0.14138 -0.421266   1.47807
 0.820126  0.140967 -0.415135   1.49044
 0.814741  0.145362 -0.417855   1.48068
 0.828009  0.173355 -0.425178    1.5192
   0.8285  0.144942 -0.409433   1.50719
  0.84464  0.155848 -0.409819   1.54548
 0.833437  0.160181 -0.413584   1.52313
 0.812828  0.181931 -0.440086   1.49542
  0.81572  0.168777 -0.426897   1.49231
 0.819343  0.178992 -0.434056   1.50582
 0.818213  0.177087 -0.433426   1.50275
 0.817557  0.161733 -0.420933   1.49187
 0.822267  0.148789 -0.413137   1.49583
 0.824862   0.17245 -0.425867   1.51255
 0.821055  0.160652 -0.418857   1.49836
 0.800706  0.184413 -0.447912   1.47406
  0.80292  0.171559 -0.436527      1.47
 0.805877  0.182854 -0.442632   1.48197
 0.80565 0.180749 -0.44261  1.48108
 0.806469  0.159455 -0.429585   1.47129
 0.810353   0.14749 -0.424861    1.4748
 0.812673  0.157614 -0.424084   1.48177
 0.812402  0.155005 -0.425766   1.48137
 0.805699   0.16522 -0.432151   1.47234
0.812554 0.164882  -0.4277  1.48497
 0.809339  0.177747 -0.437109   1.48553
    0.807   0.16807 -0.431262   1.47541
 0.795863  0.155801 -0.437891   1.45182
 0.797697  0.148928 -0.436628   1.45364
 0.799677   0.15721 -0.433218   1.45791
 0.798911  0.153586 -0.436071   1.45695
 0.795316  0.174401 -0.444177   1.45837
  0.80138  0.170335 -0.438059   1.46717
 0.799972   0.18183 -0.447695   1.47187
 0.798119  0.175099 -0.442703   1.46374
 0.789633  0.162245 -0.446461   1.44459
 0.793895  0.160637 -0.441556   1.45063
 0.791885  0.167972 -0.443579   1.44916
 0.790565  0.162896 -0.443265   1.44498
 0.796441    0.1606 -0.438856   1.45465
 0.799599  0.164068 -0.435742   1.46063
 0.794225   0.16905 -0.441915   1.45355
 0.797427  0.164494 -0.438244   1.45735
 0.743251  0.149867 -0.478844   1.36442
 0.741714  0.149747 -0.476965   1.36005
0.742307 0.148706 -0.47666  1.36084
 0.742355  0.149337 -0.477169    1.3614
 0.743732  0.149065 -0.478541   1.36503
 0.742707  0.148137 -0.476458   1.36141
 0.743507   0.14739 -0.476817   1.36312
 0.743094  0.147996 -0.477015   1.36253
 0.740433  0.148361 -0.474059   1.35527
 0.740801   0.14937 -0.475356   1.35707
 0.739853  0.149167 -0.474011   1.35423
 0.740338  0.148867 -0.474351   1.35537
 0.738322  0.148521 -0.472323    1.3499
0.738895 0.149105   -0.473  1.35161
 0.737701  0.149359 -0.472242   1.34876
 0.738459  0.148861 -0.472484   1.35035
 0.739524  0.146886 -0.472456    1.3521
 0.740077  0.147463 -0.473139   1.35377
 0.738909  0.147692 -0.472401   1.35098
  0.73965  0.147213 -0.472628   1.35253
 0.740019  0.147935 -0.473343   1.35388
 0.739436  0.148753 -0.473278   1.35282
 0.739054  0.148032 -0.472567   1.35144
 0.739485  0.148272 -0.473081    1.3527
 0.742763  0.145224 -0.474128   1.35943
 0.743084  0.146193 -0.475381   1.36109
 0.742176  0.145977 -0.474116   1.35838
 0.742649  0.145699 -0.474421   1.35948
 0.740749  0.145342 -0.472533   1.35433
 0.741265  0.145896 -0.473181    1.3559
 0.740151  0.146113 -0.472496   1.35325
 0.740863  0.145657 -0.472702   1.35473
 0.741945  0.143835 -0.472608   1.35652
 0.742449  0.144373 -0.473247   1.35806
 0.741351  0.144582 -0.472573   1.35543
 0.742051  0.144136 -0.472771   1.35689
 0.742375  0.144811 -0.473451   1.35812
 0.741788  0.145573 -0.473423   1.35706
 0.74146 0.144887 -0.47274  1.35582
  0.74186  0.145124 -0.473221   1.35699
 0.741722  0.148142 -0.475489   1.35878
 0.741161  0.149104 -0.475679   1.35796
0.740865 0.148054 -0.47429  1.35624
 0.741275  0.148465 -0.475172   1.35773
 0.741194  0.146349 -0.473378   1.35598
 0.740595  0.147143 -0.473357    1.3549
 0.740256  0.146424 -0.472665   1.35363
 0.740666  0.146675 -0.473153   1.35482
 0.742972  0.146704 -0.475761   1.36121
 0.742223  0.147445 -0.475536   1.35969
 0.742041  0.146447 -0.474412   1.35839
0.742422 0.146973 -0.47524   1.3598
 0.741783  0.147616 -0.475125   1.35856
 0.740937  0.147514 -0.473989   1.35608
 0.741527  0.146699 -0.474015   1.35713
 0.741431  0.147199 -0.474315   1.35723
0.735576  0.16582 -0.47472  1.34961
 0.736877  0.165613 -0.477357   1.35392
 0.736439  0.167618 -0.476531   1.35295
 0.736123  0.166295 -0.476041   1.35169
 0.735182  0.170459 -0.472859   1.34866
 0.736442   0.17015 -0.475681   1.35298
 0.736218  0.172279 -0.474602   1.35232
 0.735749  0.170891 -0.474209   1.35079
  0.73326  0.165728 -0.470557   1.34219
 0.734358  0.165702 -0.472377   1.34559
 0.733944  0.166838 -0.471664   1.34455
 0.733803  0.166183 -0.471531   1.34402
 0.732971  0.168129 -0.469427   1.34142
0.733894 0.167892  -0.4712  1.34438
 0.733903  0.169195 -0.470879   1.34449
 0.733574  0.168379 -0.470549   1.34342
 0.731197  0.166359 -0.467797   1.33638
 0.732281  0.165945 -0.469006   1.33925
 0.732101  0.167148 -0.468498   1.33883
 0.731784  0.166491 -0.468463   1.33802
 0.732793  0.166176 -0.469838   1.34088
 0.733588  0.167185 -0.470985   1.34346
 0.732625  0.167387 -0.469313   1.34047
 0.733067  0.166865 -0.469974   1.34168
 0.736001  0.169245 -0.475165   1.35154
 0.734616  0.169595 -0.472483   1.34707
0.734592 0.168262 -0.47266  1.34683
 0.734882  0.168955 -0.473073   1.34785
 0.736026  0.168266 -0.475179   1.35138
 0.734665  0.167546 -0.472666   1.34682
 0.735144  0.166413 -0.473584   1.34813
 0.735138  0.167225 -0.473503   1.34825
 0.771642  0.167909 -0.471416   1.42247
0.773037 0.166573 -0.47219  1.42549
 0.774332  0.167061 -0.469213   1.42653
 0.772968  0.167362 -0.470819   1.42472
 0.779705  0.159078 -0.470212   1.43653
0.777956 0.161764 -0.47098  1.43391
 0.777583   0.16029 -0.473195   1.43415
 0.777936  0.160507 -0.471317    1.4338
 0.769932  0.160874 -0.479387   1.42236
 0.769549  0.160451 -0.479546   1.42158
 0.769939  0.160238 -0.479583   1.42236
 0.769718  0.160519 -0.479488   1.42191
 0.761423  0.137619 -0.478884   1.39937
 0.760734  0.140782 -0.481629   1.40029
  0.75922   0.13863 -0.479506    1.3954
 0.759981  0.138647 -0.479794   1.39716
 0.757272  0.135119 -0.476185   1.38861
 0.757288  0.137325 -0.478151    1.3903
 0.755559  0.136774 -0.477062   1.38594
 0.756788  0.136273 -0.477098    1.3884
 0.761706  0.132168 -0.474082   1.39594
 0.761426  0.134885 -0.476395    1.3973
 0.759548  0.133682 -0.475215   1.39244
0.760857 0.133374 -0.47512  1.39504
 0.760707  0.135991 -0.477505   1.39672
 0.758567  0.137141 -0.478248   1.39297
 0.758789  0.134789 -0.476207    1.3917
 0.759351  0.136218 -0.477389   1.39388
 0.766945  0.162213 -0.481121   1.41753
 0.766837  0.162201 -0.481191   1.41735
 0.766932  0.162075 -0.481179   1.41751
 0.766887  0.162157 -0.481164   1.41743
 0.772432  0.159647 -0.479784   1.42746
 0.771521  0.159163 -0.480271    1.4258
 0.772211  0.158453 -0.480512    1.4272
 0.771824  0.159082 -0.480176   1.42633
  0.76691  0.162453 -0.481046   1.41747
 0.766968  0.162339 -0.481061   1.41757
 0.767003  0.162446 -0.481004   1.41763
 0.766953  0.162407 -0.481039   1.41754
 0.773969  0.165907 -0.471886   1.42708
 0.776143  0.164412 -0.470355   1.43034
 0.775442   0.16613 -0.468765   1.42834
 0.775406  0.165339 -0.470491   1.42911
 0.770244   0.16297 -0.479304   1.42337
 0.770221  0.163677 -0.479369   1.42349
 0.769704   0.16348 -0.479483   1.42247
 0.770075  0.163337 -0.479401   1.42315
 0.767036  0.162609 -0.480912   1.41767
 0.767045  0.162529 -0.480952    1.4177
 0.767097  0.162583 -0.480905   1.41779
 0.767064  0.162571 -0.480925   1.41773
 0.769309  0.162702 -0.479419   1.42147
 0.769271  0.163266 -0.479542   1.42158
0.768906 0.163064  -0.4796  1.42082
0.769161 0.162979 -0.47952  1.42128
  0.76864  0.162481 -0.479635   1.42017
 0.768599  0.162887 -0.479684    1.4202
  0.76834  0.162747 -0.479803   1.41971
 0.768528  0.162681 -0.479706   1.42003
  0.76774   0.16305 -0.480199   1.41878
 0.768035  0.162934 -0.479996   1.41924
 0.767894  0.163242 -0.480119   1.41909
 0.767864  0.163053 -0.480103   1.41898
 0.766913  0.162291 -0.481101   1.41747
 0.766852  0.162414 -0.481093   1.41737
 0.766802  0.162286 -0.481172   1.41729
 0.766866  0.162337 -0.481119    1.4174
 0.768567  0.162316 -0.479703   1.42003
 0.768285   0.16258 -0.479852   1.41959
 0.768325  0.162282 -0.479889   1.41963
 0.768381  0.162412 -0.479798   1.41972
 0.767327  0.162557 -0.480794   1.41819
 0.767266  0.162624 -0.480775   1.41806
 0.767239  0.162592 -0.480838   1.41804
 0.767268  0.162586 -0.480812   1.41808
 0.767624   0.16244 -0.480549   1.41862
 0.767648  0.162308 -0.480624   1.41869
 0.767782  0.162288 -0.480466   1.41886
 0.767674  0.162356 -0.480537    1.4187
  0.76904  0.163525 -0.479688   1.42124
0.768507 0.163766 -0.47995  1.42036
 0.768703  0.163287 -0.479733   1.42053
 0.768783  0.163571 -0.479777   1.42078
 0.767531  0.162486 -0.480622   1.41849
 0.767431  0.162484 -0.480739   1.41835
0.767552  0.16237 -0.48068  1.41854
 0.767513  0.162438 -0.480688   1.41848
 0.767506  0.162791 -0.480427   1.41838
 0.767715  0.162706 -0.480275    1.4187
 0.767612    0.1629 -0.480305   1.41855
   0.7676  0.162784 -0.480338   1.41852
0.767318 0.162516 -0.48084  1.41819
 0.767235  0.162564 -0.480858   1.41804
 0.767228  0.162528 -0.480863   1.41802
 0.767244  0.162546 -0.480854   1.41805
 0.767386  0.162533 -0.480753   1.41828
 0.767466  0.162546 -0.480643   1.41838
 0.767321  0.162612 -0.480729   1.41815
 0.767391  0.162574 -0.480702   1.41827
  0.95858  0.199701 0.0924538   1.72196
0.953282  0.19051 0.100534  1.70804
 0.952966  0.203513 0.0878451   1.70927
0.956959  0.19834 0.094264   1.7182
 0.962721  0.214285 0.0565493   1.73354
 0.956126   0.21331 0.0676782   1.71809
 0.963141  0.215285 0.0411721   1.73484
 0.961609  0.215644 0.0550565   1.73146
 0.966317  0.208357 0.0745193    1.7395
0.962365  0.20652 0.082232  1.73113
  0.96424  0.211385 0.0671819   1.73602
 0.965172  0.209366 0.0744257    1.7378
 0.961022   0.20591 0.0840059   1.72845
 0.95796 0.209806 0.078047   1.7222
 0.963142  0.212522 0.0667777   1.73425
 0.959324  0.209663 0.0773373    1.7251
 0.974525  0.196736 0.0115415   1.75827
 0.972473  0.206184 0.0136235   1.75563
  0.983329   0.185545 -0.0102649    1.77888
  0.974497   0.198381 0.00447256      1.759
  0.986872   0.147089 -0.0107725    1.78076
  0.992626   0.156641 -0.0236902    1.79771
   1.00323   0.118985 -0.0275124    1.81964
  0.988767   0.144238 -0.0233128    1.78602
 0.981104  0.181216 0.0293605   1.76868
 0.977803   0.18784 0.0186447   1.76343
 0.983273  0.168942 0.0105581   1.77351
 0.979701  0.180297 0.0195327   1.76615
 0.977439  0.188126 0.0089186   1.76347
  0.982014    0.17453 -0.0144951    1.77362
   0.982867    0.165132 -0.00122228     1.77296
   0.981682    0.175404 -0.00430342     1.77225
  0.97363    0.2007 0.0643041   1.75238
 0.970898  0.206514 0.0687675   1.74853
0.972448 0.203556   0.0565  1.75148
 0.973268  0.203977 0.0621046   1.75326
 0.975446   0.19613 0.0600937   1.75548
 0.974378  0.199997 0.0510489   1.75513
 0.978489  0.189704 0.0472059   1.76252
 0.974806  0.196142 0.0524265   1.75474
 0.966906  0.212693 0.0467244   1.74286
 0.967453  0.212164 0.0289357   1.74449
 0.972168  0.203988 0.0260466   1.75363
 0.968241  0.210304 0.0332955    1.7457
 0.974995  0.201216 0.0443914   1.75767
 0.975627  0.195545 0.0291497   1.75923
 0.979522  0.189257 0.0373149   1.76594
 0.977274  0.195905 0.0368834    1.7625
 0.968952  0.208172 0.0687698   1.74511
 0.967344  0.211098 0.0594741   1.74284
0.970981 0.206634 0.055262  1.74935
 0.968321  0.209006 0.0610239     1.744
  0.96779  0.210913 0.0496267   1.74405
 0.972909  0.202604 0.0321464   1.75452
 0.972548  0.205653 0.0475225   1.75326
 0.971141  0.207057 0.0433174   1.75086
 0.887158   0.37772 0.0746271   1.60195
 0.892795  0.375214 0.0591368   1.61299
  0.89647  0.366606 0.0801617   1.61899
 0.889996  0.373635 0.0711955   1.60645
0.895826 0.358002 0.112939   1.6169
 0.900334  0.357491 0.0990909   1.62568
0.903624 0.347792 0.115908  1.63113
0.898189 0.354835 0.109245  1.62062
0.886981 0.365221 0.115598  1.59973
0.881362 0.365695 0.120016  1.58751
0.881226 0.372498 0.108549  1.58882
0.883561 0.367894 0.114651  1.59286
0.887905 0.367745 0.106286  1.60195
0.882597 0.376044 0.100385  1.59267
 0.884451  0.377401 0.0889777   1.59655
 0.883285  0.373969 0.0984592   1.59319
0.885445  0.37422 0.086879  1.59732
 0.894149  0.364363 0.0913109   1.61351
0.888939 0.364597 0.104867  1.60286
 0.891432  0.367669 0.0946951   1.60896
  0.834786    0.41347 -0.0961186    1.50638
  0.823677   0.415095 -0.0928899    1.48202
 0.825057  0.414037 -0.111401   1.48735
  0.82826  0.413995 -0.100675    1.4927
 0.836974  0.409963 -0.109471   1.51162
 0.827735  0.412061 -0.123485   1.49429
 0.831605  0.406709 -0.136702   1.50275
 0.829041  0.409246 -0.124006   1.49596
 0.851666  0.395454 -0.139627   1.54296
 0.837107    0.3998 -0.151617   1.51478
  0.8455 0.391056  -0.1671  1.53277
 0.841502  0.395595 -0.153488   1.52297
  0.868541   0.397056 -0.0809363    1.57278
  0.852856   0.405717 -0.0924795    1.54283
 0.860472  0.398339 -0.110829   1.55921
  0.857459   0.400631 -0.0961719    1.55125
 0.839012  0.406466 -0.108751   1.51443
 0.833613  0.403487 -0.136502   1.50573
  0.84806   0.39957 -0.125663   1.53418
 0.843303  0.403409 -0.123275   1.52495
 0.888057   0.37209 -0.082881   1.60657
  0.876307   0.385541 -0.0770593    1.58475
 0.879812  0.377443 -0.100027   1.59218
  0.882616   0.378149 -0.0880862    1.59724
 0.904345  0.348241 -0.107455   1.63826
  0.91245  0.341207 -0.077122   1.65036
  0.902927   0.356264 -0.0864365    1.63506
  0.905034   0.349288 -0.0903458    1.63773
 0.884117  0.369586 -0.109953   1.60012
 0.892092  0.354576 -0.117597    1.6136
  0.892379   0.363268 -0.0950804    1.61436
 0.887666  0.363758 -0.106841   1.60539
 0.981607   0.15581 0.0396638   1.76225
 0.980434  0.161474 0.0419891   1.76013
 0.981207  0.160194 0.0356177   1.76165
 0.981417  0.159095 0.0390138   1.76216
  0.98313  0.153811 0.0275307   1.76538
 0.982009  0.158789 0.0294606   1.76329
 0.982703  0.157267 0.0233758   1.76469
  0.98289  0.156543 0.0266829   1.76512
 0.983722  0.147337 0.0362096   1.76632
 0.983979  0.146367 0.0382191   1.76693
0.983471 0.147319 0.039468  1.76585
  0.98385   0.14697 0.0380116   1.76667
0.982531 0.151791 0.036768  1.76393
 0.983018  0.151083 0.0314613   1.76486
 0.983245  0.148791 0.0342698   1.76523
 0.983195  0.150366 0.0340897    1.7653
 0.982847  0.148453 0.0398792   1.76446
 0.982334  0.150826 0.0390414   1.76343
 0.983133  0.148323 0.0362349   1.76498
 0.982724  0.148976 0.0384505   1.76415
 0.982684  0.154099 0.0366555   1.76459
 0.982227  0.157923 0.0327723    1.7638
 0.983204  0.153197 0.0309218   1.76557
 0.982415  0.154983 0.0335183   1.76393
 0.981505  0.165485 -0.079075   1.76868
  0.978572   0.176161 -0.0783639    1.76335
  0.979396   0.168158 -0.0912066    1.76539
  0.980053   0.169671 -0.0830884    1.76631
  0.983436   0.151765 -0.0998173    1.77348
 0.980921  0.160763 -0.102284   1.76919
 0.981868   0.15259 -0.111175   1.77127
  0.98183  0.154918 -0.104395   1.77066
   0.98528   0.148154 -0.0802178    1.77505
  0.983698   0.155803 -0.0794741    1.77242
  0.984117   0.150056 -0.0887335     1.7735
  0.984589   0.151142 -0.0827567    1.77415
  0.983718   0.159847 -0.0828356    1.77357
  0.981625   0.162488 -0.0949513     1.7703
  0.984003    0.15367 -0.0925279    1.77432
  0.983213   0.158573 -0.0900689    1.77294
0.984196 0.152242   0.0248  1.76776
 0.983702  0.155259 0.0207769   1.76686
0.984605 0.151286 0.019466  1.76855
 0.983946  0.152858 0.0217158   1.76716
 0.985635  0.147082 0.0214018   1.77058
  0.98556  0.148478 0.0184642   1.77053
 0.985911  0.146915 0.0187928    1.7712
 0.985646  0.147336 0.0196082   1.77061
 0.986387  0.145578 0.0193868   1.77221
 0.986151  0.145943 0.0178788   1.77165
  0.98672  0.145628 0.0164302   1.77301
 0.986326  0.145655 0.0179113   1.77205
 0.985669  0.145806 0.0252769   1.77059
 0.985534  0.146288 0.0234464   1.77027
 0.986033  0.145686 0.0223845   1.77141
 0.985683  0.145838 0.0237421   1.77059
 0.985417  0.146398 0.0220474   1.76996
 0.985728  0.146187 0.0193062   1.77066
 0.985975  0.145726 0.0209147   1.77124
 0.985783  0.146053 0.0206329    1.7708
 0.984326   0.14791 0.0327808   1.76775
 0.984323  0.149775 0.0296655   1.76788
0.984662 0.147714  0.03002  1.76847
 0.984359  0.148248 0.0309168   1.76781
 0.985033  0.146011 0.0310414   1.76921
 0.984888  0.146434 0.0293089   1.76885
 0.985311  0.145894 0.0281791   1.76979
 0.985039  0.146071 0.0295378   1.76918
 0.984261  0.146215 0.0368491   1.76754
 0.984164  0.146841 0.0349568    1.7673
 0.984649  0.146128 0.0339624   1.76838
 0.984307  0.146293 0.0353204    1.7676
 0.984085  0.147016 0.0334934   1.76707
 0.984441  0.146787 0.0306777   1.76782
 0.984651  0.146192 0.0324822   1.76833
 0.984481  0.146614 0.0321108   1.76795
 0.985136  0.146742 0.0246792   1.76937
 0.985399  0.145968 0.0266412   1.76998
 0.984959   0.14682 0.0278291   1.76903
 0.985273  0.146482 0.0264344   1.76973
 0.983999   0.15037 0.0250778   1.76703
 0.984363  0.149577 0.0201239   1.76773
0.984635 0.147858 0.022797  1.76823
 0.984561  0.149112 0.0225671   1.76821
 0.984403  0.147767 0.0281626   1.76779
 0.983905  0.149669 0.0272546   1.76677
   0.9846  0.147561 0.0246793   1.76815
 0.984268  0.148165 0.0267681   1.76746
 0.986166   0.14619 0.0137546   1.77168
 0.986541  0.145723 0.0150277   1.77256
 0.986071  0.146257 0.0167061   1.77148
 0.986315  0.146038 0.0151403   1.77204
 0.985259  0.148816 0.0140795   1.76979
  0.985615   0.147894 0.00947195    1.77053
 0.985755  0.146898 0.0121795   1.77074
 0.985719  0.147726 0.0118718   1.77077
 0.985684  0.146981 0.0171491   1.77063
 0.985214  0.148385 0.0162411   1.76964
 0.985797  0.146781 0.0139422   1.77085
 0.985549  0.147236 0.0158264   1.77031
0.984045 0.154103  0.01192  1.76749
0.984506 0.151614 0.016147  1.76832
 0.983428  0.155789 0.0175508   1.76622
 0.984202  0.153764 0.0150692   1.76784
  0.985316   0.151135 0.00201006    1.77029
  0.985819   0.149319 0.00577634    1.77125
  0.984774   0.152476 0.00689691    1.76908
  0.985446   0.150951 0.00468862    1.77055
  0.985851   0.149147 0.00877596    1.77129
  0.98548  0.150202 0.0136654   1.77053
  0.984975   0.152303 0.00969964    1.76955
 0.985272   0.15051 0.0107815   1.77004
   0.986656    0.148251 -0.00567541     1.77333
   0.985961    0.150599 -0.00305754     1.77188
   0.986048    0.150898 -0.00871671     1.77227
   0.986379    0.149908 -0.00557284     1.77287
  0.986867    0.14786 -0.0183578    1.77415
  0.985984   0.150995 -0.0146055    1.77231
   0.98601   0.150847 -0.0212812     1.7726
  0.986449   0.149904 -0.0179785    1.77342
  0.988098   0.145321 -0.0116677    1.77661
  0.987465   0.146619 -0.0093256    1.77518
  0.987461   0.146284 -0.0149842    1.77526
  0.987882    0.14601 -0.0118836    1.77618
   0.986957    0.147725 -0.00906465     1.77407
   0.98622   0.150059 -0.0117232    1.77266
  0.986998   0.147372 -0.0151157    1.77429
  0.986531   0.148375 -0.0118858    1.77318
 0.975831  0.182466 0.0633122    1.7524
 0.976075  0.176009 0.0676158   1.75262
 0.975199  0.183997 0.0692868   1.75146
 0.976138  0.180924 0.0668263   1.75324
0.974053 0.197759 0.062911  1.74981
 0.974777  0.194621 0.0531375   1.75081
 0.975072  0.188567 0.0588959   1.75093
 0.975106  0.193216 0.0583508   1.75161
 0.974419    0.1888 0.0694413    1.7501
 0.973924  0.195975 0.0668501   1.74949
 0.975135   0.18737 0.0628356   1.75119
  0.97414  0.190188 0.0667166   1.74934
  0.987582    0.14712 -0.0222208    1.77596
  0.986575   0.149639 -0.0248545    1.77397
   0.98743     0.1468 -0.0284144    1.77581
  0.987023   0.147812 -0.0252006    1.77481
 0.989597  0.143858 -0.028243    1.7807
  0.989473   0.144071 -0.0252074    1.78029
  0.988948    0.14386 -0.0264268    1.77901
  0.989166   0.143863 -0.0266454    1.77956
  0.988389    0.14463 -0.0324123    1.77803
   0.98954   0.143579 -0.0342697    1.78082
 0.989364  0.144035 -0.031035   1.78028
 0.989008  0.143939 -0.032637   1.77947
   0.98896   0.144218 -0.0271534    1.77913
  0.988641    0.14488 -0.0301841    1.77858
0.989231 0.143976 -0.02955  1.77987
  0.988867   0.144262 -0.0286863    1.77898
  0.987926   0.145827 -0.0193962    1.77649
 0.989091  0.145019 -0.021632   1.77934
  0.989019   0.145372 -0.0182509     1.7791
  0.988587    0.14534 -0.0198521    1.77807
 0.988431  0.145734 -0.016685   1.77764
 0.988895  0.145171 -0.016594   1.77871
  0.988844   0.145022 -0.0133807    1.77847
  0.988754   0.145235 -0.0155798    1.77834
  0.988272   0.146139 -0.0229367    1.77755
  0.987831   0.145751 -0.0285476    1.77664
  0.988478   0.144662 -0.0259412    1.77795
 0.988379  0.145394 -0.025955   1.77783
  0.987396   0.145542 -0.0213461    1.77521
  0.988076   0.144314 -0.0249454    1.77685
  0.988622   0.144729 -0.0233371    1.77819
   0.98824   0.144691 -0.0236642    1.77725
   0.98855   0.144865 -0.0358498     1.7787
  0.988208   0.144093 -0.0412433    1.77806
  0.988781   0.143145 -0.0386569    1.77916
 0.988672   0.14391 -0.038693   1.77902
  0.987851   0.144309 -0.0342553    1.77676
  0.988479    0.14287 -0.0376295    1.77829
  0.989065   0.143279 -0.0359675    1.77969
  0.988636   0.143306 -0.0363603    1.77866
0.986009 0.149925 -0.03515  1.77317
  0.987183   0.147044 -0.0318046    1.77542
  0.986081   0.150431 -0.0282267    1.77304
  0.986589   0.149124 -0.0316559    1.77427
0.986619 0.148275 -0.04907  1.77539
  0.987655   0.145273 -0.0448487    1.77715
  0.986233   0.149575 -0.0420307    1.77413
   0.98705   0.147605 -0.0453546    1.77607
 0.987897  0.145252 -0.041323   1.77749
  0.987958   0.146024 -0.0352786    1.77738
  0.986658   0.148579 -0.0384628    1.77477
  0.987398   0.146456 -0.0384913    1.77626
  0.988097   0.142168 -0.0579266    1.77878
   0.98686   0.146194 -0.0553612    1.77614
  0.987152   0.143855 -0.0617334    1.77705
0.987575 0.144024 -0.05855  1.77784
  0.987967   0.139433 -0.0732508    1.77948
  0.987324   0.143083 -0.0680624    1.77795
  0.986863   0.143298 -0.0748157    1.77755
 0.987419  0.142005 -0.071675   1.77838
  0.990243   0.136966 -0.0652824    1.78396
  0.989508    0.13907 -0.0622785    1.78218
  0.989225   0.137584 -0.0693191    1.78189
  0.989857   0.137798 -0.0654911    1.78314
  0.989021   0.140316 -0.0620809    1.78115
  0.988048   0.142225 -0.0652885    1.77934
  0.988608   0.139054 -0.0694704    1.78061
  0.988365   0.140649 -0.0655865    1.77989
 0.979126  0.174738 0.0400186   1.75852
 0.979608  0.168078 0.0443694   1.75899
 0.978618   0.17546 0.0468268   1.75757
 0.979559   0.17282 0.0438662   1.75945
  0.97628  0.190762 0.0409054   1.75377
 0.976816  0.187902 0.0305151   1.75456
  0.97773  0.181317 0.0359723   1.75587
 0.977561  0.186306 0.0355507   1.75619
 0.977476   0.18063 0.0475342   1.75547
0.976553  0.18877 0.045335  1.75424
 0.978029  0.179828 0.0400054   1.75648
 0.977014   0.18246 0.0445517   1.75448
  0.988417   0.137945 -0.0783509     1.7809
  0.987031   0.142143 -0.0795576    1.77829
   0.98771   0.137948 -0.0861915    1.78002
  0.987654   0.139303 -0.0813212    1.77955
   0.99187   0.131828 -0.0886849    1.78963
  0.991843   0.131991 -0.0840369    1.78907
  0.990714   0.132365 -0.0852401    1.78647
  0.991079   0.131832 -0.0860054    1.78736
    0.9887   0.133846 -0.0935304    1.78263
  0.990918   0.131581 -0.0972089    1.78824
   0.99094    0.13228 -0.0926694    1.78784
  0.989962   0.132157 -0.0947476    1.78564
   0.99022   0.133478 -0.0859895    1.78549
  0.989294   0.134653 -0.0899308    1.78382
  0.990628   0.132201 -0.0903207    1.78678
 0.989894  0.133269 -0.088448   1.78492
  0.989266   0.135914 -0.0757663    1.78235
  0.991138   0.134046 -0.0791736    1.78708
   0.99124   0.135517 -0.0746426    1.78708
  0.990373   0.134975 -0.0767604    1.78505
   0.99025   0.136497 -0.0717135     1.7845
  0.991208   0.135597 -0.0720647    1.78678
  0.991206   0.136216 -0.0674275    1.78644
  0.990879   0.135939 -0.0705813    1.78587
  0.989923   0.136297 -0.0797632    1.78453
  0.989223    0.13594 -0.0871706    1.78355
  0.990199   0.134226 -0.0838738    1.78534
   0.98998    0.13518 -0.0838196    1.78494
  0.988587   0.135423 -0.0779529    1.78085
  0.989403   0.133294 -0.0827308    1.78308
  0.990305   0.133247 -0.0813699    1.78512
  0.989676   0.133568 -0.0812964    1.78362
  0.972663   0.214077 0.00290865    1.74975
 0.975617  0.202098 0.0043582   1.75458
 0.974253  0.208846 0.0177843   1.75207
  0.974268   0.208304 0.00868197     1.7523
 0.977331  0.153523 -0.153947   1.76694
 0.979406  0.146751 -0.156231   1.77123
 0.979738  0.148941 -0.147118   1.77086
 0.978575  0.149354 -0.152366   1.76897
0.981127 0.149288 -0.13651  1.77263
 0.982999   0.15121 -0.126034     1.776
 0.980266  0.154335 -0.135217   1.77121
 0.980643  0.151817 -0.133686   1.77143
0.979647 0.150754 -0.14328  1.77033
 0.978966  0.154786 -0.140736   1.76896
 0.977664  0.155521 -0.150043   1.76747
 0.979239  0.153465 -0.143732   1.76989
 0.973104  0.158515 -0.178116   1.76211
 0.975221  0.160276 -0.165035   1.76517
 0.971281  0.165718 -0.175428   1.75855
 0.972424  0.161608 -0.173623   1.76017
  0.97787  0.140694 -0.179024   1.77062
 0.978905  0.137435 -0.181421    1.7731
 0.979785  0.137961 -0.175288   1.77416
 0.978399  0.138658 -0.178875   1.77155
 0.978052  0.143709 -0.175099   1.77086
  0.97995  0.143475 -0.166433   1.77387
  0.97795  0.146078 -0.170896   1.77027
 0.978019  0.144605 -0.171256   1.77021
  0.97594  0.145954 -0.178802   1.76678
0.976248 0.148205 -0.17312  1.76687
 0.974423  0.151178 -0.179874   1.76426
 0.975601  0.148248 -0.176912   1.76601
   0.9799   0.13866 -0.171775   1.77389
 0.979961  0.141561 -0.166668   1.77359
  0.97822  0.141816 -0.175317   1.77097
 0.979774  0.140337 -0.171511   1.77382
 0.975366  0.155886 -0.164529   1.76456
 0.973229  0.154364 -0.176813   1.76135
 0.975653  0.149805 -0.170303   1.76519
 0.975528  0.152658 -0.170751   1.76551
  0.97505  0.153238 -0.159272   1.76224
0.975891 0.148085 -0.16716  1.76485
 0.977908  0.146496 -0.161281    1.7684
 0.976543  0.148986 -0.163253   1.76587
 0.970837  0.213877 0.0616105   1.74439
 0.972529  0.206704 0.0673648    1.7474
 0.970871   0.21426 0.0739409   1.74477
 0.971943  0.211503 0.0673781   1.74677
 0.965595  0.166757 -0.198617   1.74965
  0.96705   0.17056 -0.185925   1.75128
 0.963508  0.175338 -0.196169   1.74582
 0.964914  0.170978 -0.193867   1.74782
 0.957898  0.175421 -0.219239   1.73747
 0.959545  0.180047 -0.206638   1.73951
 0.955613  0.184593 -0.217117   1.73343
 0.957224  0.180212 -0.214528   1.73574
 0.964706  0.155434 -0.221654   1.75045
  0.96611  0.150907 -0.222701   1.75328
 0.966476  0.152528 -0.217168   1.75314
 0.965384  0.152845 -0.220546   1.75134
 0.965349  0.163814 -0.210586   1.75113
 0.961718  0.167524 -0.220138   1.74528
 0.964099  0.161898 -0.219705   1.74978
 0.963495  0.164234 -0.217449   1.74827
 0.965867  0.154653 -0.214212   1.75136
 0.965025    0.1603 -0.209506   1.74934
 0.963923  0.158316 -0.218482   1.74835
 0.965608  0.157096 -0.214557    1.7513
 0.963318  0.166955 -0.206442   1.74588
 0.961077  0.175692 -0.204183   1.74174
 0.959632  0.171036 -0.216529    1.7401
 0.961825  0.171089 -0.208942   1.74367
 0.985464  0.152614 -0.035131   1.77227
  0.985604   0.152944 -0.0280778    1.77225
  0.984537   0.157072 -0.0315312    1.77048
  0.984942   0.154197 -0.0316289    1.77101
  0.984376   0.159698 -0.0481287    1.77168
  0.986066   0.152065 -0.0499658    1.77471
  0.985713   0.153346 -0.0424265     1.7735
  0.985163   0.154293 -0.0466276     1.7726
  0.984651   0.159206 -0.0356588    1.77137
  0.984363   0.161818 -0.0445279    1.77173
  0.985589   0.154721 -0.0392099     1.7732
   0.98497   0.158139 -0.0390625    1.77222
 0.808292  0.388003 -0.208586   1.45919
 0.797894  0.387447 -0.206049   1.43553
 0.799744  0.383762 -0.220508   1.44198
  0.80209  0.385817 -0.212262   1.44559
 0.810422  0.383465 -0.218756    1.4647
 0.802139  0.380638 -0.229735   1.44849
 0.806173  0.375618 -0.239855   1.45819
 0.803487  0.379179 -0.229942   1.45087
0.825967 0.370467 -0.24062  1.49971
  0.81217  0.369892 -0.250622   1.47231
 0.820061  0.362222 -0.261819   1.49001
  0.81642   0.36751 -0.251714   1.48094
 0.838746  0.385014 -0.193262   1.52115
 0.824375   0.38654 -0.204763   1.49297
 0.832557  0.378218 -0.217956   1.51097
 0.828654  0.383314 -0.206037   1.50129
 0.813249  0.382696 -0.217459   1.47025
 0.808745  0.374739 -0.239272   1.46333
 0.822338  0.375734 -0.229736   1.49068
 0.817712  0.377989 -0.228483   1.48112
  0.897237   0.370116 -0.0440715      1.623
  0.885601   0.383252 -0.0619674    1.60339
  0.895687   0.369363 -0.0692317    1.62151
  0.890669   0.374209 -0.0589467    1.61088
  0.914018   0.340208 -0.0465971    1.65028
  0.914845   0.341676 -0.0184934    1.65086
  0.906541   0.356112 -0.0321638    1.63796
  0.909123   0.346533 -0.0320892    1.64016
  0.897564   0.359279 -0.0683898    1.62163
  0.907703   0.344868 -0.0586273    1.63846
  0.899457   0.360228 -0.0429648    1.62392
  0.903908    0.35552 -0.0563459    1.63363
 0.790656  0.332463 -0.322498   1.43665
 0.798146  0.326816 -0.330859    1.4541
  0.80301  0.335543 -0.315896   1.46184
 0.794891  0.331556 -0.323644   1.44591
 0.800838  0.351338 -0.289746   1.45338
 0.808617  0.344484 -0.299548   1.47117
 0.814017  0.353396 -0.281311   1.47984
 0.805093  0.349669 -0.290801   1.46233
 0.786112  0.350002 -0.291953   1.42176
 0.776485  0.348843 -0.289361   1.39966
 0.778334    0.3444 -0.300131   1.40593
 0.780213  0.346987 -0.294335   1.40871
  0.78834  0.345634 -0.299515   1.42768
 0.780672   0.34102 -0.307142   1.41229
0.784684 0.336741 -0.31475  1.42227
 0.782172  0.340353 -0.307457    1.4154
 0.787465   0.33708 -0.314503   1.42836
 0.799711  0.340517 -0.308078   1.45357
 0.791361  0.346211 -0.298774   1.43422
0.795214 0.341448 -0.30686  1.44371
  0.978352   0.172472 -0.0959268    1.76423
  0.977978   0.181564 -0.0828724    1.76348
  0.974868   0.183348 -0.0991382    1.75817
   0.97716   0.179184 -0.0931988    1.76225
  0.97345  0.178616 -0.124314   1.75737
 0.972985  0.185672 -0.112527   1.75585
 0.969348  0.191209 -0.126536   1.75025
 0.972096  0.184879 -0.120636   1.75475
 0.980455   0.15642 -0.115874   1.76914
 0.979647  0.164441 -0.107269    1.7674
 0.977213  0.166338 -0.120119   1.76359
 0.979461  0.162306 -0.114426   1.76756
 0.978326  0.170281 -0.104784   1.76492
 0.975295  0.181001 -0.107551   1.75991
 0.975645   0.17294 -0.118562   1.76077
 0.976193  0.174864 -0.110248   1.76128
 0.944132  0.244428 -0.158222   1.70761
0.949783 0.225941 -0.16322  1.71744
 0.951607    0.2343 -0.138663   1.71921
 0.947422  0.235163 -0.153582   1.71216
 0.928739  0.188922 -0.303252   1.69448
 0.930443  0.184229 -0.304585   1.69788
 0.931371  0.185915 -0.299052   1.69863
 0.929689  0.186313 -0.302242   1.69578
 0.930051  0.197958 -0.291902   1.69616
 0.925215  0.201779 -0.300815   1.68857
 0.928059  0.195704 -0.300994   1.69377
 0.927412  0.198418 -0.298374   1.69209
 0.930829  0.188157 -0.295908   1.69684
 0.929952  0.194154 -0.290953   1.69463
 0.928072  0.191835 -0.299948   1.69251
 0.930513  0.190677 -0.296226   1.69681
 0.928282  0.210788 -0.278298   1.69104
 0.930997  0.201265 -0.280424   1.69567
 0.933213  0.206471 -0.268444   1.69865
 0.930351  0.206504 -0.275778   1.69404
 0.917677  0.219172 -0.297802   1.67448
 0.920778  0.209841 -0.299465   1.67978
 0.923077   0.21506 -0.288061   1.68292
0.919996 0.215014 -0.29518  1.67792
 0.923142   0.20558 -0.296876   1.68338
  0.92802  0.201463 -0.287493   1.69085
 0.925242  0.210836 -0.285451   1.68606
0.926012 0.205655 -0.29001  1.68798
 0.770202  0.312014 -0.349216   1.39664
 0.760478  0.309739 -0.347263   1.37438
0.764481 0.306531 -0.35443  1.38488
 0.764589  0.308592 -0.351222   1.38439
 0.772978  0.309085 -0.354409   1.40383
 0.767224  0.304101 -0.359103   1.39193
 0.772211  0.302222 -0.364103    1.4042
 0.769275  0.304872 -0.359208   1.39666
 0.786166  0.302608 -0.366753   1.43535
 0.777755  0.299277 -0.369768   1.41763
 0.782834  0.295078 -0.376364   1.43013
 0.780596  0.298906 -0.371195   1.42426
 0.793458  0.318347 -0.344143    1.4465
 0.782598  0.314682 -0.348922   1.42395
 0.789676  0.310398 -0.356013   1.44073
0.786628 0.314479 -0.35013  1.43307
 0.775901  0.310731 -0.354092    1.4106
 0.774765  0.303402 -0.364008   1.41008
0.783266 0.307114 -0.36104  1.42817
0.779346 0.306777 -0.35992  1.41912
 0.950457  0.203311 -0.210688   1.72387
 0.952945  0.193635 -0.214824   1.72851
 0.954302  0.197037 -0.201933   1.72959
 0.951938  0.197977 -0.208938   1.72571
0.950349 0.220223 -0.18677  1.72241
 0.942258  0.228726 -0.206006   1.70957
 0.948264  0.216525 -0.205685   1.72073
 0.946307  0.221356 -0.200478   1.71606
 0.952503  0.201029 -0.195239   1.72466
 0.949833  0.212501 -0.184836   1.71874
 0.948117  0.208842 -0.203546   1.71791
  0.95177   0.20629 -0.195591   1.72428
 0.887624  0.233478 -0.347729   1.62688
 0.886267  0.229887 -0.355643   1.62576
 0.889606  0.227435 -0.351821    1.6311
 0.888797  0.229534 -0.352449   1.63018
 0.891274   0.23333 -0.343082   1.63339
 0.892673    0.2273 -0.348459   1.63679
 0.896276  0.227066 -0.341705   1.64241
 0.892624  0.228879 -0.344809   1.63573
 0.887941   0.22226 -0.362186   1.62983
 0.885985  0.226985 -0.361361   1.62646
 0.884864  0.223971 -0.366219   1.62495
 0.886312  0.224126 -0.363499    1.6272
 0.887147  0.218147 -0.370572   1.63032
 0.883769  0.221169 -0.370662   1.62349
 0.884157  0.220025 -0.374458   1.62566
 0.884493  0.219152 -0.372285   1.62527
 0.893288  0.214085 -0.362561   1.63996
 0.889794  0.217378 -0.362589   1.63285
 0.890219  0.216147 -0.366628   1.63515
0.890571 0.215197 -0.36435  1.63476
 0.888229  0.219381 -0.363998    1.6304
 0.885204  0.221211 -0.368076    1.6257
 0.88753 0.217221 -0.36838  1.63002
 0.886807  0.219312 -0.366714   1.62825
  0.90043   0.21411 -0.344315   1.64922
 0.898568  0.219525 -0.342945   1.64595
 0.897276  0.216218 -0.348797   1.64424
 0.898927  0.216296 -0.345619   1.64686
 0.899555  0.209685 -0.354161   1.64985
 0.895985  0.213187 -0.354063    1.6425
 0.896374   0.21192 -0.358419    1.6448
 0.896783  0.210886 -0.356008   1.64451
0.905848 0.205114 -0.34533  1.65979
 0.902181  0.208769 -0.345183   1.65217
 0.902626  0.207399 -0.349813   1.65465
0.903037 0.206328 -0.34726  1.65433
 0.900758  0.210983 -0.346571      1.65
 0.897647  0.213139 -0.351084   1.64515
 0.899959  0.208618 -0.351651   1.64951
  0.89916  0.210956 -0.349707   1.64751
 0.890634  0.224853 -0.354642   1.63379
   0.8875  0.226938 -0.358544   1.62881
 0.889515  0.222316 -0.359456   1.63236
 0.889115  0.224901 -0.357318   1.63137
 0.894488  0.215327 -0.355425   1.64018
 0.891333  0.217396 -0.359801   1.63525
 0.893683  0.213084 -0.360217   1.63965
 0.892905  0.215316 -0.358388   1.63772
 0.897339  0.222248 -0.344503    1.6445
 0.893609  0.223495 -0.350335   1.63852
 0.895805  0.218299 -0.350234     1.642
 0.895599  0.221687 -0.348469   1.64183
0.892552 0.223069 -0.35333  1.63713
 0.891257  0.220234 -0.358034   1.63517
 0.89439 0.218182 -0.35344  1.63996
 0.892753  0.220291 -0.355019   1.63743
 0.753254  0.274169 -0.387551   1.36588
 0.748832  0.272288 -0.386548   1.35553
 0.751479  0.270295 -0.391241   1.36278
 0.750823  0.272043 -0.388691   1.36068
 0.761613   0.27322 -0.395283   1.38712
 0.763588  0.279973 -0.388119   1.38988
 0.758667  0.276462 -0.389053   1.37877
 0.760134  0.276321 -0.390524   1.38259
 0.753001  0.270097 -0.393616   1.36714
 0.757719  0.270666 -0.396737   1.37886
 0.755049  0.273947 -0.390373   1.37103
 0.754766  0.271623 -0.393072   1.37107
 0.772827  0.273137 -0.400989   1.41375
 0.765278  0.269863 -0.401675    1.3971
  0.77006  0.265897 -0.408251   1.40935
 0.768201  0.269602 -0.403863   1.40435
 0.779007  0.287863 -0.385006   1.42371
 0.770999  0.284993 -0.386392   1.40642
 0.775917  0.280538 -0.393252   1.41879
 0.774007  0.284438 -0.388436   1.41365
 0.765888  0.280776 -0.389535   1.39579
 0.763656  0.273629 -0.396847   1.39242
 0.771069  0.276951 -0.396362   1.40893
 0.768003  0.277181 -0.394044    1.4013
 0.773266  0.341327 -0.303327    1.3951
 0.771294  0.345328 -0.293244   1.38863
 0.769002  0.340476 -0.302481   1.38538
 0.771163  0.341884 -0.300528   1.38977
 0.768167  0.331497 -0.317301   1.38598
 0.777292  0.333232 -0.318987   1.40677
 0.773729   0.33722 -0.310985   1.39748
 0.773354  0.334751 -0.314937   1.39732
 0.766696  0.336741 -0.305502   1.38017
 0.764724  0.331991 -0.312904    1.3771
 0.771917  0.337212 -0.308585   1.39263
 0.769286  0.335468 -0.308825   1.38642
 0.764668  0.321204 -0.333144   1.38128
 0.762192  0.325033 -0.324733   1.37395
 0.760244   0.32011 -0.332283   1.37118
 0.762555  0.321702 -0.330608   1.37593
 0.760612  0.311876 -0.344188   1.37406
     0.77  0.314397 -0.345729   1.39553
0.765787 0.317543 -0.33921   1.3849
 0.765982  0.315339 -0.342207    1.3858
 0.75861 0.316651 -0.33437  1.36731
 0.756896  0.312073 -0.340145   1.36454
 0.763754  0.317165 -0.337199   1.37954
 0.761025  0.315305 -0.337251   1.37308
 0.790275   0.32283 -0.337681   1.43856
 0.782337  0.327503 -0.329701   1.41993
 0.779358  0.318783 -0.342488   1.41575
 0.785958  0.323066 -0.336509   1.42884
 0.776851  0.330209 -0.323808   1.40666
 0.767449  0.328661 -0.321385   1.38505
 0.769597  0.324416 -0.330319   1.39174
  0.77102  0.326892 -0.325739   1.39372
 0.779212  0.326377 -0.330129    1.4129
0.771943 0.321331 -0.33618  1.39804
 0.776426  0.317907 -0.342584   1.40912
 0.773714  0.321238 -0.336531   1.40197
 0.863523  0.241864 -0.381757   1.58914
 0.862535  0.238986 -0.387801    1.5886
 0.865572  0.237787 -0.384787   1.59362
 0.864626  0.239031 -0.385361   1.59221
 0.866893  0.241999 -0.378062   1.59513
 0.868387  0.237891 -0.382088   1.59879
  0.87163  0.237946 -0.376926   1.60386
 0.868238  0.239103 -0.379354   1.59766
 0.864396  0.233618 -0.392528   1.59301
 0.862493  0.236783 -0.392089   1.58963
 0.861627  0.234588 -0.395708   1.58858
 0.862809  0.234794 -0.393635   1.59036
 0.863856  0.230486 -0.398959   1.59378
  0.86078  0.232469 -0.399112   1.58759
 0.860867  0.231692 -0.402033    1.5889
 0.861363  0.231041 -0.400382   1.58905
 0.869476  0.227971 -0.392462   1.60264
 0.866263  0.230219 -0.392627   1.59617
 0.866422  0.229344 -0.395712   1.59768
  0.86689  0.228646 -0.393977   1.59773
 0.864683   0.23153 -0.393843   1.59359
 0.861941  0.232607 -0.397065   1.58928
 0.864109  0.229887 -0.397122   1.59332
0.863492  0.23139 -0.39591  1.59183
 0.875874  0.228725 -0.378231   1.61101
 0.873896  0.232638 -0.377686   1.60756
 0.872934  0.230036 -0.381833   1.60633
0.874215 0.230231 -0.37947  1.60827
 0.875218  0.225089 -0.385537   1.61164
 0.871985  0.227577 -0.385689   1.60513
  0.87224  0.226615 -0.389002    1.6069
 0.872635  0.225872 -0.387108   1.60673
 0.881102  0.221822 -0.378237   1.62084
 0.877781  0.224577 -0.378391   1.61415
 0.878167  0.223495 -0.381929   1.61626
  0.87849  0.222703 -0.379889   1.61588
 0.876158  0.226234 -0.379741   1.61155
 0.873262  0.227671 -0.383404   1.60704
 0.875555  0.224317 -0.383555    1.6113
 0.874886  0.226113 -0.382122   1.60968
 0.866504  0.235799 -0.386905   1.59598
 0.863625  0.236881 -0.389985   1.59128
 0.865645  0.233781 -0.390445   1.59494
 0.865263  0.235698 -0.388922   1.59404
 0.870383  0.229048 -0.386932   1.60252
 0.867485  0.230345 -0.390443   1.59797
 0.869756  0.227287 -0.390531    1.6022
0.869096  0.22894 -0.38919  1.60059
 0.872488  0.234468 -0.379015   1.60555
0.869163 0.235109 -0.38347   1.6002
0.871331 0.231422 -0.38313  1.60372
 0.871129  0.233957 -0.381906   1.60355
 0.868367  0.234649 -0.385744   1.59925
 0.867377  0.232441 -0.389198   1.59782
 0.870252  0.231184 -0.385546   1.60226
 0.868584  0.232596 -0.386924   1.59958
 0.833692  0.246379 -0.418199   1.54235
 0.829765  0.245307 -0.422709   1.53587
 0.833199  0.244137 -0.422231   1.54241
  0.83245  0.245399 -0.421104   1.54075
 0.836859  0.241884 -0.421144   1.54881
 0.834696  0.241943 -0.423087   1.54516
   0.8364  0.240519 -0.423543   1.54848
 0.835937  0.241637 -0.422448   1.54736
 0.839984   0.23864 -0.421432   1.55451
 0.837866  0.238887 -0.423667   1.55112
 0.839652  0.237438 -0.423745   1.55456
 0.839073  0.238379 -0.422872   1.55316
 0.841292  0.242084 -0.416089   1.55598
 0.838807  0.241976 -0.418974   1.55196
 0.840569  0.240182 -0.418919   1.55508
 0.840246  0.241624 -0.418006   1.55445
 0.838201  0.241525 -0.420484   1.55122
 0.837641   0.24008 -0.422818   1.55062
  0.83973  0.239867 -0.420499   1.55392
 0.838514  0.240354 -0.421335   1.55188
 0.842611  0.246279 -0.408005   1.55663
 0.838464   0.24615 -0.412869   1.54997
 0.841874  0.244182 -0.412576   1.55639
 0.841144  0.245598 -0.411189   1.55469
   0.8343  0.245445 -0.417375    1.5428
 0.833742  0.243203 -0.421578   1.54284
  0.83604  0.243093 -0.419623   1.54673
 0.835324  0.243592 -0.419949   1.54558
 0.836782  0.246032 -0.414895   1.54715
 0.838036   0.24356 -0.417856   1.55034
 0.840506  0.244127 -0.414558   1.55428
 0.837985  0.244453 -0.416061   1.54967
 0.882492  0.249725 -0.338703   1.61702
 0.887722  0.241274 -0.339044   1.62635
 0.889346  0.248074 -0.327721   1.62798
 0.886616  0.246871 -0.335044   1.62409
 0.883452  0.263579 -0.316164    1.6154
0.890013 0.255009 -0.31521   1.6272
0.890795 0.264035 -0.30092  1.62693
0.888468 0.261216 -0.31129  1.62432
 0.870381  0.264686 -0.338238   1.59454
 0.876797  0.257479 -0.338908   1.60679
 0.877235  0.263584 -0.328014   1.60568
  0.87495  0.262296 -0.334509   1.60256
 0.881503  0.254834 -0.335021   1.61507
 0.888239   0.25333 -0.323332   1.62556
 0.882279  0.261281 -0.323929   1.61485
 0.883731   0.25617 -0.327686   1.61783
0.820196 0.239031 -0.43514  1.52001
 0.818442  0.235205 -0.438531   1.51701
 0.821512  0.236436 -0.437173   1.52292
 0.820657  0.236993 -0.437022   1.52133
 0.824524  0.238167 -0.435888   1.52889
 0.823608  0.236657 -0.437146   1.52721
 0.825268  0.237028 -0.436786   1.53049
 0.824653  0.237441 -0.436532   1.52927
 0.827146  0.237919 -0.435457   1.53391
0.826477   0.2372 -0.43657  1.53288
 0.827518   0.23726 -0.436812   1.53519
 0.827096    0.2375 -0.436202   1.53407
 0.826546  0.240282 -0.432691   1.53214
 0.825307  0.239298 -0.434452   1.53011
 0.826814  0.238975 -0.434249   1.53297
  0.82634  0.239616 -0.433809   1.53202
 0.825457  0.238571 -0.435283   1.53062
 0.826032  0.237492 -0.436291   1.53194
 0.826776   0.23841 -0.435064   1.53313
 0.825945  0.238094 -0.435606   1.53159
 0.825685  0.244084 -0.427394   1.52914
 0.822814  0.241845 -0.431157   1.52432
 0.825985  0.241808 -0.430525   1.53049
  0.82522  0.242701 -0.429757   1.52888
0.821033 0.239868 -0.43415  1.52136
 0.822223  0.237385 -0.436448   1.52421
  0.82337  0.239056 -0.435147   1.52638
 0.822457  0.238603 -0.435577   1.52461
 0.822703  0.241137 -0.432414   1.52442
 0.824603  0.239945 -0.433944   1.52868
 0.825796  0.241299 -0.431808   1.53054
 0.824068  0.240825 -0.432881   1.52729
 0.759686  0.303718 -0.357108   1.37503
 0.754898  0.306688 -0.350087   1.36288
 0.753443  0.301558 -0.356074   1.36071
 0.756618  0.303794 -0.354324   1.36733
 0.756707    0.2938 -0.367343   1.36998
 0.752346  0.296717 -0.361356   1.35911
 0.751263  0.292018 -0.366255   1.35748
 0.753995  0.294014 -0.364891   1.36322
  0.76835  0.299438 -0.367109   1.39646
 0.763494  0.301561 -0.361762   1.38441
 0.762306   0.29642 -0.367684   1.38285
0.765394 0.299144 -0.36508  1.38909
 0.760546  0.301169 -0.360383   1.37741
 0.755148  0.298807 -0.359853   1.36499
 0.759383  0.296016 -0.365718    1.3756
 0.757779  0.298727 -0.362166   1.37155
0.753462 0.284696 -0.37617  1.36425
 0.749891  0.287089 -0.370811   1.35506
   0.7491  0.282574 -0.375581   1.35415
 0.751544  0.284603 -0.374249   1.35927
 0.752043  0.276285 -0.384629   1.36259
 0.748492  0.278667 -0.379795   1.35362
  0.74742  0.274552 -0.383882   1.35204
 0.749945  0.276409 -0.382696    1.3573
 0.761988  0.283522 -0.383313    1.3853
 0.757125  0.283968 -0.379311   1.37321
 0.757093  0.279524 -0.384573   1.37424
 0.759222  0.282107 -0.382017   1.37829
 0.754402  0.282695 -0.378702   1.36676
 0.750591    0.2804 -0.378683   1.35801
 0.754207  0.278241 -0.383315   1.36711
  0.75241  0.280619 -0.380097   1.36258
0.777519 0.291706 -0.38009  1.41946
0.772422 0.295588 -0.37341  1.40675
 0.769516  0.288826 -0.381197   1.40203
 0.774308  0.292265 -0.377802   1.41169
 0.758105  0.291256 -0.370616   1.37356
 0.752755  0.289415 -0.369261   1.36107
0.755899 0.286933 -0.37483  1.36947
0.755299 0.288959 -0.37196  1.36752
 0.766953  0.288846 -0.379283   1.39562
 0.769691  0.295494 -0.371908   1.40016
 0.763988  0.292868 -0.372427   1.38739
 0.765909  0.292237 -0.374395   1.39221
 0.757758  0.286385 -0.377681    1.3746
 0.762904  0.286417 -0.380994   1.38709
 0.760261  0.290459 -0.373965   1.37946
 0.759695  0.287908 -0.376999   1.37887
0.966477 0.161572 0.192771   1.7352
0.966473 0.161524 0.192848   1.7352
0.966459 0.161605 0.192837  1.73518
0.966466 0.161568 0.192819  1.73519
0.966504 0.161454 0.192723  1.73524
 0.96648  0.16148 0.192819   1.7352
0.966484 0.161543 0.192745  1.73521
0.966494  0.16149 0.192762  1.73523
0.966529 0.161234 0.192805  1.73528
0.966534  0.16134 0.192691  1.73529
0.966568 0.161196 0.192649  1.73534
0.966553 0.161254 0.192714  1.73532
0.966335 0.162058 0.193019  1.73499
0.966345 0.162091 0.192941    1.735
0.966357 0.162008 0.192953  1.73502
0.966352 0.162052 0.192971  1.73502
0.966296 0.162137 0.193142  1.73493
0.966302 0.162175 0.193081  1.73494
0.966314 0.162102 0.193083  1.73496
0.966308 0.162138 0.193102  1.73495
0.966379 0.161955  0.19289  1.73505
0.966392 0.161978 0.192811  1.73507
0.966401 0.161901 0.192832  1.73508
0.966397 0.161944 0.192844  1.73509
0.966262 0.162172 0.193282  1.73488
0.966257 0.162197 0.193284  1.73487
0.966264 0.162181 0.193265  1.73489
0.966259 0.162183 0.193277  1.73488
0.966375    0.162 0.192906  1.73505
0.966363 0.162085  0.19289  1.73504
0.966388 0.162025 0.192823  1.73507
0.966369 0.162037 0.192873  1.73504
0.966329 0.162099 0.193038  1.73498
0.966315 0.162179 0.193035  1.73496
0.966338 0.162137 0.192962    1.735
0.966323 0.162138 0.193011  1.73497
0.966968 0.159021 0.192748  1.73598
0.967144 0.158824 0.192103  1.73625
0.967106 0.158305 0.192711   1.7362
0.967029 0.158716 0.192522  1.73604
 0.96627 0.162213 0.193203  1.73489
0.966281 0.162163 0.193194  1.73491
 0.96627 0.162178 0.193236  1.73489
0.966275 0.162185 0.193211   1.7349
0.967275 0.157406 0.192663  1.73647
 0.96755 0.157095 0.191651  1.73689
0.967485 0.156281 0.192597   1.7368
0.967369 0.156927 0.192305  1.73655
0.968176 0.154364 0.190894  1.73788
0.968063 0.153077 0.192369  1.73772
0.967743 0.154862 0.192505  1.73721
0.967889   0.1541 0.191925  1.73734
0.91853 0.25133 0.23334 1.65567
 0.91764 0.248226 0.235911  1.65344
0.916761 0.252515 0.233298  1.65184
0.917806 0.250699 0.234266  1.65406
0.916592 0.260047  0.22775  1.65209
0.915754 0.256887 0.230555  1.64997
0.914815 0.261252 0.227738  1.64828
0.915883  0.25941 0.228778  1.65053
 0.92091 0.256416 0.226106  1.66062
0.919615 0.254018 0.230074  1.65803
0.918717 0.258392 0.227209  1.65641
0.920095 0.256325 0.227904  1.65922
0.918873 0.253745 0.231374   1.6566
0.916891 0.255054 0.231566  1.65239
0.917951 0.258124 0.228552  1.65493
0.917595 0.255646 0.230579  1.65394
0.914566 0.269038 0.221742  1.64843
0.913772  0.26574 0.224795  1.64638
 0.91274 0.270283 0.221738  1.64454
0.913827  0.26838 0.222857   1.6468
0.912269 0.278375 0.214974  1.64422
0.911505  0.27497 0.218415  1.64224
0.910421  0.27965 0.214966  1.64031
 0.91154 0.277711  0.21622  1.64262
0.916998 0.274394 0.213211  1.65353
0.915649 0.271894 0.217866  1.65082
0.914596 0.276586 0.214384  1.64893
0.916127 0.274369 0.215257  1.65203
0.914872 0.271641 0.219372  1.64933
0.912746 0.273039 0.219634  1.64486
0.913791  0.27634 0.215957  1.64739
 0.91347 0.273641 0.218435  1.64642
0.922537 0.262329 0.215483  1.66321
0.921629 0.259188 0.221597  1.66181
0.920395 0.263178 0.219131  1.65949
0.921403 0.261656 0.219155  1.66137
0.922939 0.265521 0.212943  1.66454
0.920523 0.265538 0.216995  1.65999
0.920182  0.27115  0.21255  1.65978
0.921656 0.267274 0.214397   1.6625
 0.91693 0.262584 0.225643  1.65306
0.914917 0.263869 0.225866  1.64879
0.915957 0.267102 0.222633  1.65133
0.915618 0.264498 0.224803  1.65033
0.918938 0.267087 0.217985  1.65702
 0.91701 0.269813 0.218715  1.65357
0.918558 0.272007 0.213816  1.65659
0.917651 0.269407 0.217046  1.65449
0.921493 0.258725 0.223989  1.66207
0.919231  0.26072 0.225063  1.65771
0.920309 0.263097 0.221476  1.65993
0.920059 0.260989 0.223472  1.65926
0.917696 0.262946 0.224307  1.65458
0.916749  0.26746 0.221278  1.65292
0.918811 0.265333 0.220693   1.6569
0.918082 0.265335 0.222083   1.6556
0.969207 0.146337 0.190614  1.73934
0.969408 0.148825  0.18818  1.73966
0.970166 0.145322 0.186753  1.74084
0.969798 0.146841 0.188559  1.74044
0.966269 0.152658  0.20088  1.73514
0.966951 0.150217 0.199451  1.73616
0.966253 0.150021 0.202758  1.73522
0.966304 0.150957 0.200968  1.73503
0.970592 0.136744  0.18885  1.74138
0.970998 0.140766 0.184832  1.74204
 0.97205 0.134285 0.182677  1.74357
0.971581 0.137388   0.1856  1.74326
0.967199 0.159186 0.191331  1.73629
 0.96715 0.159826 0.191044  1.73622
0.967336 0.159303 0.190586   1.7365
0.967268 0.159436 0.190987  1.73643
0.971258 0.133431 0.190645  1.74305
0.973233 0.129978 0.184512   1.7464
0.972433 0.125618 0.191572  1.74541
0.971856  0.12945 0.188828   1.7438
0.966655 0.157308 0.195685  1.73556
0.966354 0.157365 0.197024  1.73513
0.966369 0.158303 0.196184  1.73512
0.966401 0.157656 0.196288  1.73513
 0.979347 0.0998185  0.172192   1.75793
0.979699 0.109813 0.166657  1.75812
 0.981483 0.0994152   0.16068   1.76145
0.980686 0.102726 0.166568  1.76038
 0.983585 0.0706556  0.159138   1.76682
 0.983966 0.0873208  0.151951   1.76648
 0.986395 0.0732812  0.138744   1.77119
 0.984959 0.0768545  0.149818   1.76883
 0.975855 0.0841531  0.191033   1.75315
    0.978 0.0909322  0.180537   1.75614
 0.978561 0.0758754  0.178287   1.75747
 0.978407 0.0837661  0.183512   1.75789
 0.980232 0.0923222  0.173575   1.76037
  0.9826 0.090915 0.160084  1.76412
 0.981651 0.0773036  0.168718   1.76335
0.981096 0.087066 0.167493  1.76157
0.968655 0.155555 0.187121  1.73851
0.968323 0.155254 0.188992    1.738
0.968209 0.156826 0.188331  1.73783
0.968485 0.155872 0.188156  1.73833
0.924301 0.256506 0.222173  1.66744
0.925657 0.259072 0.216066  1.66968
0.926748 0.251305 0.221518  1.67139
0.924786 0.255606 0.220132  1.66771
0.927517 0.239568 0.233272  1.67323
0.928842 0.242271  0.22782  1.67543
0.929795 0.234789 0.232339  1.67689
0.927987  0.23885 0.231321  1.67351
0.920833 0.252063 0.230766  1.66051
0.922305 0.254223 0.226534  1.66336
0.922626 0.249579 0.230004  1.66374
0.921452  0.25176 0.229257  1.66142
 0.92279 0.243403 0.236113   1.6642
0.923846 0.245728 0.232965  1.66634
  0.9249 0.241554 0.235058  1.66825
0.923573 0.243705 0.234678  1.66565
0.918734 0.246421 0.236857  1.65578
0.919798 0.249471 0.234112  1.65833
0.920642 0.245166 0.236686  1.65985
0.919424 0.247026 0.235953   1.6573
0.920544 0.249837 0.232934  1.65982
0.922463 0.247858 0.232346  1.66354
 0.92137 0.245539 0.235502  1.66129
0.921772 0.247814 0.233598  1.66231
0.925991 0.245299 0.227506  1.66952
0.925057  0.24209 0.232911  1.66805
0.923956 0.245911 0.230841  1.66598
0.924913 0.244477 0.230815  1.66777
0.926387 0.248321 0.225375  1.67079
0.924124 0.248178 0.229015  1.66655
0.923839 0.253466 0.225364  1.66637
0.925147  0.24989 0.226781   1.6688
0.977751  0.11111 0.179513  1.75533
0.979523 0.112006 0.171442  1.75845
0.979137  0.10347 0.176854   1.7582
0.978471 0.108782 0.176245  1.75651
0.975391 0.101685 0.194126  1.75237
 0.977828 0.0965053  0.184816   1.75647
 0.976036 0.0910543  0.194485   1.75419
  0.97581 0.0963269  0.191257   1.75281
0.973735 0.118343  0.19268  1.74838
0.975554 0.114077 0.185966  1.75131
0.974364 0.110574 0.193491  1.74981
0.974025 0.114229  0.19073  1.74851
0.976521 0.110252  0.18402  1.75314
0.977407 0.101908 0.182725  1.75499
0.975109 0.105916 0.191386  1.75108
0.976773 0.106077  0.18603  1.75408
0.966379 0.161802 0.193049  1.73506
0.966371 0.161875 0.193034  1.73505
0.966395 0.161819 0.192966  1.73508
0.966375 0.161833  0.19302  1.73505
0.966336 0.161864 0.193162  1.73499
0.966348 0.161888 0.193085    1.735
0.966356 0.161812   0.1931  1.73501
0.966353 0.161852 0.193115  1.73502
0.966764 0.159574 0.193092  1.73564
0.966629 0.159859  0.19349  1.73544
0.966691 0.160037 0.193051  1.73553
0.966724 0.159823 0.193207  1.73561
0.966488 0.161072 0.193137  1.73522
0.966515 0.161142 0.192956  1.73526
0.966546 0.160949 0.192973  1.73531
0.966528 0.161055  0.19302  1.73529
0.966991 0.156365 0.194903  1.73608
0.967351 0.155529 0.193849  1.73662
 0.96713 0.154942 0.195383  1.73632
0.967067 0.155623   0.1947  1.73612
0.966664 0.157685   0.1951  1.73552
0.966413 0.158527 0.195604  1.73514
0.966614 0.158535 0.194654  1.73543
0.966616 0.158244 0.195115  1.73549
0.966778 0.160607 0.192252  1.73567
0.966845 0.160644 0.191908  1.73578
0.966873 0.160283 0.192096  1.73582
0.966811 0.160512 0.192085  1.73571
0.966212 0.162283 0.193409  1.73481
0.966188 0.162386 0.193432  1.73477
0.966215 0.162347 0.193339  1.73481
0.966202 0.162338 0.193393  1.73479
 0.96629 0.162167 0.193161  1.73492
0.966276 0.162226 0.193171   1.7349
0.966294 0.162209 0.193106  1.73493
0.966284 0.162201 0.193146  1.73491
0.966357 0.147924 0.202875  1.73524
0.967109 0.148424 0.199161  1.73626
0.967242 0.144776 0.200452  1.73647
0.967178 0.146979  0.20085  1.73665
0.966639 0.161074 0.192478  1.73546
0.966681 0.161099 0.192258  1.73552
  0.9667 0.160866 0.192377  1.73555
 0.96666 0.161014 0.192371  1.73548
0.966955 0.156897 0.194362  1.73596
0.967101 0.157358 0.193282  1.73616
0.967265 0.156223  0.19337  1.73641
0.967184 0.156813 0.193662  1.73636
 0.96655 0.161375 0.192618  1.73532
0.966577 0.161388 0.192483  1.73536
0.966589  0.16124 0.192558  1.73538
0.966564 0.161335 0.192552  1.73533
0.962397 0.155172 0.214482  1.72968
0.960547 0.159478 0.218297  1.72699
0.961792 0.160511 0.213354  1.72872
0.961333 0.158205 0.215379  1.72782
0.966509 0.161582  0.19262  1.73525
0.966519 0.161484 0.192665  1.73527
0.966494 0.161562 0.192702  1.73523
0.966503 0.161543 0.192663  1.73524
0.966248 0.162241 0.193282  1.73486
0.966238 0.162305 0.193273  1.73484
0.966256  0.16226 0.193229  1.73487
0.966246 0.162268 0.193261  1.73486
  0.9665 0.161627  0.19263  1.73524
0.966485 0.161602   0.1927  1.73521
 0.96648 0.161659 0.192676  1.73521
0.966489 0.161629  0.19267  1.73522
0.966726  0.16079 0.192244  1.73558
0.966703 0.161058 0.192127  1.73554
0.966781 0.160845 0.191938  1.73566
0.966753 0.160896 0.192102  1.73563
0.966467 0.161821 0.192582  1.73518
0.966463 0.161783 0.192639  1.73518
0.966449 0.161849 0.192651  1.73516
0.966466 0.161818 0.192624  1.73519
 0.96642 0.161849 0.192782  1.73511
0.966433 0.161857 0.192717  1.73513
0.966437 0.161802 0.192743  1.73514
0.966436 0.161836 0.192748  1.73514
0.966404 0.162045 0.192733   1.7351
0.966394 0.162141 0.192699  1.73508
0.966424 0.162055 0.192633  1.73513
  0.9664 0.162081 0.192689  1.73508
0.966449 0.161762 0.192716  1.73516
 0.96646 0.161754 0.192678  1.73517
0.966458 0.161731 0.192702  1.73517
 0.96646 0.161749 0.192699  1.73518
0.966486 0.161669 0.192614  1.73521
0.966472 0.161685 0.192663  1.73519
 0.96647 0.161728 0.192643  1.73519
0.966478 0.161696 0.192642   1.7352
0.966466  0.16172 0.192695  1.73518
0.966471 0.161735 0.192668   1.7352
0.966472 0.161701 0.192681  1.73519
0.966467 0.161718 0.192681  1.73518
0.929082 0.228877 0.237459  1.67515
0.928247 0.225577 0.242228  1.67389
0.927195 0.229263 0.240594  1.67192
 0.92809  0.22792 0.240471  1.67358
0.929452 0.231818 0.235675  1.67634
0.927351 0.231492 0.239046  1.67245
0.927086 0.236607 0.236005  1.67226
0.928281 0.233211 0.237091  1.67449
0.925634 0.224299 0.246933  1.66911
0.927585 0.222683 0.245734  1.67284
0.926444  0.22011 0.248887   1.6706
0.926846 0.222379 0.247297  1.67159
 0.92387 0.218392 0.251624  1.66504
0.925466 0.217279 0.251457  1.66847
0.924719 0.214144 0.253425   1.6666
0.924819 0.216584 0.252266  1.66705
0.922088 0.226903 0.247688  1.66171
0.923732 0.225746 0.247592  1.66525
0.922973  0.22266 0.249719  1.66336
0.923081 0.225093 0.248441  1.66383
0.924928 0.223904 0.248086  1.66775
0.925761 0.219673 0.250028  1.66928
0.923976 0.220847 0.250399   1.6655
0.924615 0.221498 0.249565  1.66689
0.922287 0.241165 0.237958  1.66295
0.924345 0.239335 0.236863   1.6669
0.923109 0.236921 0.240387  1.66445
0.923571 0.239172 0.238513  1.66558
 0.92034 0.235418 0.243285  1.65846
0.922056 0.234242  0.24328  1.66217
0.921204 0.231169 0.245538  1.66006
0.921359 0.233611 0.244125  1.66063
0.918556 0.243932 0.238464  1.65513
0.920288 0.242747 0.238487  1.65888
0.919423 0.239692 0.240916  1.65673
0.919595 0.242129 0.239382  1.65735
 0.92155 0.240871 0.239167  1.66153
0.922394 0.236607  0.24158  1.66308
0.920506 0.237886 0.241793  1.65906
0.921189 0.238476 0.240915  1.66055
0.927075  0.22894 0.242568  1.67223
0.928082 0.224894 0.244214  1.67406
0.926085 0.226532 0.245363  1.67024
0.926834 0.226936  0.24402  1.67162
0.923249 0.232407 0.243904  1.66469
0.924054 0.228156 0.246055  1.66614
0.922241 0.229363 0.246327  1.66228
0.922897 0.229989 0.245488  1.66372
0.925633 0.237259  0.23714  1.66943
0.925935  0.23274  0.24007  1.66981
 0.92424 0.235029  0.24093  1.66675
0.924839 0.234833 0.239505  1.66763
0.925784 0.230985 0.242129  1.66962
0.924752 0.228597 0.244941  1.66752
0.923964 0.232823  0.24281  1.66611
0.925122 0.230859 0.243307  1.66845
0.943079  0.14096  0.26117  1.70029
0.941813 0.140874 0.263076  1.69788
0.941955 0.145134 0.262283  1.69838
0.942068 0.142303 0.262197  1.69835
0.943808 0.148741 0.259229  1.70176
0.942346 0.149135 0.261214  1.69924
0.943043 0.152678 0.259424  1.70049
0.942896 0.150181 0.259956  1.70009
0.946403 0.142136 0.257224  1.70654
0.944658 0.141329 0.259139  1.70328
0.945098 0.145593 0.258623  1.70427
0.945335   0.1432 0.258353  1.70461
0.943624 0.142607 0.260219  1.70135
0.942518 0.146616 0.261322  1.69948
0.944119 0.146709 0.259503  1.70246
0.943498  0.14535 0.260364   1.7013
0.946536 0.155857 0.254591  1.70685
0.944283 0.156298 0.257391  1.70296
0.944462 0.160738 0.256696  1.70341
0.944823 0.157875 0.256409   1.7039
0.946215 0.158567 0.252681  1.70542
0.944266 0.162937 0.255301  1.70256
0.945204 0.166022 0.251372  1.70357
 0.94462 0.162645 0.253366  1.70252
0.950364 0.141293 0.251709  1.71307
0.948487 0.143217 0.254688  1.71031
0.948832 0.148499    0.253  1.71063
0.948802 0.144106 0.253226  1.71037
0.946333 0.150255 0.254431  1.70561
0.946347 0.144799  0.25594  1.70593
0.945088 0.147582 0.257371   1.7038
0.945644  0.14733 0.256218  1.70457
0.945718 0.152375  0.25498  1.70471
 0.94444 0.149177 0.257775  1.70263
0.943732 0.153417 0.257831  1.70147
0.944835  0.15139 0.257169  1.70354
0.940929 0.146568 0.263183  1.69639
0.941268 0.142731 0.263809    1.697
0.939963 0.147204 0.264657  1.69464
0.940631 0.145295 0.264074  1.69583
0.938685 0.155304 0.264259  1.69244
0.938714 0.151699 0.265188  1.69237
 0.93749 0.156322 0.265416  1.69012
0.938327 0.154243 0.265135  1.69175
0.941984 0.154206 0.260364  1.69857
0.941399 0.150568 0.262016  1.69747
0.940317 0.154694 0.262494  1.69557
0.941438 0.153093 0.261723  1.69773
0.940861 0.149291 0.263093  1.69648
0.939445 0.149718 0.264757  1.69373
0.939776 0.153574 0.263613  1.69459
0.939781 0.150875 0.263864  1.69437
0.936751 0.164576 0.264248  1.68911
0.936385  0.16096 0.265396  1.68812
0.935286 0.165677 0.265184  1.68612
0.936216 0.163549 0.265096  1.68799
0.934638 0.173917  0.26348  1.68527
 0.93422 0.170354 0.264851  1.68419
0.933161 0.174927 0.264351  1.68224
0.934074 0.172899 0.264398  1.68409
0.938754 0.171401 0.259802  1.69305
0.937608 0.168143 0.262432  1.69094
0.936636 0.172736 0.261923  1.68918
0.937915 0.170645 0.261581  1.69172
0.936917 0.167318 0.263605  1.68967
0.935179 0.168325 0.264781  1.68613
0.935927  0.17199  0.26318   1.6879
0.935716 0.169253 0.263909  1.68723
0.942686 0.162355  0.25763  1.69988
0.942474 0.158079 0.258695  1.69945
0.941304 0.161864 0.259619  1.69754
0.942063 0.160795 0.258706  1.69876
 0.94113 0.170012  0.25639  1.69678
0.943154 0.169039 0.252734   1.6998
0.942354 0.165221 0.256186  1.69875
0.942421 0.167667 0.255445    1.699
0.941147 0.164607 0.259486   1.6975
0.941099 0.168803 0.258243  1.69738
0.942211 0.164542 0.257498  1.69896
0.941594  0.16568 0.258464   1.6982
0.938746 0.158075 0.263891  1.69282
0.937231  0.15892 0.265222  1.68979
0.937851 0.162715 0.263896  1.69133
 0.93764 0.159884 0.264366  1.69061
 0.93988 0.165019 0.260608  1.69505
0.938483 0.166423  0.26216  1.69261
0.939554 0.169478 0.259427  1.69444
0.938995 0.166727 0.260875  1.69331
0.942166  0.15664 0.260095  1.69917
0.940448  0.15713 0.262151  1.69606
0.941007 0.160601 0.260815  1.69721
0.940987 0.158281 0.261048  1.69699
0.939356 0.159054 0.262837  1.69399
0.938486 0.163698  0.26296  1.69259
0.939987 0.162445 0.261449  1.69531
0.939583 0.161704 0.262422   1.6947
0.969137 0.139374 0.193651  1.73904
0.968115 0.141941 0.197248  1.73757
0.968649 0.144087  0.19373  1.73835
0.968901 0.141653 0.194981  1.73897
0.931825 0.264849 0.190928  1.67969
0.935033 0.264027 0.180746   1.6848
0.935213 0.256918 0.189955  1.68491
0.933003 0.261754 0.187533  1.68069
0.935695 0.249042 0.205133  1.68726
0.937821 0.250211 0.197507  1.69071
0.939992 0.241697 0.202864  1.69456
0.937066 0.247536 0.201686  1.68912
0.927009 0.262055 0.208467  1.67177
0.929597 0.264254 0.200008  1.67641
0.931015 0.255976  0.20691  1.67884
0.928411 0.260875 0.205208  1.67382
0.930876  0.26241 0.196767    1.678
0.934549 0.255461 0.195594  1.68413
0.932247 0.254547 0.203589   1.6804
0.933312 0.257534 0.198625  1.68263
0.968301   0.1478 0.193745  1.73792
0.967625 0.149426 0.196154  1.73697
0.967968 0.150687 0.193668  1.73744
0.968156 0.149233 0.194538   1.7379
 0.96625 0.162158 0.193344  1.73486
0.966233 0.162208 0.193378  1.73484
0.966246 0.162206 0.193321  1.73486
0.966239  0.16219 0.193348  1.73484
0.966799 0.138415 0.207457  1.73644
0.967694 0.140018  0.20194  1.73741
0.968109 0.134862 0.202697  1.73812
0.967936  0.13745  0.20391  1.73823
0.966254 0.162054 0.193407  1.73487
0.966259 0.162098 0.193349  1.73488
0.966274 0.162031 0.193335   1.7349
0.966256 0.162061 0.193363  1.73487
0.968442 0.158278 0.186259  1.73825
0.968749 0.156414 0.186356  1.73873
0.968289 0.157502 0.187716  1.73801
0.968424 0.157409 0.186772  1.73816
0.967023 0.157837 0.193516  1.73609
0.966879 0.157485 0.194505  1.73589
0.966785 0.158379 0.194181  1.73573
 0.96684 0.157904 0.194064  1.73577
0.966295 0.161875 0.193344  1.73493
0.966293 0.161959 0.193302  1.73493
0.966316 0.161886 0.193253  1.73496
0.966295 0.161908 0.193299  1.73492
0.966802 0.159302  0.19329  1.73573
0.966708 0.159086  0.19392   1.7356
0.966647 0.159652 0.193711  1.73549
0.966684 0.159347  0.19364  1.73552
0.966657 0.160238 0.193144   1.7355
0.966596 0.160103 0.193544  1.73541
0.966555 0.160464 0.193412  1.73534
0.966581 0.160268 0.193367  1.73536
0.966389  0.16096 0.193729  1.73508
0.966465  0.16071 0.193605   1.7352
0.966388 0.160726 0.193939  1.73508
0.966402 0.160798 0.193758  1.73509
0.966245  0.16213 0.193365  1.73485
0.966235 0.162096 0.193431  1.73483
0.966224  0.16218 0.193413  1.73482
 0.96624 0.162136 0.193403  1.73485
0.966632  0.16041 0.193018  1.73544
0.966544 0.160596 0.193272  1.73531
0.966584 0.160709 0.192993  1.73537
0.966605 0.160572 0.193092  1.73541
0.966398 0.161641 0.193062  1.73508
0.966373 0.161658 0.193174  1.73504
0.966376 0.161725 0.193095  1.73505
0.966382 0.161675 0.193108  1.73506
 0.96645 0.161387  0.19305  1.73516
 0.96647 0.161425 0.192925  1.73519
 0.96649 0.161299 0.192941  1.73522
0.966477 0.161371  0.19297  1.73521
 0.96657 0.159215 0.194296  1.73536
0.966409 0.159752 0.194606  1.73511
0.966536 0.159753  0.19401   1.7353
0.966536 0.159572   0.1943  1.73533
0.966435 0.161462 0.193061  1.73514
0.966425 0.161568 0.193017  1.73512
0.966456 0.161489 0.192947  1.73517
0.966433 0.161504 0.193009  1.73513
0.966386 0.161306 0.193436  1.73507
0.966436 0.161147 0.193351  1.73515
0.966388  0.16115 0.193564  1.73507
0.966394   0.1612 0.193452  1.73508
0.966389 0.161674 0.193009  1.73505
0.966369  0.16175  0.19304  1.73502
0.966386 0.161767 0.192958  1.73505
0.966383 0.161731 0.193007  1.73505
0.966404 0.161589  0.19307  1.73509
0.966411  0.16149 0.193129   1.7351
0.966377 0.161596 0.193186  1.73505
0.966401 0.161559 0.193126  1.73509
 0.770275  0.125803 -0.466877   1.40825
 0.770331  0.123104 -0.465154   1.40686
 0.771972  0.123669 -0.464674   1.41013
 0.770573  0.123975 -0.465421   1.40769
0.770598 0.127029 -0.46719  1.40935
 0.772263  0.124811 -0.464423   1.41079
 0.774003  0.126978 -0.465432   1.41544
 0.772555  0.126208 -0.465517    1.4123
 0.764095  0.126939 -0.469397   1.39707
 0.766423  0.127631 -0.469635   1.40221
 0.763706   0.12917 -0.471247    1.3978
 0.764448  0.127911 -0.470031   1.39838
 0.767491  0.121047 -0.464815   1.40036
 0.768958  0.121888 -0.464843   1.40359
 0.767183  0.122832 -0.465803   1.40062
 0.767795  0.122104 -0.465152   1.40138
 0.764323  0.123165 -0.466988   1.39541
 0.765743  0.123745 -0.466809   1.39837
 0.764158  0.124942 -0.467993   1.39599
 0.764617  0.124036 -0.467252   1.39634
0.764325 0.119954 -0.46529  1.39386
0.766021 0.120368  -0.4651  1.39735
 0.764411   0.12148 -0.466154   1.39481
 0.764853  0.120673 -0.465579   1.39525
 0.766277  0.121276 -0.465284   1.39815
 0.766069  0.122953 -0.466195   1.39855
 0.764684  0.122346 -0.466381   1.39566
 0.765818  0.122075 -0.465928   1.39771
 0.767589  0.127153 -0.468566   1.40389
 0.764747   0.12636 -0.468509   1.39778
 0.766374  0.124992 -0.467176   1.40013
 0.766433  0.126048 -0.467848   1.40084
 0.769479  0.126145 -0.467409   1.40696
 0.767789  0.124233 -0.466383   1.40247
 0.769646  0.123304 -0.465546   1.40569
 0.768743  0.124135 -0.466198   1.40434
 0.777441  0.143887 -0.473962   1.43095
 0.780085  0.147172 -0.471602   1.43571
 0.776669  0.147851 -0.476141   1.43146
 0.777063  0.146054 -0.473823   1.43051
  0.75902  0.130418 -0.472392   1.38899
 0.760923  0.130803 -0.473087   1.39345
 0.758867  0.132403 -0.474057   1.39007
0.759391 0.131218 -0.47309  1.39034
 0.754981  0.133943 -0.474345    1.3825
 0.756673  0.134126 -0.475248    1.3866
    0.755  0.135756 -0.475953   1.38389
 0.755359   0.13462 -0.475093   1.38388
 0.756663  0.129232 -0.471108   1.38309
 0.757934    0.1296 -0.471665   1.38613
 0.756667  0.130512 -0.471986   1.38387
 0.757013  0.129922 -0.471585   1.38423
 0.754626   0.13122 -0.471952   1.37975
 0.755742  0.131394 -0.472381   1.38236
 0.754732  0.132502 -0.472957   1.38084
  0.75497  0.131762 -0.472424   1.38086
 0.754196  0.128982 -0.470574   1.37761
 0.755512  0.129007 -0.470804   1.38048
 0.754483  0.130028 -0.471227   1.37879
 0.754662  0.129393 -0.470906   1.37885
 0.755812  0.129534 -0.471133   1.38139
 0.755884  0.130731 -0.471965   1.38228
 0.754789  0.130544 -0.471573   1.37973
 0.755585   0.13018 -0.471533   1.38129
 0.757203  0.133539 -0.474497   1.38711
  0.75523  0.133337 -0.473711    1.3825
  0.75627  0.132113 -0.473009   1.38398
 0.756331  0.132908 -0.473515   1.38457
 0.758317  0.132579 -0.473869   1.38884
 0.757156   0.13138 -0.472592   1.38542
 0.758503  0.130508 -0.472358    1.3879
 0.757744   0.13125 -0.472783   1.38673
  0.77275  0.159609 -0.479484    1.4279
 0.772533  0.158229 -0.480235   1.42763
 0.773681  0.158668 -0.479081   1.42936
 0.773342  0.158854 -0.479663   1.42907
 0.779069  0.133134 -0.465524   1.42724
 0.778651  0.129726 -0.464231   1.42497
 0.781367   0.13133 -0.462401   1.42991
 0.779246   0.13137 -0.463988   1.42638
 0.781105  0.138422 -0.465591   1.43256
 0.777576  0.139527 -0.470795   1.42847
 0.778582  0.136074 -0.467591   1.42799
 0.778174  0.137613 -0.467796   1.42756
 0.781749  0.133387 -0.461932   1.43082
 0.782532  0.137541 -0.463432   1.43412
 0.779507  0.135199 -0.465603   1.42859
 0.781744   0.13537 -0.463694    1.4322
 0.747903  0.143572 -0.478213   1.37224
 0.746317  0.143468 -0.476629   1.36796
 0.746974   0.14243 -0.476251   1.36885
 0.747029  0.143063 -0.476738    1.3694
 0.748515  0.142753 -0.477835   1.37309
 0.747458  0.141841 -0.476008   1.36957
  0.74835  0.141047 -0.476223   1.37138
 0.747896  0.141679 -0.476459   1.37073
 0.745092  0.142128 -0.474091   1.36355
 0.745418  0.143084 -0.475263   1.36516
 0.744499  0.142902 -0.474104    1.3625
 0.744991   0.14261 -0.474373   1.36362
 0.743072  0.142303 -0.472646   1.35854
 0.743594  0.142847 -0.473256    1.3601
0.742498 0.143077 -0.47263  1.35751
 0.743199  0.142621 -0.472814   1.35897
 0.744209  0.140706 -0.472657   1.36057
 0.744761   0.14127 -0.473278   1.36219
0.743631 0.141509 -0.47266  1.35954
 0.744352  0.141037 -0.472838   1.36103
 0.744706  0.141728 -0.473474   1.36229
 0.744119  0.142515 -0.473468   1.36124
 0.743774  0.141836 -0.472833      1.36
 0.744174   0.14206 -0.473276   1.36114
 0.747587  0.138835 -0.473841   1.36787
  0.74791   0.13983 -0.474935   1.36942
 0.746928  0.139668 -0.473921   1.36673
 0.747487   0.13935 -0.474129   1.36795
 0.745404  0.139037 -0.472584   1.36264
 0.745966  0.139626 -0.473196   1.36429
  0.74478  0.139879 -0.472628   1.36156
 0.745551  0.139384 -0.472781   1.36313
 0.746691  0.137292 -0.472437   1.36486
 0.747259  0.137911 -0.473073   1.36654
 0.746001  0.138159 -0.472522   1.36366
 0.746831  0.137646 -0.472657   1.36535
 0.747199  0.138412 -0.473289   1.36664
 0.746547  0.139267 -0.473355   1.36551
 0.746176  0.138528 -0.472738   1.36422
0.746598  0.13877 -0.47315  1.36539
  0.74642  0.141882 -0.475243   1.36696
0.745799 0.142831  -0.4755  1.36604
 0.745547  0.141821 -0.474256   1.36453
 0.745928  0.142213 -0.475012   1.36587
 0.745913  0.140109 -0.473393    1.3644
 0.745291  0.140939 -0.473435   1.36331
 0.744937  0.140225 -0.472822   1.36206
 0.745346  0.140461 -0.473237   1.36321
 0.747799  0.140353 -0.475305   1.36953
 0.746976  0.141154 -0.475202   1.36793
 0.746801  0.140161 -0.474209   1.36675
 0.747169  0.140665 -0.474905   1.36804
  0.74648  0.141355 -0.474894   1.36676
 0.745615  0.141289 -0.473967   1.36438
 0.746236  0.140447 -0.473919   1.36546
 0.746147  0.140956 -0.474208   1.36556
0.746211 0.144019  -0.4772  1.36822
 0.747592  0.144139 -0.478921   1.37218
 0.746404  0.145638 -0.479027   1.37012
 0.746622  0.144601 -0.478259   1.36986
 0.743868  0.147147 -0.477459   1.36423
 0.745209  0.147297 -0.479341   1.36821
 0.744094  0.148777 -0.479349   1.36625
0.744292  0.14774 -0.47859  1.36595
 0.744372  0.143368 -0.474389   1.36252
 0.745309  0.143591 -0.475633   1.36528
 0.744545  0.144338 -0.475452   1.36375
0.744742 0.143872 -0.47516  1.36387
 0.743187  0.144935 -0.474328   1.36037
 0.744026  0.145023 -0.475439   1.36282
 0.743439  0.145948 -0.475663   1.36195
0.743574 0.145337 -0.47516  1.36177
 0.742624   0.14339 -0.472798   1.35793
 0.743535  0.143295 -0.473445   1.36019
 0.742946  0.144068 -0.473441   1.35913
 0.743016  0.143621 -0.473245   1.35906
 0.743856  0.143627 -0.474033   1.36128
 0.744097  0.144514 -0.475081   1.36263
 0.743271  0.144421 -0.474032   1.36025
  0.74376  0.144112 -0.474323   1.36137
 0.745502  0.146724 -0.478626   1.36823
 0.743967  0.146591 -0.476882   1.36394
 0.744591  0.145578 -0.476542   1.36479
 0.744632  0.146198 -0.477042   1.36532
 0.746033  0.145926 -0.478295   1.36893
 0.745017  0.145014 -0.476325   1.36541
  0.74584  0.144265 -0.476626   1.36713
 0.745413  0.144871 -0.476838   1.36652
 0.785929  0.162812 -0.454704   1.44148
  0.7819 0.167076  -0.4579   1.4358
0.782852 0.162971 -0.46032  1.43822
 0.782848  0.164323 -0.457121   1.43669
  0.74166  0.150337 -0.477539   1.36043
 0.743001  0.150469 -0.479561    1.3645
  0.74196  0.152007 -0.479458   1.36264
0.742104 0.150929 -0.47872  1.36223
 0.739619  0.153755 -0.477388    1.3569
 0.740975  0.153829 -0.479528   1.36107
 0.740023  0.155475 -0.479303   1.35934
 0.740089  0.154336 -0.478602   1.35877
 0.739745  0.149671 -0.474302    1.3543
 0.740715  0.149912 -0.475732   1.35725
 0.739982  0.150709 -0.475449   1.35574
 0.740153  0.150206 -0.475165    1.3558
 0.738631  0.151411 -0.474066   1.35224
 0.739518  0.151464 -0.475354   1.35489
 0.739011  0.152491 -0.475488   1.35416
 0.739075  0.151813 -0.474993   1.35383
 0.737865  0.149716 -0.472407   1.34927
0.738858 0.149598 -0.47319  1.35176
 0.738285  0.150468 -0.473113   1.35073
 0.738312  0.149961 -0.472925   1.35056
  0.73922  0.149948 -0.473862     1.353
 0.73954 0.150903   -0.475  1.35459
0.738659 0.150833 -0.47378  1.35199
 0.739161  0.150486 -0.474151   1.35318
 0.741144  0.153178 -0.478829   1.36081
0.739595 0.153116 -0.47683  1.35636
 0.740129  0.152017 -0.476578   1.35704
 0.740207  0.152669 -0.477083   1.35767
 0.741582  0.152342 -0.478563   1.36135
 0.740502   0.15142 -0.476398   1.35756
 0.741284  0.150618 -0.476826   1.35926
 0.740906  0.151257 -0.476996   1.35874
 0.791681  0.178269 -0.448786   1.45404
 0.796003  0.185293 -0.452833   1.46694
 0.790739  0.188017 -0.457687   1.45907
 0.793352  0.184861 -0.453582   1.46168
 0.789706  0.176301 -0.449748   1.44989
0.785883 0.181153 -0.45771  1.44743
 0.787435  0.174478 -0.451756   1.44578
 0.787047   0.17697 -0.452043   1.44571
 0.788077  0.169945 -0.445737   1.44271
 0.785605  0.169828 -0.449075   1.43929
 0.786678   0.16412 -0.447894   1.43955
    0.788  0.168328 -0.447566   1.44317
 0.789307  0.188024 -0.459723   1.45722
 0.785349  0.184656 -0.459832   1.44828
 0.789538  0.179271 -0.451105   1.45099
 0.789365  0.184274 -0.456858   1.45496
 0.737864  0.157466 -0.476921   1.35383
 0.739218  0.157452 -0.479214   1.35807
 0.738408   0.15922 -0.478813   1.35655
0.738361 0.158018 -0.47817  1.35578
 0.736484  0.161494 -0.476052   1.35135
0.737821 0.161385  -0.4785  1.35563
 0.737177  0.163276 -0.477909   1.35437
 0.737006  0.162012 -0.477334   1.35336
 0.735723  0.157041 -0.473269   1.34702
 0.736777  0.157168 -0.474876   1.35023
 0.736158  0.158134 -0.474412   1.34888
 0.736199  0.157553 -0.474189   1.34869
 0.734932  0.159125 -0.472654   1.34547
 0.735859  0.159042 -0.474161   1.34831
 0.735566  0.160216 -0.474102   1.34794
 0.735457  0.159463 -0.473674   1.34727
 0.733704  0.157344 -0.470972   1.34151
 0.734768  0.157098 -0.471956   1.34424
0.734346 0.158142  -0.4717  1.34345
0.734226 0.157551 -0.47157    1.343
 0.735206  0.157404 -0.472707   1.34568
 0.735738  0.158404 -0.473863   1.34773
 0.734796  0.158459 -0.472438   1.34491
 0.735289  0.158022 -0.472937   1.34613
 0.737727  0.160614 -0.477873   1.35486
 0.736219  0.160744 -0.475568   1.35033
  0.73652  0.159519 -0.475497   1.35063
 0.736694  0.160201 -0.475966   1.35143
 0.738004    0.1597 -0.477723   1.35512
 0.736778  0.158857 -0.475394   1.35093
0.737452  0.15789 -0.47603   1.3525
 0.737224  0.158618 -0.476096   1.35224
 0.796551  0.198795 -0.468531    1.4791
 0.799177  0.193148 -0.459804   1.47889
 0.802213  0.199678 -0.466333    1.4898
 0.800382  0.198096 -0.465445   1.48538
 0.797249  0.207093 -0.471521   1.48348
 0.803479  0.205035 -0.469002   1.49459
 0.802547  0.209577 -0.466563   1.49223
 0.802377  0.207557 -0.469014   1.49286
 0.787591  0.201701 -0.478126    1.4664
 0.792949  0.201335 -0.473993   1.47507
 0.792152  0.204823 -0.475645   1.47491
0.792168 0.202642 -0.47587  1.47474
0.797111 0.202228 -0.47191  1.48274
 0.802538  0.203662 -0.469406    1.4928
 0.796588  0.205737 -0.472899    1.4827
 0.797585  0.203638 -0.472008   1.48388
 0.735346  0.175425 -0.470406   1.34856
 0.736569  0.175006 -0.473437   1.35291
0.736577 0.177282 -0.47205  1.35257
 0.735931   0.17581 -0.471776   1.35073
 0.736061   0.18086 -0.467215   1.34926
 0.737278  0.180278 -0.470476   1.35369
 0.737575  0.182791 -0.468718   1.35378
0.736678 0.181181  -0.4686  1.35148
 0.732846  0.175674 -0.465734   1.34054
0.733989 0.175492 -0.46775  1.34411
   0.7338   0.17683 -0.466731   1.34339
 0.733445  0.176076 -0.466722   1.34248
  0.73311  0.178415 -0.464006   1.34061
 0.734038  0.178056 -0.466031   1.34371
 0.734361  0.179544 -0.465374    1.3443
 0.733769  0.178611 -0.465184   1.34275
  0.73078  0.176574 -0.462531   1.33452
 0.731868  0.176026 -0.463961    1.3375
 0.731952  0.177397 -0.463154   1.33748
 0.731415   0.17665 -0.463242   1.33628
 0.732434  0.176201 -0.464847   1.33926
 0.733507  0.177254 -0.465929   1.34238
 0.732532  0.177578 -0.464021   1.33925
 0.732925  0.176978 -0.464865   1.34045
 0.736389  0.179195 -0.470123    1.3514
 0.735094  0.179828 -0.467012   1.34692
 0.734731  0.178328 -0.467538   1.34616
 0.735172  0.179046 -0.467859   1.34744
 0.736142   0.17812 -0.470362   1.35079
 0.734622  0.177532 -0.467689   1.34584
 0.734887    0.1762 -0.468968   1.34689
  0.73514  0.177118 -0.468684   1.34744
 0.780278  0.164209 -0.462539   1.43436
 0.779321  0.167725 -0.460654   1.43211
  0.77712  0.166617 -0.465027   1.42977
 0.779346  0.165863 -0.462926   1.43303
 0.737271  0.185131 -0.466318   1.35219
 0.735782  0.186287 -0.462775   1.34719
 0.735381  0.184354 -0.463782   1.34654
 0.735935  0.185135 -0.464011   1.34801
 0.736982  0.183874 -0.466718   1.35155
 0.735226  0.183409 -0.464038   1.34615
 0.735503  0.181813 -0.465577   1.34731
 0.735891  0.182866 -0.465151   1.34808
 0.733335  0.184975 -0.459196    1.3396
 0.734652  0.186611 -0.459921   1.34314
 0.733177  0.186327 -0.457978   1.33885
 0.733751   0.18584 -0.458839   1.34043
 0.730873  0.185542 -0.456392     1.333
 0.732109  0.186315 -0.456793   1.33593
  0.73111  0.187078 -0.455335   1.33319
 0.731625  0.186269 -0.456194   1.33457
 0.730633  0.182817 -0.458234     1.333
 0.731972  0.183615 -0.458668   1.33617
 0.730789   0.18424 -0.457294   1.33308
 0.731398  0.183516 -0.458029   1.33458
 0.732517  0.184417 -0.458494   1.33736
0.732443 0.185813 -0.45745   1.3369
0.731404 0.184882 -0.45714  1.33437
 0.731947  0.185074 -0.457655   1.33584
 0.732732  0.179041 -0.463272   1.33953
 0.733997  0.180186 -0.464456   1.34313
 0.732824  0.180456 -0.462425   1.33952
 0.733262  0.179844 -0.463256   1.34079
 0.730335  0.180009 -0.460096    1.3329
 0.731735  0.180771 -0.460683   1.33628
 0.730492  0.181419 -0.459212     1.333
 0.731091  0.180677 -0.459947   1.33449
 0.730175  0.177322 -0.461831   1.33304
0.731539 0.178015 -0.46244  1.33634
0.730333 0.178669 -0.46099  1.33314
  0.73089  0.177943 -0.461696   1.33454
 0.732084  0.178749 -0.462351   1.33756
 0.732171  0.180152 -0.461475   1.33751
 0.730997  0.179254 -0.460844   1.33453
 0.731625  0.179368 -0.461575   1.33628
 0.734834  0.184035 -0.462451   1.34449
 0.735179  0.185898 -0.461246   1.34488
 0.733822  0.184306 -0.460231   1.34108
 0.734421  0.184625 -0.461289   1.34305
 0.732319  0.181554 -0.460557   1.33757
 0.732414  0.182999 -0.459516   1.33745
 0.731253  0.182066 -0.459042   1.33458
 0.731837  0.182184 -0.459694    1.3362
 0.734566  0.181057 -0.464486   1.34452
 0.734364   0.18263 -0.463259   1.34371
 0.733316  0.181268 -0.462422   1.34071
 0.733925  0.181723 -0.463338   1.34265
  0.73408  0.183071 -0.462456   1.34272
  0.73301  0.183292 -0.460379   1.33928
 0.732885  0.181812 -0.461438   1.33934
  0.73345  0.182684 -0.461368   1.34065
 0.742484  0.156839 -0.483579   1.36741
 0.740773  0.156481 -0.480956   1.36215
0.741704 0.154752 -0.48107  1.36375
 0.741623  0.155879 -0.481707   1.36424
 0.744343  0.153475 -0.483568   1.37047
 0.742674  0.153013 -0.481077   1.36536
 0.743706  0.151404 -0.481061   1.36711
 0.743526  0.152475 -0.481744   1.36741
 0.745844  0.157913 -0.489079   1.37807
 0.744199  0.157324 -0.486379   1.37283
 0.745073    0.1557 -0.486301   1.37421
 0.744953   0.15683 -0.487073   1.37471
0.743296 0.156272 -0.48437  1.36946
 0.742572   0.15416 -0.481786   1.36585
0.744193 0.154604 -0.48435  1.37091
 0.743391  0.155122 -0.483621   1.36891
 0.734456  0.200138 -0.447721   1.33859
  0.73317  0.201358 -0.445586     1.335
 0.732825  0.199357 -0.447128   1.33472
 0.733748  0.200206 -0.446814   1.33661
 0.733933  0.196385 -0.450406    1.3382
 0.732527  0.197573 -0.448478   1.33448
  0.73219  0.195658 -0.449735   1.33407
 0.733139  0.196484 -0.449512   1.33606
 0.737667  0.199714 -0.451991   1.34767
 0.735723  0.199808 -0.449381   1.34211
0.735784 0.197777 -0.45118  1.34281
 0.736532  0.199002 -0.450583   1.34428
 0.734741  0.199292 -0.448698   1.33955
  0.73334  0.198343 -0.448237   1.33617
  0.73472  0.197284 -0.450206   1.33991
 0.734008   0.19837 -0.448945   1.33797
 0.733036  0.192753 -0.452707   1.33688
 0.731956  0.193766 -0.450923   1.33385
 0.731643  0.192005 -0.452222   1.33357
 0.732462  0.192782 -0.451967   1.33526
 0.732703  0.189456 -0.454929   1.33675
  0.73138  0.190393 -0.453321   1.33332
 0.731238  0.188719 -0.454349   1.33325
 0.732045  0.189457 -0.454187   1.33496
 0.735818  0.192593 -0.456395    1.3448
 0.734158  0.192543 -0.454121   1.33998
 0.734274  0.190799 -0.455625   1.34071
 0.734846  0.191888 -0.455144   1.34185
 0.733324  0.192053 -0.453523   1.33779
 0.732127  0.191135 -0.453148    1.3349
 0.733363  0.190299 -0.454784   1.33821
 0.732701  0.191205 -0.453732   1.33644
 0.741214  0.197033 -0.459807   1.35911
0.739136 0.198613 -0.45553  1.35261
0.738367 0.195298 -0.45763  1.35148
 0.739796  0.196912 -0.457526   1.35475
 0.734434  0.195371 -0.451506   1.33963
0.732829 0.194609 -0.45063  1.33564
 0.733816  0.193605 -0.452569   1.33859
 0.733568  0.194437 -0.451589   1.33769
 0.737581  0.195039 -0.456107   1.34884
 0.738232  0.198164 -0.453997   1.34967
 0.736419  0.196364 -0.452938   1.34482
 0.737045  0.196414 -0.454093   1.34685
  0.73445   0.19348 -0.453816   1.34063
 0.736271  0.193811 -0.455994   1.34579
 0.735161  0.195227 -0.452938   1.34197
  0.73501  0.194113 -0.453961   1.34202
 0.741383  0.174415 -0.484294   1.36958
 0.743233  0.174535 -0.487908    1.3757
 0.743071  0.176713 -0.486676   1.37508
 0.742475  0.175362 -0.486418   1.37339
 0.742117  0.179226 -0.481973   1.37068
 0.743591   0.17885 -0.485781   1.37605
0.744553 0.181416 -0.48503  1.37811
 0.743339  0.179705 -0.484452   1.37488
 0.737957  0.174739 -0.476686   1.35778
 0.739709  0.174495 -0.480396   1.36367
 0.739947  0.176909 -0.479296   1.36401
 0.739135  0.175406 -0.478946   1.36179
 0.740801  0.175165 -0.482692   1.36754
 0.742657  0.177359 -0.485364   1.37354
 0.741091  0.177578 -0.481604   1.36798
 0.741592  0.176671 -0.483127   1.36977
 0.808295  0.233594 -0.441531   1.49712
 0.813774  0.234397 -0.439878   1.50782
 0.810995  0.238522 -0.436576    1.5016
 0.811779  0.235682 -0.439267   1.50382
 0.802032  0.242398 -0.433531   1.48261
 0.807532  0.243058 -0.432172   1.49351
 0.804275  0.248277 -0.426685   1.48556
 0.805569  0.244345 -0.431219   1.48941
 0.795961  0.232595 -0.445259   1.47337
 0.802732  0.233015 -0.443419    1.4865
 0.800145  0.237639 -0.439508   1.48047
 0.800691  0.234852 -0.442432   1.48236
 0.80646 0.234834 -0.44088  1.49343
 0.809184  0.239761 -0.435482   1.49774
 0.803737  0.239122 -0.436856   1.48698
 0.805588   0.23772 -0.437879   1.49087
 0.743408  0.184301 -0.479589   1.37298
 0.745348  0.184065 -0.483749   1.37952
 0.745735  0.186706 -0.481764   1.37967
 0.744618  0.185137 -0.481784   1.37704
 0.745843  0.189966 -0.475661   1.37679
 0.747295  0.189243 -0.480221   1.38246
 0.749126  0.192318 -0.478171   1.38563
 0.747104   0.19027 -0.478129     1.381
 0.739916  0.185375 -0.470674   1.36042
 0.741683  0.184697 -0.475003   1.36663
 0.742581   0.18748 -0.473193   1.36797
 0.741247  0.185839 -0.473112   1.36481
  0.74297  0.185215 -0.477538   1.37099
 0.745569  0.187493 -0.480134   1.37848
 0.743952  0.187994 -0.475696   1.37249
 0.744328  0.186916 -0.477679   1.37425
 0.752334  0.208404 -0.460108   1.38508
 0.750339  0.210922 -0.455022   1.37854
 0.748231  0.206598 -0.457796   1.37475
 0.750557  0.208771 -0.457493   1.37992
 0.747931  0.200451 -0.464987   1.37698
 0.746229  0.202503 -0.460199   1.37105
 0.744481  0.198882 -0.462232   1.36779
 0.746262  0.200657 -0.462308   1.37195
0.755381   0.2035 -0.47028  1.39629
 0.753963  0.205917 -0.465164   1.39087
 0.751532  0.202083 -0.467664   1.38644
 0.753741   0.20408 -0.467458   1.39135
 0.752327  0.206335 -0.462521     1.386
  0.74841  0.204553 -0.460097   1.37599
 0.750002   0.20237 -0.464971   1.38171
 0.750023  0.204215 -0.462673   1.38081
 0.743924  0.211297 -0.447632   1.36094
 0.748081  0.213393 -0.449897   1.37145
 0.745214  0.215678 -0.444446   1.36288
0.746076 0.213407 -0.44711  1.36563
 0.740541  0.214794 -0.439147   1.34978
 0.743184  0.217234 -0.439925   1.35638
  0.74054  0.217358 -0.436647   1.34901
 0.741599  0.216311 -0.438217   1.35182
 0.736551  0.216765 -0.433762   1.33898
 0.738808  0.217747 -0.434513    1.3443
 0.737136  0.219224 -0.431666   1.33963
 0.737806  0.217834 -0.433279   1.34154
 0.735607  0.212314 -0.437462   1.33801
 0.737965  0.213087 -0.438294   1.34352
 0.736206  0.214611 -0.435661    1.3388
 0.736846   0.21329 -0.437046   1.34055
 0.739057  0.214163 -0.437921   1.34583
 0.739165  0.216672 -0.435817    1.3455
 0.737244  0.215502 -0.435262   1.34092
 0.738174  0.215533 -0.436229    1.3434
 0.737902  0.205788 -0.445721   1.34589
 0.740161  0.207929 -0.446553   1.35161
 0.737889  0.208087 -0.443591   1.34519
 0.738816  0.207151 -0.444977   1.34767
 0.734483  0.207617 -0.440992   1.33656
 0.736418  0.208478 -0.441682   1.34114
 0.734932   0.20986 -0.439183   1.33699
 0.735561   0.20857 -0.440604   1.33877
0.733689 0.203563 -0.44414  1.33576
 0.735713  0.204281 -0.444888   1.34051
 0.734172  0.205659 -0.442609   1.33637
 0.734766  0.204452 -0.443818   1.33798
 0.736645  0.205255 -0.444611    1.3425
 0.736724  0.207509 -0.442823   1.34219
 0.735077  0.206474 -0.442292   1.33823
 0.735867  0.206489 -0.443137   1.34036
 0.738524  0.211763 -0.439816   1.34521
 0.736231  0.210965 -0.438723   1.33966
 0.737526  0.209543 -0.441412   1.34352
   0.7373   0.21063 -0.440057   1.34254
 0.742844  0.211041 -0.445798   1.35751
 0.743952   0.21513 -0.442636     1.359
 0.741362  0.212892 -0.441599   1.35241
0.742225 0.212884 -0.44305  1.35507
 0.738406  0.209251 -0.443125   1.34628
 0.740901   0.20945 -0.445901   1.35315
 0.739546  0.211427 -0.441796   1.34841
 0.739179  0.209998 -0.443201   1.34812
  0.75644  0.207868 -0.464843   1.39627
 0.757796  0.205404 -0.469927    1.4015
 0.760552  0.209275 -0.466551   1.40611
 0.757949  0.207388 -0.467201   1.40067
 0.763601  0.217233 -0.457651   1.40919
 0.764779  0.213511 -0.463107   1.41385
0.770064 0.217697 -0.46003  1.42404
 0.765945  0.215481 -0.460564   1.41526
 0.753135  0.213367 -0.454522   1.38466
  0.75511  0.210654 -0.459589   1.39107
 0.758066  0.215305 -0.456492   1.39655
 0.755046  0.212826 -0.457107   1.39002
 0.756768   0.20987 -0.462058   1.39577
 0.761259  0.211174 -0.463915   1.40647
0.759822 0.214429 -0.45868  1.40125
 0.759622  0.212027 -0.461488   1.40188
 0.751135  0.232206 -0.432418   1.37274
 0.756636  0.235155 -0.433955   1.38593
0.752481 0.237911 -0.42788  1.37463
0.754067 0.235029 -0.43119  1.37894
 0.746301  0.236065 -0.422603   1.35814
 0.749631  0.239548 -0.422836   1.36626
 0.746041  0.239325 -0.419326   1.35674
 0.747514  0.238049 -0.421204   1.36045
 0.740455  0.237953 -0.416196   1.34306
 0.743421  0.239505 -0.417012   1.35007
 0.740858  0.241107 -0.413533   1.34336
 0.742069  0.239379 -0.415554   1.34643
  0.73979  0.232373 -0.420889   1.34266
 0.742883  0.233558 -0.421897   1.34992
  0.74028  0.235216 -0.418611   1.34322
 0.741378  0.233612 -0.420345   1.34596
 0.744261  0.234976 -0.421316   1.35285
  0.74413  0.238178 -0.418565     1.352
  0.74163   0.23639 -0.418108   1.34605
 0.742909  0.236639 -0.419223   1.34939
 0.743458  0.224802 -0.431432   1.35405
0.746442 0.227697 -0.43204  1.36142
 0.743364   0.22766 -0.428565   1.35302
 0.744598  0.226514 -0.430295   1.35622
 0.738704  0.226759 -0.425487   1.34141
 0.741261   0.22795 -0.426287   1.34745
 0.739245  0.229462 -0.423133   1.34196
 0.740105  0.227955 -0.424922   1.34429
 0.737781  0.221856 -0.429678   1.34054
 0.740487  0.222774 -0.430606   1.34686
 0.738386  0.224376 -0.427642   1.34131
 0.739186  0.222938 -0.429193   1.34342
 0.741721  0.223987 -0.430136   1.34947
  0.74175  0.226778 -0.427722   1.34894
 0.739568  0.225376 -0.427182   1.34374
0.740653 0.225484 -0.42824  1.34661
0.743715 0.232039 -0.42376  1.35224
 0.740828  0.230767 -0.422489    1.3452
 0.742642    0.2293 -0.425837   1.35042
 0.742211  0.230553 -0.424159   1.34894
 0.749656  0.231672 -0.430607   1.36842
 0.750759  0.236969 -0.426179   1.36974
 0.747409  0.233842 -0.425675   1.36152
 0.748497  0.233978 -0.427169   1.36471
 0.743787  0.229169 -0.427893   1.35395
 0.747102  0.229683 -0.431046    1.3628
 0.745049  0.231939 -0.426117   1.35634
 0.744871  0.230241 -0.427854   1.35649
 0.837693  0.279088 -0.362847   1.53722
0.828316 0.274749 -0.37849   1.5223
 0.838045  0.269674 -0.377335   1.54115
 0.835238  0.274642 -0.373252   1.53497
 0.801443   0.25627 -0.417811    1.4777
 0.799804  0.263832 -0.409483   1.47242
 0.794922  0.258717 -0.416583   1.46408
0.798475 0.260029 -0.41441   1.4709
 0.800178  0.252434 -0.422111   1.47606
 0.793761  0.254929 -0.420531   1.46251
 0.792589  0.248303 -0.428274   1.46208
 0.796503  0.251683 -0.423625   1.46891
 0.857883  0.253127 -0.375902   1.57809
 0.862932  0.247329 -0.375434    1.5871
 0.863682  0.252849 -0.367275    1.5872
 0.86194 0.251504  -0.3727  1.58515
 0.857299  0.265561 -0.360319   1.57454
 0.863863  0.258957 -0.358499   1.58605
 0.864465  0.266657 -0.348429   1.58599
 0.862531    0.2642 -0.355897   1.58386
 0.845178  0.263112 -0.379252   1.55523
  0.85233  0.258815 -0.377238   1.56845
 0.851859  0.264244 -0.370065   1.56625
 0.850888  0.262427 -0.375147   1.56569
0.856795 0.257193 -0.37361  1.57614
 0.862606  0.257203 -0.364445   1.58513
 0.856727  0.263157 -0.366038   1.57488
 0.858024   0.25882 -0.368316   1.57716
  0.81292  0.259688 -0.409305   1.49882
  0.80868  0.255017 -0.417581   1.49243
 0.815222  0.256095 -0.413398   1.50448
  0.81403  0.257215 -0.413088   1.50226
 0.821627  0.263361 -0.398673   1.51333
 0.817455  0.269684 -0.390754   1.50276
  0.81506   0.26391 -0.400759   1.50052
 0.819544  0.265201 -0.397444   1.50897
 0.818912  0.257607 -0.409972   1.51112
 0.822914  0.260807 -0.403151   1.51742
 0.816734  0.261008 -0.404868   1.50518
 0.818468  0.259552 -0.406364   1.50906
0.910401 0.237911 -0.29283  1.66135
 0.914016  0.228439 -0.296405   1.66811
 0.916213  0.232909 -0.284128   1.67062
0.912846 0.233346 -0.29077  1.66497
 0.911352  0.256456 -0.268621   1.66164
 0.901179  0.260972 -0.286247   1.64504
 0.907824  0.250199 -0.287555   1.65744
  0.90565  0.255979 -0.281583   1.65227
  0.91429  0.237194 -0.277292   1.66522
 0.911312   0.24898 -0.266629   1.65853
 0.908126  0.243445 -0.285568   1.65536
  0.91337  0.242056 -0.277818   1.66474
 0.836204   0.28391 -0.359546   1.53426
 0.825629  0.287418 -0.365953   1.51516
 0.826849  0.279198 -0.376296   1.51971
0.827542 0.283062 -0.36775  1.51862
 0.797532  0.356257 -0.280097   1.44472
 0.810506  0.358714 -0.271999   1.47108
 0.801826  0.365156 -0.261433    1.4513
 0.805942  0.360291 -0.270866   1.46138
 0.794286  0.381245 -0.224721   1.43019
 0.792385  0.384375 -0.211311   1.42363
   0.7901  0.380694 -0.223915   1.42067
 0.792083  0.381584 -0.221367    1.4246
 0.787865  0.371989 -0.244829   1.41839
 0.797494  0.372832 -0.246268   1.44006
 0.794125  0.377357 -0.235386   1.43132
 0.793264  0.374835 -0.241293    1.4302
 0.786769  0.376819 -0.229084   1.41329
 0.784321  0.372355 -0.239718   1.40934
  0.79244  0.377508 -0.232459   1.42682
 0.789757  0.375919 -0.233264   1.42053
 0.783281  0.361794 -0.267303   1.41165
 0.781471  0.365548 -0.255531   1.40536
0.779051 0.361105 -0.26648  1.40202
 0.781131   0.36229 -0.264219   1.40619
 0.777394  0.351915 -0.284301   1.40097
 0.786761  0.353209 -0.285874   1.42218
 0.783374  0.357632 -0.276471   1.41332
 0.782686   0.35504 -0.281382   1.41255
 0.776201   0.35722 -0.270524   1.39568
 0.773871  0.352419 -0.279532   1.39194
 0.781639  0.357759 -0.273788   1.40866
 0.778982  0.356088 -0.274289   1.40242
 0.796751  0.369724 -0.253635   1.43953
 0.786792   0.36889 -0.250982   1.41674
 0.788551  0.364651 -0.263617   1.42296
 0.790734  0.367091 -0.256593   1.42628
 0.798898  0.365176 -0.262465   1.44521
 0.790909  0.361276 -0.271743   1.42941
 0.794858  0.356497 -0.280549   1.43911
 0.792312  0.360205 -0.271988   1.43211
  0.93222  0.221295 -0.252055   1.69556
 0.935121  0.211565 -0.256165   1.70097
 0.936873  0.215352 -0.243517   1.70265
 0.934023  0.216147 -0.250291   1.69792
0.932301 0.239096   -0.228  1.69426
0.922919 0.247254 -0.24721  1.67966
 0.929762  0.234778 -0.246971   1.69212
  0.9276 0.239932 -0.24152  1.68699
 0.935026  0.219485 -0.236702   1.69751
 0.932037  0.231183 -0.226023    1.6908
 0.929852  0.226932 -0.244903   1.68951
 0.934199  0.224611 -0.237095   1.69708
  0.81872  0.412956 -0.117072   1.47368
  0.817618   0.413574 -0.0999407    1.46887
 0.814374  0.413051 -0.116311   1.46407
 0.816375  0.413068 -0.113045   1.46794
 0.810727  0.406835 -0.144844    1.4582
 0.821285   0.40613 -0.145815   1.48129
 0.818076  0.410493 -0.131519   1.47357
 0.816623  0.408735 -0.139764    1.4711
 0.809782  0.409841 -0.124197   1.45378
  0.80671   0.40675 -0.138749   1.44824
 0.816428  0.410751 -0.127822   1.46939
 0.813438  0.409637 -0.129459   1.46255
 0.805459  0.399055 -0.175245   1.44958
 0.803363  0.401448 -0.159892   1.44266
 0.801058  0.398554 -0.174527    1.4396
 0.803096  0.399231 -0.171622   1.44368
 0.798911  0.390438 -0.198756   1.43714
 0.808937  0.390853 -0.199837    1.4595
 0.805338  0.395454 -0.187481   1.45058
 0.804499   0.39305 -0.194451   1.44942
0.797449  0.39464 -0.18098  1.43145
 0.795161  0.390554 -0.193329   1.42768
 0.803587   0.39558 -0.184384   1.44603
 0.800788  0.394014 -0.185622   1.43948
 0.834847  0.390003 -0.180477   1.51156
 0.825322  0.397488 -0.166211   1.49063
 0.820692  0.391083 -0.191471   1.48343
 0.830169  0.393134 -0.179012   1.50228
 0.820507  0.403968 -0.156021   1.48071
  0.80941  0.404222 -0.153592   1.45588
  0.81141  0.401214 -0.170208   1.46251
0.814015 0.402681 -0.16055  1.46668
 0.822682  0.399461 -0.167694   1.48599
 0.813966   0.39833 -0.180667   1.46919
 0.818242  0.392895 -0.192161   1.47895
 0.815292  0.396278 -0.180806   1.47122
 0.965815  0.184052 -0.168529   1.74764
 0.967965  0.174084 -0.172588   1.75156
 0.968891   0.17702 -0.159434   1.75192
0.967015 0.178186  -0.1667  1.74895
 0.965433  0.201318 -0.146353    1.7464
   0.9584  0.209788 -0.165093   1.73472
 0.963665  0.197574 -0.164166   1.74455
  0.96197  0.202467 -0.159521   1.74064
 0.967006  0.181253 -0.153262   1.74703
 0.964551  0.193033 -0.144165   1.74196
 0.963307  0.189623 -0.161668   1.74141
 0.966208  0.187005 -0.153791   1.74644
  0.849609   0.411531 0.00598814    1.53036
 0.849615  0.407065 0.0220394   1.52808
  0.846115   0.412091 0.00707529    1.52279
  0.847708   0.410777 0.00996946    1.52568
  0.841033   0.414987 -0.0216547    1.51377
  0.850798   0.412439 -0.0238614    1.53458
   0.848069     0.41348 -0.00814866     1.52822
  0.846556   0.414336 -0.0166271    1.52561
   0.841345    0.412005 -0.00105282     1.51225
  0.837916    0.41373 -0.0155968    1.50595
   0.847087    0.413197 -0.00427798     1.52574
   0.844478    0.413144 -0.00590967     1.51989
   0.83439   0.417224 -0.0550962    1.50245
  0.833683   0.415142 -0.0382682    1.49848
  0.830471   0.417581 -0.0540487    1.49384
  0.832228   0.416837 -0.0509378    1.49711
   0.82556    0.41635 -0.0833632     1.4855
  0.835807   0.413971 -0.0851866    1.50735
   0.83315   0.417135 -0.0697548    1.50112
   0.83134   0.416743 -0.0782977    1.49792
  0.825755   0.416131 -0.0620823    1.48345
 0.822117  0.415754 -0.076969   1.47688
  0.831918   0.417179 -0.0657016    1.49796
  0.829084    0.41668 -0.0672756    1.49156
  0.863866   0.399416 -0.0648636    1.56137
   0.85413   0.407426 -0.0472975    1.54151
  0.848793   0.407842 -0.0756241    1.53252
  0.858614    0.40537 -0.0618866    1.55201
  0.849975   0.413577 -0.0347397    1.53403
  0.839379   0.415239 -0.0312458    1.51079
  0.840463   0.417078 -0.0496459    1.51553
  0.843614   0.415219 -0.0390844    1.52076
   0.85164   0.411455 -0.0482193    1.53785
  0.842723   0.416702 -0.0618332    1.52151
  0.846327   0.412013 -0.0759584    1.52892
  0.843954   0.413421 -0.0627131    1.52281
  0.982625   0.165265 -0.0158079    1.76627
  0.981443   0.171407 -0.0103669    1.76413
   0.98112   0.171868 -0.0198321    1.76385
  0.982096     0.1694 -0.0153958    1.76563
  0.982645   0.163159 -0.0342031    1.76696
  0.981018   0.172363 -0.0317117     1.7644
  0.981553   0.167712 -0.0429649     1.7657
  0.982276    0.16739 -0.0359319    1.76691
  0.984847   0.154652 -0.0243724    1.77045
  0.983827   0.159799 -0.0202044    1.76856
  0.983579   0.159064 -0.0279219    1.76822
  0.984342   0.157919 -0.0242351    1.76973
  0.983533   0.163475 -0.0199666    1.76842
  0.981722   0.169865 -0.0250991    1.76529
 0.983537   0.16272 -0.028612   1.76877
  0.982763   0.165042 -0.0247056    1.76702
0.878133   0.3744 0.106398  1.58229
 0.87885 0.367934 0.116603  1.58228
0.876439 0.375001 0.107914  1.57885
0.877109 0.373176 0.109334  1.57974
 0.870913  0.384712 0.0875729    1.5686
 0.877203  0.382518 0.0839686   1.58172
 0.876263  0.379628 0.0963076    1.5793
  0.87459  0.382589 0.0902552   1.57627
0.872531 0.377455 0.102335  1.57042
 0.869432  0.382697 0.0922346   1.56474
 0.876016  0.378597 0.0997486   1.57861
 0.874406  0.379259 0.0990912   1.57515
 0.864912  0.395792 0.0621769   1.55835
 0.865578  0.389696 0.0753812   1.55783
 0.862485  0.396571 0.0635751    1.5533
 0.863539  0.394758 0.0656936   1.55496
 0.856416  0.403908 0.0378026   1.54206
 0.864613  0.401099 0.0350245   1.55926
 0.862935  0.399937 0.0496405   1.55526
 0.861204  0.402171 0.0419826   1.55218
 0.857785    0.3982 0.0564105   1.54308
 0.854055  0.402196 0.0433917    1.5361
 0.862395  0.399305 0.0534374   1.55388
 0.860281  0.399826 0.0522757   1.54928
 0.885593  0.381862 0.0486049   1.59889
 0.878888  0.384098 0.0636812   1.58513
 0.874876   0.39238 0.0406679   1.57887
 0.882258  0.386076 0.0515226   1.59324
 0.876315   0.38645 0.0757021   1.58093
 0.869119  0.387629 0.0801631   1.56529
 0.869134  0.393948 0.0655679   1.56733
 0.871934  0.389413 0.0736904   1.57208
 0.877302  0.387942 0.0644225   1.58325
 0.870698   0.39669 0.0554942   1.57167
 0.873275  0.396254 0.0420497   1.57696
 0.871555  0.393881 0.0537203    1.5723
  0.97851  0.186203 0.0744907   1.75866
 0.977567  0.191077 0.0654286   1.75815
  0.98098  0.177985 0.0645475   1.76362
 0.97825 0.185314 0.067875  1.75822
 0.981976  0.164972 0.0850117   1.76314
 0.983066  0.163195 0.0704722   1.76584
 0.984387  0.151952 0.0813187   1.76732
 0.982402  0.159926 0.0789452   1.76352
  0.97776  0.183231 0.0931038    1.7557
 0.978351  0.183808 0.0839652   1.75735
 0.979778  0.175194 0.0890653   1.75928
 0.978103  0.180723 0.0886145   1.75609
 0.978566  0.181864 0.0785425   1.75768
 0.980629  0.172043 0.0708502    1.7613
 0.980281  0.171797 0.0838522   1.76001
 0.980743  0.175248 0.0777376    1.7619
0.894474 0.353771 0.123076   1.6132
0.901648  0.34477 0.125373  1.62646
0.897361  0.34403  0.13731  1.61785
0.899397 0.347485 0.128833   1.6228
0.896803 0.330815 0.166356  1.61607
0.897036 0.324839 0.172936  1.61558
0.895636 0.330936 0.167569  1.61363
0.896038 0.329475 0.168351  1.61416
0.892244 0.340688 0.154814  1.60733
0.896346 0.339794 0.151527  1.61593
0.895638 0.335952 0.159907  1.61419
0.894595 0.338851 0.156145  1.61227
0.893213 0.333464 0.164042  1.60836
0.891373 0.338625 0.157839  1.60502
0.895503 0.334639 0.162305  1.61379
0.894455 0.335177 0.161991  1.61152
0.888678 0.352072 0.139899  1.60132
0.889157 0.345875 0.147778  1.60112
0.887384 0.352414 0.141311  1.59869
0.887851 0.350767 0.142284  1.59925
0.882908 0.362531 0.125676   1.5904
0.887808 0.361096 0.121919  1.60061
0.887125 0.357425 0.132018  1.59881
0.885743 0.360489 0.127359  1.59629
0.884309 0.355022 0.137053  1.59206
0.881945 0.360431 0.129426  1.58782
 0.88701 0.356185 0.134923  1.59844
0.885759 0.356798 0.134543  1.59576
0.895735 0.343728 0.146522  1.61531
0.891107 0.343728 0.150348  1.60519
0.891075 0.350327 0.141348  1.60638
0.892914  0.34603 0.145985   1.6096
0.896549 0.346604 0.138866  1.61722
0.892244 0.354031 0.134854  1.60965
0.893777 0.356283 0.125357  1.61288
0.892815 0.352494 0.133022  1.61011
0.971737 0.141971 0.182097  1.74349
0.972713 0.142565  0.17611  1.74496
0.973137  0.13582 0.178766  1.74571
0.972272 0.140237 0.178944  1.74408
 0.918591  0.330183 0.0921537   1.65676
 0.923524  0.323958 0.0782617   1.66498
   0.9239  0.317933 0.0952405   1.66491
0.920367 0.323946 0.088938   1.6583
0.925209  0.31323 0.121305  1.66901
0.928477 0.311603 0.109517   1.6748
0.931979   0.3007 0.121941  1.68059
0.927306 0.309364  0.11696  1.67201
0.911093 0.336871 0.118299  1.64448
0.915194 0.334598 0.105363  1.65172
0.917678  0.32553 0.120027  1.65571
0.913096 0.332689 0.114446  1.64704
0.916794 0.329648 0.101759  1.65317
0.922705 0.318644 0.103775   1.6631
0.919145 0.321208 0.115985    1.657
0.920853 0.323157 0.107077  1.66078
0.913384  0.30118 0.181307  1.64666
 0.91268 0.297609 0.190377   1.6457
0.910628 0.302975 0.186034  1.64187
0.912029 0.300789 0.186454  1.64445
0.913789  0.30587  0.17673  1.64841
0.910588 0.306587 0.181873  1.64223
0.908989 0.314832 0.174316  1.63996
0.912016 0.308584  0.17824  1.64555
0.909519 0.296553 0.198203  1.63975
0.912184  0.29422 0.197004  1.64489
0.910861 0.291328 0.202643  1.64214
0.911265 0.294132 0.199394  1.64328
0.907972  0.28933 0.207352  1.63586
 0.90983 0.288109 0.207418  1.63981
0.909138 0.284504 0.211244  1.63795
0.909083 0.287405 0.208751  1.63816
0.905442 0.299359 0.198859  1.63137
0.907044 0.298232 0.198803   1.6347
0.906674 0.294321 0.203181  1.63352
0.906394 0.297464 0.200311  1.63327
0.908734 0.296197 0.200023  1.63822
0.910085 0.291029 0.204349  1.64064
  0.9079  0.29237 0.204608  1.63606
0.908587 0.293053 0.203203  1.63755
0.903732 0.309068 0.189241  1.62866
0.903972 0.304584  0.19415   1.6287
0.902447  0.30964 0.189744  1.62598
0.903186 0.308258 0.190771  1.62743
 0.90025 0.319429 0.178865  1.62218
0.903869 0.319156 0.175304  1.62979
0.903448 0.314286  0.18312  1.62859
0.902338 0.317681 0.179594  1.62653
0.901071 0.311764 0.186551  1.62287
0.899551 0.317088 0.181607  1.62025
0.903545 0.312855 0.185323  1.62876
0.902301 0.313496 0.184859    1.626
0.910719 0.302969 0.189262  1.64278
0.912648 0.297245 0.193597  1.64624
0.909898 0.299614 0.194719  1.64091
0.910834 0.299997 0.192594  1.64274
 0.90545 0.307327  0.19042   1.6323
0.907161 0.301617 0.195152  1.63532
0.905108 0.302744 0.195593  1.63103
0.905712 0.303557 0.194052  1.63237
0.906556 0.315997 0.175803    1.635
0.908325 0.308562 0.182772  1.63783
0.905739 0.312078 0.183932   1.6333
0.906402  0.31173 0.181448   1.6342
0.908801 0.305775 0.187723  1.63896
0.907904 0.302172 0.193373  1.63684
0.906099 0.308094 0.188483  1.63366
0.907893 0.305488 0.189835  1.63721
0.970444 0.149987 0.182979  1.74141
0.970702 0.146344 0.184583  1.74188
0.969823 0.149623 0.186485  1.74046
0.970146 0.148664 0.184664  1.74081
0.973445 0.145212 0.169762  1.74609
0.973668 0.149847 0.163953  1.74642
0.975253 0.141168 0.162358  1.74899
 0.97399 0.145515 0.165362  1.74685
0.967348 0.126439 0.209817  1.73732
0.966158 0.135116 0.209742  1.73519
0.967857 0.131776 0.204282  1.73761
0.967164 0.131157 0.207493  1.73668
0.926759 0.296963 0.148368  1.67053
0.931168 0.292627 0.135173  1.67745
0.931157 0.286714  0.14967  1.67754
0.928249 0.292121 0.145208  1.67183
0.930069 0.280622  0.17265  1.67698
  0.9333 0.279281 0.162686  1.68231
 0.93432 0.271225 0.172603  1.68384
0.931608 0.277263 0.169242   1.6788
0.919496 0.298956 0.172276  1.65842
0.923568 0.299187 0.160513  1.66587
0.924841 0.290081 0.172305  1.66785
0.921434 0.296173  0.16852  1.66124
0.925388 0.295645 0.157134  1.66827
0.930004 0.285588 0.158401  1.67587
0.926587 0.287027 0.168827  1.67021
0.928616 0.289379 0.161428  1.67446
0.935382 0.197333 0.250774  1.68654
0.934894 0.193192 0.254394   1.6859
0.933741 0.196791 0.253936  1.68383
0.934508 0.195708 0.253375  1.68515
0.935418 0.200162 0.249887  1.68702
 0.93365 0.198986 0.253074  1.68386
0.933269 0.204041 0.251187  1.68341
0.934415 0.200919 0.251582  1.68554
0.932487 0.190582 0.259106  1.68162
0.934363 0.189455   0.2574  1.68511
  0.9334 0.186314 0.260115  1.68329
0.933651 0.188766 0.259006  1.68395
0.931133  0.18394  0.26288  1.67851
0.932581 0.182981 0.262232  1.68154
0.932099 0.179517 0.263694  1.68028
 0.93199 0.182041 0.263076  1.68027
0.929192 0.192693 0.260745  1.67489
0.930655 0.191692 0.260251  1.67797
0.930121 0.188371 0.261891  1.67662
0.930074 0.190854 0.261097  1.67673
0.931844 0.189881 0.260313  1.68043
 0.93277 0.185535 0.261302  1.68212
0.931063 0.186479 0.262157  1.67858
0.931642 0.187341 0.261301  1.67981
0.928977 0.207526 0.253969  1.67524
0.930861 0.206166 0.252574  1.67881
0.929812 0.203331 0.255455  1.67676
0.930147 0.205673 0.254117   1.6776
0.927394 0.201314 0.258147  1.67156
0.928904 0.200276 0.257782  1.67478
0.928313  0.19701 0.259508  1.67328
0.928296  0.19949 0.258601  1.67346
0.925633 0.209857 0.255124  1.66831
0.927148 0.208777 0.254833  1.67154
0.926512 0.205596 0.256684  1.66993
0.926545  0.20804 0.255662  1.67023
0.928301  0.20698 0.255114  1.67394
0.929155 0.202736 0.256593   1.6755
0.927443 0.203778  0.25716  1.67189
0.928042 0.204523 0.256341  1.67319
0.933629 0.195937 0.255789  1.68413
0.934771   0.1919  0.25637  1.68617
0.932814 0.192968 0.258023  1.68249
 0.93354 0.193782 0.256706  1.68383
0.930028 0.198505 0.257983  1.67712
0.930887 0.194212 0.259196  1.67867
0.929211 0.195172 0.259878  1.67515
0.929786 0.195985  0.25906  1.67639
0.932047 0.204265  0.25246  1.68111
0.932454 0.199766 0.254308   1.6817
0.930869 0.201554 0.255589  1.67888
0.931435 0.201715 0.254184  1.67971
0.932423 0.197817 0.255815  1.68174
0.931541 0.194931  0.25808  1.67993
0.930701 0.199199 0.256916  1.67845
0.931791 0.197353 0.256962  1.68062
0.964529 0.113102 0.229933  1.73612
0.961823 0.109451 0.235487  1.73159
  0.9617 0.118106  0.23572  1.73147
0.962768 0.113813 0.233868  1.73332
0.964845 0.127011 0.224316  1.73551
0.967946 0.121283 0.216815  1.74043
0.966511 0.118452 0.223762  1.73905
0.966577 0.121812 0.221797  1.73868
0.961117  0.12229  0.23345  1.72942
0.961874 0.128081 0.228085  1.72973
0.963813 0.119063 0.227956  1.73392
0.961773 0.122742 0.230438  1.72995
0.957252 0.115376 0.245662  1.72503
0.959577 0.108441 0.241556  1.72866
0.957554 0.106918 0.246277    1.726
0.958212 0.109892 0.244467  1.72674
 0.95364 0.110631 0.251714  1.71966
 0.95567 0.104694 0.249915  1.72353
0.952776 0.104966 0.251865  1.71798
0.953684 0.107063 0.251293  1.71965
0.949339  0.11169 0.253113  1.71092
0.950163 0.105904 0.252845  1.71252
0.948182 0.106855 0.253087  1.70808
0.948876 0.108209 0.253029   1.7097
0.951324 0.121105 0.252398  1.71502
 0.95184 0.115562 0.252088  1.71581
0.950226 0.116389 0.253114  1.71287
0.950816 0.117507 0.252538  1.71381
 0.95202 0.112655  0.25239  1.71636
0.950957 0.107524 0.252538  1.71415
0.950052  0.11315 0.253042  1.71243
0.951249 0.111223 0.252689  1.71492
 0.95297 0.132203 0.250308  1.71783
0.954832 0.124892 0.248364  1.72099
0.952645 0.126543 0.251484  1.71762
0.953022 0.127736 0.250159  1.71778
0.955232 0.116623 0.247605  1.72128
0.955525 0.108318 0.248369  1.72223
 0.95361 0.113032 0.250546  1.71889
0.954372 0.112585 0.249194  1.71994
0.954298 0.120037 0.248756  1.71978
0.952802 0.115859 0.250995   1.7174
0.952196 0.122211 0.251575  1.71647
0.953494 0.119034 0.250581  1.71892
0.963334 0.149493  0.21411  1.73108
0.964892 0.142992 0.213737  1.73399
0.962547 0.146674 0.218881  1.73023
0.963154 0.146419 0.215899  1.73077
0.954819 0.126409 0.246309  1.71991
0.952892 0.133802 0.248397  1.71673
 0.95567 0.133652 0.243515  1.72119
0.954923 0.131189 0.246237  1.72044
0.960031 0.125362 0.235533  1.72781
0.958503 0.133338  0.23788   1.7256
0.960948 0.131373 0.230876  1.72875
0.960495 0.129437 0.235129  1.72907
0.959804 0.111369 0.239279  1.72828
0.957579 0.118384 0.243755  1.72497
0.960174 0.119596 0.238714  1.72908
0.959346 0.116357 0.240536   1.7278
0.956661 0.123821 0.244197  1.72316
0.957411 0.131447 0.240918  1.72411
0.959002 0.124002 0.238877  1.72653
0.957304 0.126235 0.241243  1.72359
0.966495  0.12566 0.214363  1.73643
0.963679 0.130731 0.221151  1.73198
0.965346 0.134898  0.21372  1.73428
0.965245 0.130063 0.216683  1.73441
 0.813453  0.208026 -0.461403   1.51181
 0.807068  0.210312 -0.463949    1.5004
 0.808025  0.204862 -0.466521   1.50266
 0.808381  0.207489 -0.464215   1.50256
 0.809093  0.191574 -0.452684   1.49584
 0.805911  0.198613 -0.463188   1.49574
 0.802871   0.19145 -0.455811   1.48429
 0.804568  0.193165 -0.457075   1.48875
 0.826214  0.202305 -0.453507   1.53348
 0.819307  0.205533 -0.458012   1.52173
 0.820169  0.200392 -0.458016   1.52284
 0.820462  0.202323 -0.456985   1.52302
 0.822422  0.187471 -0.444068   1.51907
 0.818557  0.195052 -0.454878   1.51731
 0.814884  0.188831 -0.447703   1.50501
 0.817243   0.18985 -0.449316    1.5109
 0.857804  0.190085 -0.430531   1.58998
 0.836294  0.197385 -0.446375   1.55091
 0.834114  0.187933 -0.440308   1.54251
 0.837783  0.190124 -0.442614   1.55154
 0.827348  0.197465 -0.451883   1.53435
 0.820257  0.196356 -0.455685   1.52129
 0.824985  0.189477 -0.446641     1.526
 0.825645  0.195334 -0.452023   1.53082
 0.808893  0.199651 -0.463706   1.50225
 0.812134  0.193173 -0.454472   1.50337
0.815146 0.197663 -0.45892  1.51248
  0.81295  0.197541 -0.459435   1.50827
 0.809695  0.202162 -0.465591   1.50518
0.815969 0.200242 -0.46062  1.51536
 0.815285  0.205064 -0.461404   1.51503
 0.815362  0.202433 -0.462562   1.51549
 0.747877  0.198854 -0.466788   1.37758
 0.744441  0.197395 -0.463762   1.36828
 0.745726  0.195754 -0.468039   1.37318
 0.745977  0.197068 -0.466418     1.373
 0.751937  0.197217 -0.475507    1.3909
0.754994 0.201097 -0.47304  1.39658
0.751387 0.199768 -0.47021  1.38713
0.752773  0.19915 -0.47286  1.39144
 0.747025  0.195256 -0.470988   1.37756
 0.749888  0.195485 -0.475063   1.38602
 0.749262  0.198056 -0.469942   1.38218
 0.748066  0.196289 -0.471566   1.38032
 0.987947  0.138823 0.0612157   1.77521
 0.985952  0.145083 0.0757693   1.77042
0.985069 0.157103 0.063615  1.77017
 0.987309  0.146288 0.0661781   1.77423
 0.981681  0.183042 0.0485996   1.76841
 0.982732  0.176637 0.0574728   1.76834
0.978932 0.191546 0.059717  1.76225
 0.982078  0.183918 0.0540647    1.7688
 0.991235  0.124586 0.0269049   1.78494
0.990104 0.131954 0.046213  1.78108
 0.988346  0.144547 0.0338519   1.77921
 0.990766  0.133789 0.0349521    1.7839
 0.984712  0.161582 0.0147547   1.77517
 0.986236  0.158991 0.0279997   1.77658
0.983007  0.17467 0.030956  1.77146
 0.985674  0.164669 0.0240893   1.77687
  0.993485   0.107405 -0.0203518    1.79331
  0.991814   0.117731 0.00592718    1.78802
  0.986625   0.139144 -0.0031959    1.77839
   0.991756    0.122097 -0.00650049     1.78943
 0.992722  0.127291 0.0160618   1.79013
 0.989669  0.147968 0.0255406   1.78384
  0.988731   0.147279 0.00927375    1.78353
 0.989228  0.141731 0.0168429   1.78301
0.981837 0.168428 0.052815  1.76501
 0.981574  0.175026 0.0407942   1.76693
 0.984119  0.161305 0.0373718   1.77077
 0.982682  0.168011 0.0421196   1.76796
0.986047 0.159234 0.056128  1.77353
 0.988369  0.152756 0.0416398   1.77968
  0.98983  0.140233 0.0531258   1.78064
  0.98772  0.150476 0.0490826   1.77702
0.970911  0.15125 0.179247   1.7421
0.971178 0.153579 0.175567   1.7425
0.972048 0.148548 0.175214   1.7439
 0.97125 0.151183 0.176669  1.74251
 0.767801  0.161794 -0.480721   1.41896
 0.767713  0.161675 -0.480872   1.41884
  0.76787  0.161588 -0.480741   1.41907
 0.767762   0.16169 -0.480768   1.41888
 0.767433  0.161352 -0.481196    1.4184
 0.767342  0.161371 -0.481239   1.41825
 0.767347  0.161278 -0.481278   1.41826
0.767377 0.161327 -0.48124  1.41831
 0.768159  0.161615 -0.480353   1.41943
 0.768038  0.161476 -0.480559   1.41928
 0.768223  0.161341 -0.480374   1.41951
 0.768091   0.16148 -0.480416    1.4193
 0.767034  0.161433 -0.481378   1.41772
0.766996 0.161394 -0.48145  1.41767
 0.767082  0.161356 -0.481385    1.4178
 0.767015  0.161391 -0.481402   1.41768
 0.766962  0.161655 -0.481326   1.41758
 0.766885  0.161621 -0.481415   1.41747
 0.766994  0.161535 -0.481358   1.41764
 0.766922  0.161598 -0.481365   1.41751
 0.767135  0.161307 -0.481376    1.4179
 0.767144  0.161269 -0.481414   1.41793
 0.767191  0.161289 -0.481354   1.41799
 0.767141  0.161288 -0.481379    1.4179
 0.767075  0.161325 -0.481398   1.41779
 0.766983  0.161348 -0.481472   1.41765
0.767068 0.161281 -0.48145   1.4178
 0.767067  0.161317 -0.481441    1.4178
 0.769294  0.161228 -0.479427   1.42114
 0.769348  0.160699 -0.479507   1.42119
 0.769677  0.161127 -0.479352   1.42186
 0.769521  0.161007 -0.479419   1.42156
 0.770125  0.161015 -0.479356   1.42276
 0.770146  0.160312 -0.479572    1.4228
 0.770642  0.160858 -0.479428   1.42384
 0.770416  0.160718 -0.479442   1.42335
0.754792 0.143055 -0.48287  1.38927
 0.755076  0.145622 -0.485533   1.39208
 0.753215  0.144698 -0.483621   1.38684
 0.754307  0.144269 -0.483857   1.38915
 0.750941  0.141836 -0.479414    1.3789
  0.75135  0.144016 -0.481679   1.38163
 0.749588  0.143475 -0.479849   1.37673
 0.750627  0.142952 -0.480181   1.37897
 0.753916  0.138524 -0.478089   1.38353
 0.754343  0.140732 -0.480362   1.38629
 0.752403  0.140189 -0.478784   1.38118
 0.753621  0.139648 -0.478928   1.38368
 0.753974  0.141796 -0.481316   1.38635
 0.752428  0.143494 -0.482007   1.38395
 0.752096  0.141283 -0.479667   1.38133
0.752759 0.142313 -0.48106  1.38379
0.770058 0.164377 -0.47943  1.42333
 0.769739  0.165032 -0.479462   1.42281
 0.769275  0.164731 -0.479804   1.42202
 0.769673  0.164667 -0.479608    1.4227
0.771245 0.160618 -0.47953  1.42508
 0.771191  0.159657 -0.479975   1.42504
 0.771941  0.160228 -0.479587   1.42645
 0.771649  0.160166 -0.479709   1.42593
 0.774411  0.157681 -0.479198   1.43072
 0.773001  0.157421 -0.480575   1.42862
0.773871  0.15594  -0.4803  1.42991
0.773335 0.156988    -0.48  1.42885
 0.769082  0.159619 -0.479955    1.4207
 0.769615  0.159896 -0.479741   1.42172
 0.769283  0.160153 -0.479682   1.42105
  0.76944  0.159891 -0.479774   1.42138
0.770523 0.134382 -0.47329  1.41423
 0.768449  0.137545 -0.476986   1.41278
 0.767737   0.13428 -0.474552   1.40917
 0.768131  0.135012 -0.474782   1.41028
 0.767082  0.129098 -0.470517   1.40438
 0.766025   0.13197 -0.472979   1.40421
 0.764291  0.130559 -0.472329   1.39993
 0.765689  0.130393 -0.471967    1.4026
  0.77458  0.128956 -0.466832   1.41782
 0.772487  0.131837 -0.470014   1.41587
 0.771201  0.128808 -0.468728   1.41185
  0.77227  0.129609 -0.468417   1.41405
 0.770519  0.132431 -0.471548    1.4128
0.767539 0.132351 -0.47294  1.40741
 0.769076  0.129414 -0.470172    1.4084
 0.769422  0.131662 -0.471631   1.41041
 0.768939  0.159675 -0.480016   1.42045
 0.769138   0.16015 -0.479771    1.4208
 0.768723  0.159974 -0.480055   1.42008
 0.768837  0.159913 -0.479934   1.42023
 0.769994    0.1596 -0.479932   1.42256
 0.769645  0.158927 -0.480439   1.42202
 0.770413  0.159222 -0.480243   1.42353
 0.770167  0.159259 -0.480183     1.423
 0.775771  0.151214 -0.478075   1.43146
 0.777013  0.153755 -0.476569   1.43365
0.774813 0.153906  -0.4795  1.43092
 0.775158  0.152865 -0.477997   1.43049
 0.755469  0.140285 -0.480284   1.38847
 0.755216  0.137977 -0.477982   1.38604
 0.757018  0.138483 -0.479056   1.39054
0.755816 0.138993 -0.47915  1.38821
 0.758436  0.143125 -0.483939   1.39748
 0.756052  0.145228 -0.485488   1.39399
 0.755892  0.142636 -0.482875   1.39146
0.756451 0.143732  -0.4841  1.39362
 0.757805  0.139688 -0.480279   1.39317
 0.759035   0.14209 -0.482719   1.39773
 0.756214  0.141603 -0.481704   1.39117
 0.757894  0.141027 -0.481293   1.39425
 0.776153  0.149762 -0.476093   1.43074
 0.779164  0.149554 -0.471829    1.4344
 0.777469  0.152815 -0.474549   1.43317
 0.778564  0.150775 -0.474303   1.43489
 0.767191  0.162624 -0.480811   1.41793
 0.767145    0.1626 -0.480871   1.41787
 0.767197  0.162595 -0.480854   1.41796
 0.767191  0.162607 -0.480849   1.41795
 0.767092  0.162642 -0.480871   1.41777
 0.767134  0.162607 -0.480878   1.41785
 0.767183  0.162647 -0.480813   1.41792
 0.767119  0.162635 -0.480853   1.41781
 0.767718  0.162899 -0.480209   1.41871
 0.767834  0.162676 -0.480177   1.41888
 0.767998  0.162772 -0.480026   1.41915
  0.76786  0.162803 -0.480125   1.41893
 0.766914  0.162516 -0.481016   1.41747
 0.767003  0.162502 -0.480979   1.41762
  0.76699  0.162593 -0.480941   1.41759
 0.766966  0.162543 -0.480976   1.41756
 0.771267  0.164342 -0.478716   1.42535
 0.770237  0.164916 -0.479169   1.42363
 0.770544  0.164215 -0.479236   1.42417
 0.770659  0.164582 -0.479011   1.42433
 0.769247  0.165254 -0.479673   1.42197
 0.768336  0.165387 -0.480187   1.42045
 0.768836  0.164925 -0.480021   1.42129
  0.76886  0.165269 -0.479946   1.42136
 0.766874  0.162013 -0.481224   1.41741
 0.766773  0.162142 -0.481247   1.41725
 0.766764  0.161993 -0.481316   1.41724
 0.766824  0.162055 -0.481259   1.41734
 0.768729  0.160613 -0.479871   1.42011
 0.768617  0.160194 -0.480021   1.41988
 0.768986  0.160387 -0.479734   1.42051
 0.768873  0.160399 -0.479869   1.42036
 0.766893  0.161729 -0.481327   1.41746
 0.766774  0.161843 -0.481377   1.41727
 0.766801  0.161696 -0.481426   1.41732
 0.766849   0.16176 -0.481374    1.4174
 0.768246  0.160706 -0.480358   1.41942
 0.768499  0.160826 -0.480057   1.41979
 0.768298  0.161026 -0.480263   1.41954
 0.768427  0.160854 -0.480231   1.41975
  0.76796   0.16136 -0.480629   1.41913
 0.76795 0.161125  -0.4807  1.41911
 0.76812 0.161207 -0.48046  1.41933
 0.768068   0.16123 -0.480608   1.41932
0.772752 0.154413 -0.48178  1.42819
 0.770917  0.155075 -0.483316   1.42551
 0.771111  0.153233 -0.483563   1.42565
0.771143 0.154147  -0.4829   1.4255
0.767734 0.161408 -0.48093  1.41887
 0.767842  0.161494 -0.480792   1.41902
  0.76769  0.161588 -0.480914    1.4188
 0.767785  0.161483 -0.480888   1.41896
 0.766511  0.161814 -0.481768   1.41696
   0.7664  0.161744 -0.481956   1.41683
 0.766584  0.161619 -0.481802   1.41709
 0.76645 0.161718 -0.48184  1.41686
 0.767657  0.161387 -0.481006   1.41875
0.767612 0.161551 -0.48099  1.41868
 0.76755 0.161417  -0.4811   1.4186
  0.76761  0.161452 -0.481031   1.41868
 0.767214  0.161131 -0.481475   1.41808
0.767277 0.161199 -0.48138  1.41816
  0.76717  0.161212 -0.481452   1.41799
 0.767196  0.161183 -0.481433   1.41803
 0.766746  0.161522 -0.481663   1.41732
 0.766883  0.161448 -0.481544   1.41751
0.766812 0.161579 -0.48153  1.41738
 0.766777  0.161512 -0.481576   1.41733
 0.767247  0.161302 -0.481318   1.41809
 0.767304  0.161272 -0.481312   1.41819
  0.7673 0.161348 -0.48127  1.41818
 0.767278  0.161311 -0.481298   1.41814
 0.767505  0.161466 -0.481115   1.41852
  0.76756  0.161602 -0.481028   1.41861
  0.76744  0.161583 -0.481109   1.41841
 0.767487  0.161542 -0.481088   1.41849
 0.767104  0.161129 -0.481541   1.41789
 0.767077  0.161218 -0.481502   1.41783
  0.76696  0.161199 -0.481621   1.41766
0.767081 0.161179 -0.48156  1.41787
 0.782703  0.169226 -0.456413   1.43717
 0.786559  0.164576 -0.452043   1.44174
 0.786067  0.169355 -0.452187   1.44193
 0.786054  0.167811 -0.453313   1.44216
 0.780491  0.171565 -0.457307   1.43363
 0.784493   0.17261 -0.453584   1.44018
 0.781747  0.179338 -0.458133   1.43857
 0.781018  0.173623 -0.455518   1.43421
   0.7421  0.162745 -0.486192   1.36963
 0.743299  0.164986 -0.489043   1.37442
 0.741583   0.16462 -0.485939   1.36883
0.742261 0.163994 -0.48686  1.37067
0.738604 0.162249 -0.48013  1.35848
 0.739802  0.164357 -0.482693   1.36305
 0.737999  0.164238 -0.479635   1.35737
0.738801 0.163487 -0.48064  1.35948
 0.739977  0.158354 -0.480808   1.36085
 0.740968  0.160466 -0.483386     1.365
 0.739194  0.160203 -0.480509   1.35947
 0.740023  0.159531 -0.481394   1.36158
 0.741086  0.161722 -0.484068   1.36596
 0.740539  0.163651 -0.483739   1.36506
 0.739391  0.161506 -0.481099   1.36054
 0.740347  0.162374 -0.483103   1.36398
 0.749226   0.14943 -0.485267   1.38069
 0.749689  0.151677 -0.487956   1.38385
  0.74808  0.150916 -0.485601   1.37887
 0.748905  0.150511 -0.486112   1.38081
0.745897 0.148232 -0.48077  1.37073
 0.746407  0.150289 -0.483176   1.37375
 0.744781  0.149785 -0.480911   1.36887
 0.745651  0.149284 -0.481473    1.3709
 0.748286  0.145085 -0.480272   1.37466
 0.748738  0.147186 -0.482646   1.37753
 0.747078   0.14664 -0.480524   1.37266
 0.747995  0.146147 -0.481005   1.37475
 0.748431  0.148275 -0.483492   1.37768
 0.747277   0.14981 -0.483771   1.37582
 0.746822   0.14772 -0.481298   1.37286
 0.747545  0.148728 -0.482956   1.37561
0.749742 0.158638 -0.49318  1.38886
 0.747324  0.158638 -0.491389   1.38276
 0.748213  0.156639 -0.490657   1.38365
0.748483 0.157895 -0.49147    1.385
 0.750847  0.157195 -0.492611   1.39042
 0.749085  0.155531 -0.490227    1.3849
 0.750481  0.154166 -0.490398   1.38758
0.749767 0.155305 -0.49081  1.38664
  0.76978  0.159601 -0.479906   1.42211
 0.769177  0.159359 -0.480108   1.42094
 0.769436   0.15901 -0.480356   1.42156
  0.76935  0.159296 -0.480117   1.42129
 0.741784  0.165878 -0.486585   1.36994
 0.743598  0.166251 -0.489678   1.37573
 0.742924  0.168134 -0.488969   1.37432
 0.742738  0.166926 -0.488532   1.37338
 0.741297  0.170089 -0.485449   1.36916
 0.742823  0.170012 -0.488558   1.37427
 0.742996  0.172337 -0.488443   1.37507
 0.742337  0.170751 -0.487632   1.37285
 0.738386  0.165626 -0.480145    1.3588
 0.740111  0.165691 -0.483279   1.36435
  0.73978  0.167799 -0.482763   1.36382
 0.739411  0.166442 -0.482206    1.3624
0.741053 0.166488 -0.48535  1.36779
 0.742323  0.168654 -0.487965   1.37256
 0.740766  0.168607 -0.484855   1.36737
 0.741414  0.167854 -0.485979   1.36924
0.773189 0.164288 -0.47648   1.4279
0.771745 0.165219 -0.47723  1.42558
 0.772141  0.164371 -0.477833    1.4266
 0.772251  0.164744 -0.477121   1.42646
  0.76672  0.162193 -0.481289   1.41717
 0.766597  0.162194 -0.481423     1.417
 0.766713   0.16204 -0.481369   1.41718
0.766653 0.162134 -0.48136  1.41707
 0.771381  0.164709 -0.478279   1.42538
 0.770971  0.165486 -0.477848   1.42442
 0.770295  0.165289 -0.478842   1.42361
0.770925 0.165101 -0.47841   1.4246
 0.766676  0.162498 -0.481205    1.4171
 0.766752   0.16234 -0.481202   1.41722
 0.766803  0.162471 -0.481107   1.41729
 0.766731  0.162427 -0.481173   1.41717
 0.766848  0.162715 -0.480959   1.41734
 0.766864  0.162576 -0.481013   1.41738
  0.76695  0.162646 -0.480925   1.41752
0.766898 0.162638 -0.48097  1.41743
 0.764066  0.169661 -0.476576   1.41051
 0.765828  0.168795 -0.475539   1.41325
 0.765668  0.170467 -0.474581   1.41276
 0.765567  0.169717 -0.475496   1.41293
 0.769135  0.163844 -0.479732   1.42153
 0.768891  0.164402 -0.479963   1.42127
  0.76857  0.164072 -0.480022   1.42059
 0.768822  0.164068 -0.479917   1.42104
 0.768489  0.163321 -0.479823   1.42015
 0.768303  0.163759 -0.480044   1.41999
 0.768079   0.16348 -0.480069   1.41949
  0.76825   0.16349 -0.479977   1.41979
 0.767355  0.163541 -0.480566   1.41832
 0.767697  0.163548 -0.480321   1.41888
 0.767446  0.163834 -0.480592   1.41858
0.767436 0.163617 -0.48049  1.41846
 0.766679  0.162285 -0.481271    1.4171
  0.76659  0.162446 -0.481293   1.41696
 0.766545  0.162296 -0.481407   1.41691
 0.766622   0.16235 -0.481319   1.41702
 0.768424  0.163078 -0.479798   1.41995
 0.768037   0.16325 -0.480024   1.41933
 0.768191  0.162906 -0.479896    1.4195
 0.768241  0.163108 -0.479893   1.41964
 0.767173  0.162756 -0.480711   1.41786
0.767242 0.162674 -0.48072  1.41799
 0.767324  0.162737 -0.480608   1.41811
 0.767234  0.162736 -0.480675   1.41796
 0.767496  0.162703 -0.480474   1.41837
 0.767571  0.162569 -0.480498   1.41851
 0.767696  0.162609 -0.480341   1.41868
 0.767585  0.162643 -0.480428   1.41851
0.768498 0.164575 -0.48018  1.42063
0.767852 0.164632 -0.48054  1.41954
 0.768224  0.164225 -0.480228   1.42004
 0.768261  0.164535 -0.480309   1.42022
 0.767414  0.162708 -0.480563   1.41826
 0.767322  0.162658 -0.480686   1.41813
 0.767476  0.162598 -0.480581   1.41837
 0.767409  0.162645 -0.480614   1.41826
 0.767235   0.16297 -0.480569   1.41795
 0.767386  0.162836 -0.480494   1.41819
 0.767462   0.16296 -0.480395   1.41831
0.767383 0.162938 -0.48048   1.4182
 0.971865  0.198456 0.0843707   1.74659
 0.971227  0.192437 0.0869727   1.74513
 0.970399  0.197918 0.0856851   1.74397
 0.97153 0.196382 0.085739  1.74615
 0.973597  0.200124 0.0792083    1.7503
 0.971689  0.201427 0.0796571   1.74722
 0.973334  0.199478 0.0727632    1.7502
0.973027 0.200575 0.077014  1.74963
 0.973093  0.203841 0.0845828   1.74878
 0.972705  0.202055 0.0833801   1.74824
 0.973452  0.201583 0.0828986   1.74966
 0.973048  0.202657 0.0835287   1.74882
0.972522 0.200785 0.083423  1.74814
 0.971944  0.200603 0.0825726   1.74758
 0.973237  0.201149 0.0814556   1.74956
 0.972332   0.20095 0.0825928   1.74787
 0.907194  0.357333 0.0515313   1.63847
  0.89862  0.370244 0.0442247   1.62378
 0.904744  0.363103 0.0299824   1.63471
 0.901274  0.363894 0.0418855   1.62714
 0.916774  0.340641 0.0266395   1.65368
 0.909766  0.353319 0.0172283   1.64238
  0.916305   0.341661 0.00548898    1.65324
 0.912341  0.345384 0.0171749   1.64519
 0.922186  0.330644 0.0631446   1.66349
 0.915369  0.343801 0.0581975   1.65237
 0.919969   0.33719 0.0462633    1.6602
 0.917587   0.33758 0.0554302     1.655
 0.909551  0.350976 0.0490404   1.64125
  0.90726  0.356294 0.0284678    1.6377
 0.914631  0.343494 0.0370279   1.64987
0.912613 0.350139 0.038449  1.64783
 0.93906 0.262431 0.171651    1.692
0.942201 0.260614 0.159737  1.69673
0.943001 0.251065 0.172813  1.69802
0.940066 0.258458 0.168286  1.69248
 0.974106  0.193642 0.0761109   1.75026
   0.9747  0.197653 0.0704314   1.75175
 0.974966  0.189942 0.0725496   1.75176
0.974551 0.193262 0.073305   1.7511
0.975014 0.177155 0.076169  1.75101
 0.974923  0.182481 0.0722452   1.75086
 0.975871  0.174614 0.0707232   1.75227
 0.974922  0.178228 0.0730197   1.75053
 0.972362  0.186363 0.0850928    1.7467
 0.973112  0.189858 0.0807238   1.74809
 0.973654  0.181327 0.0813713   1.74873
 0.972993  0.185849 0.0825016   1.74773
 0.973408  0.189602 0.0783167   1.74844
 0.974184  0.185778 0.0743571   1.74956
 0.974074  0.181295 0.0784089   1.74935
  0.97401  0.185567 0.0768821   1.74939
 0.979806  0.177341 0.0324521   1.76036
 0.979219  0.183514 0.0264923   1.75979
  0.9805 0.174864 0.025429  1.76168
 0.979541  0.178354 0.0281927   1.75982
0.981954 0.162216 0.028512  1.76357
 0.981634  0.166929 0.0237449   1.76335
 0.982633  0.160467 0.0223406   1.76493
 0.981792  0.163048 0.0249561   1.76322
 0.980271   0.16553 0.0414357   1.76021
 0.979925  0.171467 0.0371826   1.75998
0.981037 0.164014 0.034888  1.76169
  0.97999  0.166803 0.0380098   1.75956
 0.979646  0.172634 0.0335636   1.75935
 0.980383  0.170201 0.0266872   1.76074
 0.980757  0.165073 0.0313245   1.76104
 0.980622  0.169175 0.0304585   1.76124
 0.981934  0.164741 0.0134716   1.76375
 0.982354  0.161063 0.0186636   1.76428
 0.981274  0.167574 0.0198939   1.76253
 0.982135  0.164395 0.0172891    1.7642
 0.979428  0.178942 0.0149004   1.75967
 0.979854  0.175347 0.0210768   1.76014
 0.978265  0.183882 0.0217286   1.75751
 0.979408  0.179152 0.0189998   1.75961
   0.981481    0.173717 0.000492703     1.76421
  0.981999    0.16854 0.00743771    1.76453
  0.981013   0.176178 0.00813686    1.76326
  0.981769   0.172834 0.00565294    1.76466
 0.981758  0.168098 0.0117637   1.76382
 0.981123  0.171394 0.0183092   1.76269
 0.980537  0.175244 0.0123162   1.76186
 0.980971  0.171607 0.0140907   1.76237
    0.984535     0.157072 -0.000136331      1.76924
   0.985367     0.15302 0.000554252      1.7707
  0.984823   0.154639 0.00521509    1.76952
  0.984887   0.154695 0.00194035    1.76973
 0.982937  0.161992 0.0111257   1.76585
  0.98397  0.156663 0.0105889   1.76766
 0.983384   0.15854 0.0162705   1.76647
 0.983277  0.158924 0.0127221   1.76626
   0.982523    0.169789 -0.00165935     1.76623
    0.983597     0.162595 -0.000469606      1.76776
 0.982859  0.165504 0.0054536   1.76624
   0.98289   0.165574 0.00142475    1.76641
  0.983398   0.159431 0.00175225    1.76674
  0.983754   0.156853 0.00704488    1.76717
  0.982698   0.162239 0.00756832    1.76533
  0.98339  0.159402 0.0053719   1.76666
   0.983282    0.162191 -0.00469216     1.76702
   0.982007    0.169041 -0.00630719     1.76499
  0.983098   0.163204 -0.0121341    1.76696
    0.98268    0.164503 -0.00776145     1.76598
  0.985442   0.153565 -0.0141158    1.77134
 0.984492  0.158233 -0.016856   1.76981
  0.985481   0.153518 -0.0209718    1.77169
  0.984953   0.154957 -0.0172826    1.77046
   0.985001    0.152706 -0.00254121      1.7698
   0.984192     0.15665 -0.00349091      1.7684
   0.985084    0.152982 -0.00803443     1.77017
   0.984675    0.153923 -0.00461026     1.76921
   0.984367    0.158597 -0.00611107     1.76919
  0.984137   0.159627 -0.0132133      1.769
  0.985177   0.154591 -0.0105826    1.77072
    0.98476    0.157558 -0.00982046     1.77012
  0.984491   0.156087 -0.0734671    1.77378
  0.985751   0.148937 -0.0748794    1.77578
  0.985431   0.151934 -0.0672224    1.77472
  0.984997   0.152106 -0.0714527    1.77411
  0.983671   0.168445 -0.0582568    1.77248
  0.981106   0.175633 -0.0697816    1.76859
  0.983429   0.165909 -0.0706283    1.77264
  0.982335   0.169687 -0.0666592    1.77021
  0.984006   0.154593 -0.0633132    1.77128
  0.982858   0.162651 -0.0571174    1.76931
  0.982719   0.160593 -0.0687208    1.76972
  0.983736   0.158556 -0.0635817    1.77135
 0.974589  0.201221 0.0447073   1.75124
0.972082  0.21168 0.048488  1.74693
 0.972987  0.208039 0.0349992    1.7485
 0.973791  0.206894 0.0426385   1.75024
  0.97722  0.196647 0.0398347   1.75696
 0.975717  0.203585 0.0297327   1.75444
0.977642 0.193697 0.028776  1.75755
 0.976507  0.197896 0.0326904   1.75541
  0.985985   0.149639 -0.0661655    1.77557
  0.986138   0.146401 -0.0727625    1.77606
  0.986685   0.145386 -0.0665666     1.7766
  0.986327   0.147083 -0.0682434    1.77618
    0.9848   0.151994 -0.0540844    1.77189
  0.982558   0.159601 -0.0530974     1.7676
  0.984037   0.152922 -0.0601267    1.77073
  0.984201   0.154122 -0.0563335    1.77098
  0.987217   0.145801 -0.0628523    1.77764
  0.986967   0.148398 -0.0568341    1.77691
  0.986108   0.149749 -0.0626639    1.77555
 0.986664  0.147905 -0.060914   1.77644
  0.86599  0.373064 -0.169504   1.57156
 0.853103  0.380627 -0.181532   1.54849
 0.860189  0.368714 -0.195069   1.56267
 0.856517  0.374238 -0.182395   1.55356
 0.876706    0.3443 -0.194053   1.59029
 0.865372  0.354378 -0.207562   1.57184
 0.872481  0.336718 -0.220535   1.58472
 0.867885  0.345482 -0.206563   1.57377
 0.893054  0.351888 -0.141646   1.61931
 0.880884  0.363918 -0.156041   1.59888
 0.885904  0.351446 -0.167986    1.6081
 0.883441  0.356086 -0.156554   1.60169
 0.869386  0.366262 -0.170377   1.57656
0.863361 0.362051 -0.19537  1.56714
0.875449 0.353387  -0.1822    1.588
 0.872499  0.360771 -0.182396   1.58426
   0.978633    0.194957 -0.00941841     1.76125
 0.977685  0.196026 -0.025484   1.76002
   0.97937   0.187175 -0.0156743    1.76198
  0.979116   0.191854 -0.0162336    1.76224
  0.976863   0.188988 -0.0036436    1.75554
  0.978318    0.18348 -0.0118676     1.7585
    0.97957    0.179378 -0.00587263     1.76061
    0.97888    0.183661 -0.00773699     1.75972
 0.976443  0.193946 0.0207541   1.75468
 0.974317  0.204014 0.0217417   1.75123
  0.975473   0.197106 0.00918518    1.75309
 0.975531  0.198188 0.0174808   1.75323
0.972671 0.177393 -0.13242  1.75652
 0.967675  0.189605 -0.135241   1.74727
 0.969895  0.179236 -0.146278   1.75244
 0.969874   0.18159 -0.138821   1.75157
 0.973559  0.163577 -0.158974   1.76062
 0.971144   0.17265 -0.157232   1.75615
0.970007 0.169169 -0.17019   1.7551
 0.971887  0.168674 -0.161993   1.75806
 0.974479  0.165697 -0.134961   1.75905
 0.974434  0.159762 -0.147611   1.75993
 0.976263  0.157618 -0.139091   1.76254
 0.975704  0.160468 -0.140532   1.76196
 0.977486  0.164245 -0.125911   1.76476
 0.978934  0.157403 -0.132707   1.76809
 0.980994  0.155128 -0.121684   1.77111
 0.978814  0.158802 -0.127643   1.76727
 0.974763  0.170678 -0.137323   1.76114
 0.971692  0.173316 -0.149875   1.75628
 0.974207   0.16403 -0.150136   1.76068
  0.97334  0.169473 -0.146143   1.75891
 0.959729  0.197999 -0.173994   1.73695
 0.953239   0.20993 -0.175479    1.7243
 0.955619  0.199327 -0.188401   1.73031
 0.955835  0.201905 -0.180285   1.72967
 0.958958  0.184526 -0.201725   1.73796
 0.956649  0.193134 -0.200146   1.73395
 0.955097  0.189187 -0.212487   1.73212
  0.95727  0.188928 -0.204518   1.73549
 0.965693  0.174804 -0.180424   1.74772
 0.963321  0.184911 -0.176816   1.74337
 0.962174  0.179897 -0.190733   1.74237
 0.964394  0.179725 -0.182681   1.74606
 0.962416  0.190537 -0.179872   1.74303
 0.957941  0.193483 -0.192795   1.73554
 0.960821  0.184452 -0.193529   1.74067
 0.959955  0.189756 -0.189375   1.73885
  0.83834  0.331216 -0.291673   1.52852
 0.844885  0.318013 -0.300573   1.54147
 0.848201  0.327062 -0.282242    1.5456
 0.841025  0.325872 -0.290686   1.53212
0.853757 0.344089  -0.2503  1.55392
 0.857639   0.33396 -0.262267   1.56268
 0.866339     0.335 -0.241176   1.57612
 0.856954  0.337495 -0.252553   1.55926
 0.827411  0.353074 -0.272044   1.50589
 0.834097  0.342873 -0.281996   1.52008
 0.839994  0.349994 -0.261903   1.52914
0.830859 0.348514 -0.27239  1.51178
0.836744 0.337787 -0.28245  1.52413
 0.847415  0.333569 -0.273174   1.54311
 0.842679  0.343978 -0.262364   1.53287
0.845057 0.338581 -0.27261  1.53956
  0.87538  0.381708 -0.107418   1.58499
  0.871395   0.390519 -0.0856911    1.57683
0.863277 0.391935 -0.11426   1.5631
0.871985  0.38823 -0.10327  1.57961
 0.862858  0.378013 -0.156095   1.56365
 0.855521  0.389752 -0.141048   1.54929
 0.849344  0.385841 -0.167974    1.5392
 0.859384  0.385102 -0.154465   1.55863
 0.889525  0.356456 -0.128766   1.61045
 0.881612  0.370521 -0.119748   1.59639
 0.877109  0.368675 -0.143276   1.58958
0.885424 0.366132 -0.12962  1.60508
    0.876   0.37804 -0.119888   1.58681
 0.864202  0.388438 -0.128325   1.56603
 0.870979  0.375561 -0.144084   1.57866
 0.867785  0.380926 -0.130692   1.57116
 0.943653  0.217105 -0.215587    1.7121
 0.936212  0.229041 -0.216572   1.69769
  0.93875  0.218145 -0.229889   1.70425
 0.939063  0.220856 -0.221712   1.70358
 0.94225  0.20279 -0.24322  1.71218
 0.939544  0.211569 -0.241714   1.70755
0.937609 0.207229 -0.25379  1.70509
 0.940213  0.207092 -0.246059   1.70916
 0.950439  0.193947 -0.222354   1.72434
 0.947676  0.203952 -0.218837   1.71926
 0.946151   0.19855 -0.232506   1.71768
 0.94877 0.198548 -0.22469  1.72201
 0.946442  0.209374 -0.221796   1.71838
 0.941173  0.212047 -0.234506   1.70966
 0.944458  0.202891 -0.235294   1.71541
 0.943567   0.20847 -0.231117   1.71359
 0.924527  0.235435 -0.256524   1.68254
 0.916289  0.247546 -0.257295   1.66693
 0.918742  0.236302 -0.270486   1.67332
0.919191 0.239122 -0.26246  1.67274
 0.922415  0.220199 -0.283507   1.68133
0.919255 0.229257 -0.28221  1.67608
 0.916906  0.224301 -0.293729   1.67279
 0.919967  0.224405 -0.286437   1.67769
 0.932178  0.211752 -0.263395   1.69607
 0.929009   0.22184 -0.259876   1.69029
  0.92712  0.216145 -0.273193   1.68816
 0.930166  0.216212 -0.265742   1.69319
 0.927463  0.227246 -0.262835   1.68901
 0.921342  0.229821 -0.275272   1.67902
 0.925089  0.220399 -0.275979   1.68538
 0.924169  0.226272 -0.271849   1.68361
 0.831741  0.308889 -0.334654   1.52251
 0.841408  0.311996 -0.318508    1.5385
 0.828576  0.317187 -0.324637   1.51437
 0.831767   0.31219 -0.327194   1.52062
0.810326 0.312764 -0.34596  1.48173
 0.816018  0.319734 -0.332108    1.4908
 0.804774   0.32004 -0.338526   1.46914
 0.808047  0.317281 -0.339353   1.47559
 0.818825  0.295952 -0.358117   1.49968
0.822914 0.303019 -0.34623  1.50589
 0.814049  0.304826 -0.352519   1.48988
 0.816554  0.301255 -0.352235   1.49396
 0.822725  0.307523 -0.341654   1.50509
 0.818616  0.315566 -0.332994   1.49531
 0.812819  0.309408 -0.346692   1.48627
 0.819934  0.311043 -0.340443   1.49972
 0.925692  0.265772 -0.198997   1.67883
 0.932452  0.245537 -0.204005   1.69027
 0.935272  0.254936 -0.178311    1.6936
 0.929547  0.255787 -0.193678   1.68376
 0.902186  0.250054 -0.297701   1.64759
 0.895302  0.260825 -0.296092   1.63459
0.894526 0.252209 -0.31087  1.63512
 0.897367   0.25386 -0.302226   1.63919
 0.898398  0.235297 -0.324661   1.64364
 0.893409  0.245005 -0.324016   1.63495
 0.891822  0.237872 -0.335404   1.63329
 0.894587  0.238968 -0.328352   1.63735
 0.910625  0.227971 -0.303569   1.66242
 0.906877   0.23791 -0.301048   1.65583
  0.90463   0.23122 -0.313844   1.65298
0.907966 0.231822 -0.30634  1.65832
 0.904494  0.242993 -0.304016   1.65289
 0.896722  0.245958 -0.316389   1.64015
 0.901791  0.235895 -0.317088   1.64896
 0.900726  0.242223 -0.312555   1.64684
 0.796113  0.278805 -0.393723   1.46153
 0.800941  0.272064 -0.398044   1.47179
 0.803359  0.279139 -0.389111   1.47492
 0.798339  0.277004 -0.393224   1.46547
 0.805127  0.292035 -0.374068   1.47587
 0.808281  0.285893 -0.380159   1.48349
0.814341 0.290388 -0.36991  1.49334
 0.807588  0.289025 -0.375288   1.48074
 0.787689  0.290306 -0.382481   1.44183
 0.792386  0.284785 -0.388379   1.45289
 0.796047  0.291678 -0.378883   1.45848
 0.790355  0.288848 -0.383376   1.44749
 0.794746  0.283038 -0.389119   1.45774
 0.802408  0.283599 -0.384953   1.47235
 0.798514  0.289497 -0.379449   1.46331
 0.800296  0.285528 -0.384539   1.46824
0.902304 0.284406  -0.2422  1.64138
 0.912048  0.265013 -0.245247    1.6589
 0.914919  0.275438 -0.220243   1.66184
 0.908542  0.275252 -0.235643   1.65111
   0.8475  0.251184 -0.394184   1.56268
 0.846501   0.24767 -0.400076   1.56192
 0.850928  0.247201 -0.394101    1.5687
  0.84828  0.248461 -0.396203   1.56433
 0.856433  0.251897 -0.380515   1.57645
 0.856152  0.246985 -0.387432   1.57716
0.861146 0.246549 -0.38017  1.58488
 0.857513  0.248158 -0.383005   1.57862
0.844293 0.261568 -0.38329  1.55449
 0.846935   0.25617 -0.388657   1.56071
  0.85121  0.257695 -0.381326   1.56734
  0.84645  0.258286 -0.384779   1.55862
 0.848135   0.25252 -0.390424   1.56281
 0.852176  0.248097 -0.390111   1.56996
 0.852476  0.253201 -0.383515   1.56949
 0.851347  0.251629 -0.387992   1.56844
 0.864257  0.275177 -0.335878   1.58353
 0.864191  0.284249 -0.320085   1.58035
0.852672 0.282892 -0.34011  1.56204
 0.861694  0.280653 -0.332092   1.57824
 0.836722  0.248267 -0.410678   1.54592
0.841082 0.248228 -0.40555  1.55287
 0.837645   0.25205 -0.404481   1.54634
 0.838806  0.249214 -0.407138   1.54908
 0.828221  0.255138 -0.409758    1.5298
 0.833708   0.25672 -0.403359   1.53904
 0.828141   0.25979 -0.402997   1.52809
 0.829898  0.256835 -0.405812   1.53211
 0.828098  0.247108 -0.420923   1.53208
0.832129 0.248254 -0.41596   1.5386
 0.828115  0.250969 -0.415751   1.53097
 0.829432  0.248494 -0.417786   1.53386
  0.83412  0.249238 -0.412528   1.54159
 0.835247  0.253351 -0.406298   1.54254
 0.829784  0.252409 -0.412257   1.53335
 0.83293 0.252159  -0.4102  1.53896
 0.821084  0.243266 -0.429759   1.52049
 0.824069  0.245636 -0.425552   1.52537
 0.819827  0.247028 -0.425462   1.51696
 0.821481  0.245064 -0.427196    1.5206
 0.810792  0.244913 -0.430011    1.4998
 0.814283  0.248644 -0.425056   1.50576
 0.808012  0.250325 -0.424174   1.49275
 0.810964  0.247589 -0.426993   1.49945
 0.816588  0.236394 -0.437857   1.51323
 0.818549  0.240317 -0.433902   1.51641
 0.814013  0.240286 -0.434605   1.50741
 0.815891  0.238876 -0.435646   1.51134
 0.818445  0.242307 -0.431481   1.51556
 0.816872  0.246183 -0.427366    1.5115
 0.813604   0.24267 -0.432093     1.506
 0.816732  0.244034 -0.430121   1.51193
0.966526 0.161454 0.192613  1.73527
0.966514 0.161568  0.19257  1.73525
0.966546 0.161472 0.192498   1.7353
0.966536 0.161495 0.192559  1.73529
0.966471 0.161868 0.192561   1.7352
 0.96645 0.161892 0.192643  1.73516
 0.96645 0.161963 0.192585  1.73517
 0.96645 0.161908 0.192596  1.73516
0.966606 0.161192 0.192474   1.7354
0.966591 0.161363 0.192402  1.73537
 0.96664 0.161228 0.192279  1.73545
0.966623  0.16126 0.192384  1.73543
0.966307 0.162223 0.193012  1.73495
0.966314 0.162277 0.192931  1.73496
0.966331  0.16218 0.192932  1.73498
0.966322 0.162226 0.192959  1.73497
0.966269 0.162264 0.193164  1.73489
0.966267 0.162329 0.193113  1.73489
0.966286 0.162251  0.19309  1.73492
0.966276 0.162281 0.193123   1.7349
0.966357 0.162126 0.192856  1.73502
0.966371 0.162158  0.19276  1.73504
0.966383 0.162062 0.192786  1.73506
0.966377 0.162115 0.192801  1.73506
0.966349 0.162177 0.192877  1.73501
0.966332 0.162279 0.192869  1.73499
0.966363 0.162217 0.192779  1.73504
0.966342 0.162225 0.192842    1.735
0.966991 0.159879 0.191902  1.73601
0.967097 0.159931 0.191365  1.73617
0.967137 0.159375 0.191659  1.73624
0.967042 0.159729 0.191641  1.73606
0.966298 0.162261 0.193042  1.73494
0.966277  0.16235 0.193062   1.7349
0.966303 0.162323 0.192965  1.73494
0.966289 0.162312 0.193023  1.73492
0.967318 0.158743 0.191352  1.73652
0.967483 0.158819 0.190511  1.73677
0.967543 0.157954 0.190964  1.73687
0.967398 0.158507 0.190941   1.7366
0.967821 0.156964  0.19047  1.73731
0.968076 0.157082 0.189142   1.7377
0.968169 0.155721 0.189832  1.73785
0.967946 0.156592 0.189812  1.73743
0.968998 0.154355 0.186873  1.73914
0.969145 0.152166 0.187917  1.73939
0.968601 0.154152 0.189005  1.73853
  0.9688 0.153563 0.187926  1.73873
0.936742 0.233986 0.217573  1.68844
0.939444 0.234345 0.209198  1.69263
 0.93932 0.228436 0.216348  1.69252
0.937765 0.232023  0.21489  1.68949
0.939836 0.219065 0.227255   1.6944
 0.94146 0.221387 0.221511  1.69709
0.943195 0.213567 0.224219  1.69986
0.940875 0.218405 0.224243  1.69571
0.932836 0.229373 0.231601   1.6822
 0.93509 0.232226 0.224911  1.68624
0.936092 0.224593 0.229552  1.68784
 0.93401 0.228747 0.228747  1.68386
0.936217 0.231282 0.222168  1.68775
0.938957 0.225917 0.220658  1.69217
0.937158 0.223843 0.226681  1.68921
0.938145 0.226982 0.223127  1.69135
0.967256 0.160412 0.190188  1.73641
0.967381 0.159648 0.190264  1.73661
0.967187 0.160103 0.190786  1.73631
0.967243 0.160057  0.19041  1.73636
0.971097 0.145096 0.182208  1.74229
0.970787 0.149394 0.180715   1.7418
0.971942 0.146062 0.177085  1.74363
0.971473 0.146817 0.180056  1.74305
 0.96639 0.153339 0.199476   1.7352
0.966883 0.153495 0.197117  1.73589
0.966985 0.151298 0.198069  1.73607
0.966906  0.15268 0.198229  1.73609
 0.98594  0.10132 0.131324  1.76934
 0.986881 0.0827742  0.131017   1.77151
 0.984679 0.0939699  0.145456   1.76747
 0.985873 0.0928026  0.136034   1.76949
0.981835 0.114589 0.152086  1.76157
0.982403 0.103823 0.155339  1.76306
0.980782 0.113622 0.162077  1.76029
0.981404 0.110868 0.156178   1.7609
0.982959 0.127772 0.138226  1.76384
0.984308 0.115891  0.13365  1.76597
0.982609 0.119047 0.144597   1.7629
0.983205 0.120691 0.139154    1.764
0.985074 0.108464 0.136102  1.76777
0.983931 0.101826 0.148326  1.76598
0.983316 0.113728 0.146773   1.7646
0.984184 0.108085 0.143784  1.76625
0.967449 0.159591 0.189793  1.73667
0.967308 0.160443 0.189764  1.73646
0.967531 0.160071 0.188989   1.7368
0.967465 0.160031 0.189517  1.73673
 0.96815 0.159062  0.18678  1.73775
0.968027 0.158296 0.188031  1.73756
0.967808 0.159617 0.188012  1.73722
0.968047 0.158985 0.187612  1.73764
0.975395 0.136271 0.165139  1.74918
0.974219 0.133556 0.174087  1.74736
0.973416  0.14168  0.17208  1.74595
0.974601  0.13706 0.170449   1.7481
0.935847 0.289244 0.117187  1.68521
 0.938479  0.290889 0.0969625   1.68999
0.942395 0.278294 0.111144  1.69644
0.939334 0.286249 0.108536  1.69153
0.978169 0.131447 0.163775  1.75531
0.979024 0.122771  0.16827   1.7574
0.976531 0.128778 0.173693  1.75253
 0.97779 0.127069 0.168412  1.75468
0.966345 0.161708 0.193211  1.73499
0.966332 0.161819 0.193192  1.73498
0.966353 0.161765 0.193128    1.735
0.966339 0.161767 0.193173  1.73498
  0.9663 0.161811 0.193337  1.73493
0.966321 0.161829 0.193239  1.73496
0.966332  0.16172 0.193264  1.73497
0.966325 0.161788 0.193281  1.73497
0.966397  0.16102 0.193586  1.73508
0.966448 0.161028 0.193348  1.73516
0.966464 0.160804  0.19346  1.73518
0.966448 0.160952 0.193463  1.73517
0.966251 0.162005 0.193426  1.73486
0.966274 0.161985 0.193341  1.73489
0.966272 0.161908 0.193395  1.73489
0.966273 0.161966 0.193387   1.7349
0.966798 0.155244 0.196318  1.73575
0.966409  0.15656 0.197153  1.73517
0.966726 0.156601 0.195648  1.73562
0.966734 0.156121 0.196371  1.73573
0.966081 0.157906 0.197621  1.73468
0.965826   0.1592 0.197776  1.73429
0.966153 0.158728 0.196652  1.73476
0.966067 0.158609 0.197348  1.73469
 0.96624 0.162237 0.193312  1.73485
0.966222 0.162251 0.193374  1.73482
0.966226 0.162305 0.193315  1.73482
0.966232 0.162265 0.193334  1.73484
0.966903 0.160759 0.191539  1.73586
0.966947 0.160966 0.191156  1.73593
0.967029 0.160469 0.191204  1.73606
0.966939 0.160733 0.191298   1.7359
0.966259 0.162283 0.193197  1.73488
0.966237 0.162341 0.193241  1.73484
0.966254 0.162355 0.193155  1.73487
 0.96625 0.162327 0.193198  1.73486
0.966743 0.161315  0.19178  1.73561
0.966799 0.160992 0.191807   1.7357
0.966717 0.161176 0.192023  1.73557
 0.96674 0.161162 0.191869   1.7356
0.966598 0.161439 0.192338  1.73539
0.966614  0.16153 0.192183  1.73541
 0.96665 0.161322 0.192197  1.73547
0.966611 0.161432 0.192239   1.7354
0.970501 0.158569 0.174497  1.74141
0.969564 0.161934 0.176553  1.73998
0.970199 0.162412 0.172391  1.74098
0.970133 0.160948 0.174494  1.74089
0.966535 0.161653 0.192434  1.73529
0.966553 0.161528 0.192449  1.73532
 0.96652 0.161616 0.192531  1.73527
 0.96653 0.161603 0.192467  1.73528
0.965474  0.16057 0.198354  1.73378
0.965061 0.161692 0.199233  1.73317
0.965366 0.161706 0.197884   1.7336
0.965305 0.161301 0.198487  1.73352
0.966521 0.161707 0.192455  1.73527
 0.96651 0.161672 0.192545  1.73525
0.966494 0.161766 0.192518  1.73523
0.966515 0.161715 0.192502  1.73527
0.966413   0.1622 0.192525   1.7351
0.966422 0.162088  0.19258  1.73512
0.966389 0.162184  0.19265  1.73507
0.966416 0.162158 0.192585  1.73512
0.966265 0.162409 0.193048  1.73488
0.966265 0.162501 0.192964  1.73488
0.966293 0.162383  0.19294  1.73492
0.966278  0.16243 0.192984  1.73491
0.966408 0.161993 0.192726   1.7351
0.966427 0.161996 0.192633  1.73513
0.96643 0.16192 0.19268 1.73513
0.966429 0.161969  0.19268  1.73513
0.966486 0.161774 0.192562  1.73522
0.966497  0.16169 0.192583  1.73523
0.966477 0.161749 0.192624   1.7352
0.966481 0.161739 0.192589  1.73521
0.966404 0.162282 0.192536   1.7351
0.966381 0.162253 0.192667  1.73506
0.966364 0.162384 0.192637  1.73504
0.966375 0.162308 0.192613  1.73505
0.946868 0.174539 0.243012  1.70553
0.944626 0.172681 0.247663  1.70173
0.944866 0.178461 0.244648  1.70225
0.945842  0.17559  0.24491  1.70409
0.949985 0.180515 0.234915   1.7112
0.952274 0.173022 0.233454  1.71467
0.950094 0.175016 0.237752  1.71149
0.950737  0.17621 0.235626  1.71244
0.945697 0.181056 0.241828   1.7037
0.947179 0.183022 0.236609   1.7057
0.947588 0.177437 0.239669  1.70665
0.946316 0.180349 0.239719  1.70422
0.951786 0.147381 0.247279   1.7148
0.950645 0.142043   0.2499  1.71283
0.949081 0.149494 0.251185  1.71037
0.951043 0.146263 0.249385  1.71393
0.948796 0.161652 0.245947  1.70907
0.946841 0.157885 0.250596  1.70583
0.945967  0.16546 0.249232  1.70435
0.947814 0.161815 0.248654  1.70793
0.955494 0.152377  0.23712  1.72024
0.953452 0.150369 0.242592  1.71727
0.952596 0.157781 0.242122  1.71595
0.954243 0.153383 0.240931  1.71888
0.951481 0.151076 0.245871  1.71394
0.948738 0.153924 0.250052  1.70953
0.950546  0.15845 0.244997  1.71238
0.949698 0.154313 0.247018  1.71058
0.941155 0.196024 0.242458  1.69663
0.938314 0.199193 0.245619  1.69187
 0.93994 0.203016 0.240256  1.69467
0.939317 0.199435 0.242792  1.69323
0.943314 0.201735   0.2321  1.69939
0.941135 0.205797  0.23446  1.69611
0.943086 0.207323 0.227638   1.6989
0.941941 0.204714 0.231727  1.69679
0.946953  0.18866 0.235353  1.70602
0.944344 0.192434 0.239021  1.70206
0.945402 0.195396 0.234726  1.70368
 0.94508 0.192458 0.236389  1.70283
0.942153 0.196209 0.239687  1.69798
0.940959 0.202926 0.237642  1.69607
0.943308 0.199061  0.23507  1.69971
0.942659 0.199362 0.237468  1.69914
0.966125 0.146575 0.205088  1.73507
0.967166 0.142726 0.202689  1.73658
0.966144 0.141725 0.207868  1.73527
 0.96615 0.143676 0.205024  1.73478
0.967126 0.160744 0.190386  1.73618
0.967073 0.160433 0.190903   1.7361
 0.96698 0.160988 0.190884  1.73596
0.967083 0.160719 0.190725  1.73614
0.944064 0.218247  0.21308  1.69991
0.943309 0.212961 0.220135  1.69869
0.941595 0.220952 0.217952  1.69623
 0.94287 0.217698  0.21693  1.69803
0.942902 0.230497 0.203146  1.69808
0.946406 0.224223 0.199393  1.70365
0.944651 0.222015 0.207295   1.7008
0.944885 0.225216 0.203751   1.7014
0.941567 0.225686 0.214663   1.6966
0.942065 0.230989 0.207521  1.69738
0.943655 0.222253  0.21022  1.69932
0.942689 0.225884 0.211227  1.69837
 0.96678 0.154617 0.197227  1.73582
0.966312  0.15463 0.199336  1.73515
0.966336  0.15618 0.198064  1.73514
0.966373 0.155139 0.198185  1.73511
0.966198 0.162178 0.193564  1.73478
0.966217 0.162199 0.193459  1.73481
0.966229 0.162101 0.193484  1.73483
0.966208 0.162159 0.193502  1.73479
0.966238 0.161903 0.193583  1.73484
0.966246 0.161992 0.193486  1.73485
 0.96627 0.161881 0.193458  1.73489
0.966243 0.161925 0.193506  1.73484
0.965294 0.150653  0.20649   1.7339
0.963955 0.152291 0.210387   1.7319
0.964491 0.154591 0.207035  1.73262
0.964363 0.152455 0.207972  1.73226
0.966566 0.158983 0.194666  1.73539
0.966375 0.159034 0.195508  1.73511
0.966383 0.159614  0.19497   1.7351
0.966408 0.159208 0.195045  1.73512
0.966505 0.160038 0.194015  1.73527
0.966385 0.160072 0.194543  1.73509
0.966388 0.160436 0.194205  1.73509
0.966406  0.16018 0.194254   1.7351
0.966223 0.161172 0.194301  1.73483
0.966294 0.160817 0.194296  1.73494
0.966178 0.161017 0.194665  1.73477
0.966228 0.160999 0.194419  1.73484
  0.9662 0.162257  0.19346  1.73478
0.966173 0.162252 0.193574  1.73474
0.966171 0.162365   0.1935  1.73474
0.966187 0.162292 0.193511  1.73477
0.966507 0.160184 0.193782  1.73525
0.966403 0.160524 0.193977  1.73509
0.966484 0.160528 0.193602  1.73521
0.966483 0.160413 0.193785  1.73523
0.966311 0.161607 0.193437  1.73494
0.966339 0.161603 0.193309  1.73498
0.966341 0.161479 0.193397  1.73498
0.966336 0.161563 0.193387  1.73498
0.966389 0.161349 0.193347  1.73507
0.966422 0.161361  0.19319  1.73512
0.966433 0.161209 0.193259  1.73513
0.966423 0.161308 0.193265  1.73513
0.966205 0.159376 0.195876  1.73483
0.966046 0.160182 0.195953  1.73458
0.966247 0.159884  0.19526  1.73488
0.966191 0.159814 0.195693  1.73482
0.966376 0.161442 0.193334  1.73505
0.966367 0.161566 0.193252  1.73503
0.966407 0.161449 0.193193   1.7351
0.966378 0.161482 0.193262  1.73504
0.966301 0.161418 0.193687  1.73493
0.966346 0.161364 0.193512    1.735
0.966341 0.161224 0.193658  1.73499
0.966334 0.161338 0.193618  1.73499
 0.762537   0.13483 -0.476059   1.39939
 0.763222  0.131881 -0.473656   1.39877
   0.7651  0.133218 -0.474317   1.40334
 0.763635  0.133506 -0.474661   1.40055
0.764611 0.139445 -0.47996  1.40703
 0.761474  0.140953 -0.481781   1.40196
 0.762124  0.137908 -0.478846   1.40087
 0.762651   0.13948 -0.480167    1.4031
 0.765936  0.135208 -0.475574   1.40623
 0.766425   0.13862 -0.478315   1.40959
0.763281 0.136925 -0.47742  1.40218
 0.765462  0.136636 -0.476785   1.40626
0.770901 0.155786 -0.48265  1.42523
  0.77248  0.155412 -0.481294   1.42754
 0.771921  0.156907 -0.481299   1.42674
 0.77218 0.156109 -0.48181  1.42741
  0.77088  0.158706 -0.480638   1.42461
 0.770282  0.157847 -0.481512   1.42374
 0.771385  0.157966 -0.481031   1.42572
 0.771087  0.158206 -0.481062   1.42519
 0.770913  0.145813 -0.480531   1.42176
 0.773939  0.143278 -0.476398   1.42501
 0.773903  0.147328 -0.478187   1.42684
 0.773777  0.145677 -0.478497   1.42643
 0.752727  0.145862 -0.484591    1.3867
 0.754592  0.146837 -0.486583   1.39201
 0.752828  0.148175 -0.486895   1.38887
 0.753402  0.147187 -0.486117   1.38933
 0.749989  0.149008 -0.485541   1.38234
 0.751593   0.14954 -0.487336    1.3869
 0.750339  0.151347 -0.488196   1.38527
0.750647  0.15004 -0.48709  1.38491
 0.749284   0.14458 -0.480669   1.37685
 0.750995  0.145147 -0.482553   1.38169
0.749641 0.146748 -0.48305  1.37956
 0.749978  0.145631 -0.482186   1.37946
 0.751633  0.146199 -0.484066   1.38418
 0.751834  0.148401 -0.486452   1.38659
 0.750293  0.147807 -0.484609   1.38211
 0.751244  0.147354 -0.485002   1.38422
 0.777642  0.169762 -0.462157   1.42998
 0.773712  0.170966 -0.466116   1.42441
 0.775888  0.167939 -0.465764   1.42796
 0.775906  0.169734 -0.464514   1.42771
 0.768405  0.159799 -0.480238    1.4195
 0.768084  0.159451 -0.480512   1.41894
 0.768566  0.159474 -0.480213   1.41976
 0.768459  0.159586 -0.480306   1.41961
 0.745136  0.152999 -0.484168   1.37237
  0.74458  0.150882 -0.481659   1.36917
 0.746184  0.151393 -0.483965   1.37404
 0.745342  0.151885 -0.483381   1.37204
 0.748167  0.154153 -0.488739   1.38178
 0.747781  0.151985 -0.486426   1.37902
 0.749486  0.152752 -0.488793   1.38421
 0.748516  0.153172 -0.488092   1.38185
 0.746428  0.157467 -0.489518   1.37945
 0.745742  0.155205 -0.486747   1.37575
 0.74728 0.155583 -0.48892  1.38039
 0.746494  0.156126 -0.488487   1.37862
 0.745859  0.153992 -0.485906   1.37519
 0.746878  0.152359 -0.485674   1.37677
 0.747343   0.15445 -0.488132   1.37976
 0.746679  0.153494 -0.486516   1.37715
 0.779089  0.181579 -0.461825   1.43562
 0.775022  0.180392 -0.466364   1.42953
 0.778484  0.174133 -0.459893   1.43152
 0.779457  0.179079 -0.462644   1.43631
 0.770275  0.171283 -0.469432   1.41933
 0.767737   0.17106 -0.472192    1.4157
  0.76981  0.169361 -0.471296   1.41899
 0.769634  0.170692 -0.470861   1.41871
0.776037 0.194403 -0.47894  1.44191
 0.780726  0.190293 -0.469824   1.44549
 0.781406   0.19758 -0.476967    1.4524
 0.781353  0.194864 -0.475647   1.45109
 0.753766   0.15307 -0.491294   1.39467
 0.751171  0.152714 -0.489873   1.38835
 0.752495  0.150775 -0.488887   1.39001
0.752611 0.152078 -0.48976  1.39109
 0.755146   0.15163 -0.490517   1.39668
 0.753632  0.149627 -0.488328   1.39173
  0.75545  0.148394 -0.488112   1.39507
 0.754267  0.149564 -0.488758   1.39331
 0.740802   0.17087 -0.484517   1.36773
 0.742551  0.173127 -0.487434   1.37369
 0.740785  0.173022 -0.483806   1.36773
 0.741339  0.172251 -0.485031   1.36947
 0.737261   0.17092 -0.477402   1.35594
 0.738973  0.173014 -0.479993   1.36158
 0.737106  0.173172 -0.476391    1.3555
  0.73782  0.172262 -0.477729    1.3576
 0.737683  0.166435 -0.479044   1.35684
 0.739145  0.168551 -0.481663   1.36199
0.737295 0.168543  -0.4783  1.35605
  0.73805  0.167718 -0.479474   1.35816
 0.739635  0.169949 -0.482193   1.36364
 0.739583  0.172159 -0.481379   1.36352
 0.737904  0.170013 -0.478709   1.35789
 0.739011  0.170749 -0.480909   1.36173
  0.75303  0.194637 -0.481505   1.39623
  0.75396  0.192181 -0.486814   1.40084
 0.757336  0.196312 -0.484115   1.40698
 0.75461 0.194133 -0.48427  1.40103
 0.745362  0.174722 -0.491446   1.38236
  0.74716  0.173909 -0.494195   1.38763
 0.747496  0.177648 -0.493289   1.38856
 0.746195  0.175242 -0.492898   1.38512
 0.741729  0.180209 -0.480647   1.36928
 0.744158   0.18247 -0.483528   1.37659
 0.742321   0.18273 -0.479319   1.37022
  0.74276  0.181757 -0.480934   1.37192
 0.738125  0.180932 -0.472286   1.35674
 0.740448  0.183029 -0.474829    1.3636
 0.738542  0.183574 -0.470617   1.35716
 0.739162  0.182443 -0.472388   1.35928
  0.7374 0.175727  -0.4752  1.35592
 0.739427  0.177837 -0.477811   1.36222
 0.737495  0.178137 -0.473867   1.35582
 0.738176   0.17713 -0.475419   1.35796
 0.740401  0.179415 -0.478127   1.36477
 0.740943  0.181983 -0.476659   1.36553
0.738623 0.179821 -0.47403  1.35861
  0.73989  0.180404 -0.476425   1.36287
 0.747796  0.183699 -0.488169   1.38723
 0.749264  0.182535 -0.491922   1.39235
 0.750882  0.186527 -0.489921   1.39526
 0.748775  0.184001 -0.489946   1.39042
 0.745179  0.191339 -0.473629   1.37449
 0.748391  0.193833 -0.475614   1.38291
 0.745846  0.193892 -0.471395   1.37508
 0.746606  0.192906 -0.473132   1.37747
 0.741562  0.192345 -0.465516   1.36222
 0.744219  0.194124 -0.467855   1.36957
 0.742782  0.195526 -0.463719   1.36439
0.743059 0.194036 -0.46565  1.36579
 0.739542  0.186598 -0.468762   1.35874
  0.74219  0.188653 -0.471275   1.36624
 0.740543  0.189461 -0.467271   1.36053
 0.740926  0.188313 -0.468886   1.36206
 0.743508  0.190388 -0.471489   1.36949
 0.744293  0.193092 -0.469561   1.37055
 0.741824  0.191161 -0.467459   1.36369
0.743039 0.191626 -0.46962  1.36766
 0.778548  0.227512 -0.450599   1.43885
 0.776088  0.221528 -0.456872   1.43565
 0.780907  0.224489 -0.453803   1.44465
 0.780015  0.224709 -0.453894   1.44297
 0.789268    0.2333 -0.444949   1.45955
  0.78708  0.239344 -0.438607   1.45335
 0.782839  0.233346 -0.444735   1.44613
 0.786848   0.23536 -0.442927   1.45407
 0.784295  0.227492 -0.451329   1.45114
 0.789143  0.231193 -0.447477    1.4601
 0.782196  0.231262 -0.446904    1.4454
 0.784747  0.229403 -0.449121   1.45138
 0.762961  0.200538 -0.482847   1.41861
 0.768808  0.201886 -0.483386   1.43111
 0.766805  0.204519 -0.478452   1.42474
    0.767  0.202578 -0.481375   1.42642
 0.796038  0.208918 -0.470867   1.48107
 0.801157  0.211541 -0.465747   1.48942
 0.795737  0.212599 -0.466981   1.47921
  0.79684  0.210671 -0.468076   1.48154
 0.78459 0.208035 -0.47604  1.46035
 0.785747   0.20365 -0.479031   1.46349
 0.790265  0.206802 -0.475478   1.47136
 0.786291  0.206042 -0.477293   1.46404
 0.791717  0.212202 -0.468546    1.4717
0.785851 0.210146 -0.47265  1.46149
0.791902 0.208727 -0.47282  1.47363
 0.790427  0.211041 -0.470765   1.47001
 0.763501  0.219717 -0.455522   1.40841
 0.769938  0.220453 -0.457146   1.42284
 0.766821  0.224707 -0.451413   1.41425
 0.767121  0.221987 -0.454313    1.4158
 0.757807  0.226258 -0.444369   1.39186
 0.763688   0.22849 -0.445608   1.40543
 0.760252  0.231962 -0.439888   1.39596
  0.76122  0.229054 -0.443097   1.39899
0.752805 0.215713 -0.45201  1.38311
0.757896 0.217693 -0.45403  1.39538
 0.755242  0.220644 -0.448456   1.38737
 0.755697  0.218159 -0.451297   1.38932
 0.761279  0.220202 -0.453062   1.40248
 0.764492  0.225487 -0.448857   1.40814
 0.758661  0.223387 -0.447483   1.39464
 0.760875  0.222753 -0.450081   1.40059
 0.777519  0.211147 -0.471424   1.44408
0.773871 0.215131 -0.46564  1.43435
 0.770719  0.209682 -0.472346   1.43039
 0.775395  0.211983 -0.469921   1.43915
 0.776046  0.243504 -0.433739   1.42888
 0.783311  0.244967 -0.431999   1.44357
 0.778895  0.249944 -0.427406   1.43332
   0.7807  0.246432 -0.430894   1.43794
 0.767678   0.25156 -0.423307   1.40798
 0.774653  0.254294 -0.422431   1.42302
0.770207 0.258429 -0.41693  1.41196
 0.772004  0.254921 -0.420795   1.41672
 0.762727  0.238315 -0.434749   1.40003
 0.769134  0.240925 -0.434816   1.41423
 0.765145  0.244692 -0.429354   1.40394
 0.766602  0.241471 -0.432846   1.40797
 0.773405  0.243925 -0.432548   1.42279
 0.776231  0.250591 -0.426281   1.42728
 0.769394  0.247984 -0.427258   1.41265
 0.771819  0.247433 -0.428848   1.41848
 0.793559  0.261215 -0.414741   1.46105
 0.798099  0.266623 -0.406796   1.46835
 0.790242  0.266184 -0.409338   1.45279
 0.792666  0.264246 -0.410688   1.45801
 0.779174  0.257374 -0.419636   1.43198
  0.78206  0.264223 -0.412362   1.43638
 0.774824  0.261867 -0.414222    1.4213
  0.77733  0.261097 -0.415505   1.42706
 0.787731  0.247292 -0.428973   1.45192
   0.7895  0.254388 -0.421689   1.45396
 0.782957  0.252619 -0.424759   1.44125
  0.78519  0.251768 -0.424824   1.44573
 0.788355   0.25827 -0.418296   1.45096
 0.784486  0.262982 -0.413304   1.44163
 0.781499  0.256369 -0.420798   1.43721
 0.786203  0.259317 -0.417493   1.44631
 0.775831  0.272685 -0.402776   1.42092
 0.772939  0.265647 -0.409986    1.4163
 0.780352  0.268092 -0.408164   1.43182
 0.777676  0.269037 -0.406889   1.42576
 0.791485  0.276538 -0.397331    1.4527
 0.788149  0.270094 -0.405171   1.44747
 0.796129  0.270336 -0.401912   1.46288
 0.793446  0.272711 -0.401345   1.45764
 0.782127  0.287056 -0.386506   1.43085
 0.778953  0.279971 -0.394853   1.42589
  0.78703  0.281973 -0.392367    1.4425
0.784163 0.283225 -0.39112  1.43616
 0.780874   0.27604 -0.399485     1.431
 0.785315  0.271071 -0.404735   1.44152
 0.788714  0.277944 -0.396833   1.44698
 0.783498  0.274968 -0.400555    1.4368
 0.803836   0.26527 -0.407077   1.48026
 0.805131  0.257333 -0.415508   1.48466
 0.809959  0.262508 -0.407552   1.49258
 0.806283  0.261574 -0.410072   1.48572
 0.808594  0.268947 -0.399998   1.48811
 0.814301  0.265794 -0.401578   1.50002
 0.816498  0.271713 -0.391674   1.50191
 0.81198  0.26889 -0.39781  1.49424
0.803065 0.296228 -0.36877   1.4704
 0.812249  0.294569 -0.363836   1.48745
 0.807617  0.302866 -0.358033   1.47767
 0.809519   0.29832 -0.363481   1.48266
 0.792933  0.309256 -0.356812    1.4477
0.802804 0.310231 -0.35213  1.46723
 0.796872  0.316881 -0.345002   1.45371
  0.79945   0.31233 -0.351289   1.46035
 0.785554   0.29448 -0.377226   1.43619
 0.794129  0.295987 -0.373645   1.45336
 0.789042  0.301692 -0.367596   1.44161
 0.791201  0.297638 -0.372755   1.44722
 0.800476  0.298648 -0.368623   1.46557
 0.804973  0.305672 -0.357806   1.47282
 0.795485  0.304823 -0.362631   1.45422
 0.798419  0.302924 -0.363367   1.46022
 0.825085  0.340963 -0.291391   1.50279
 0.817851  0.350444 -0.281823   1.48721
 0.812374  0.341992 -0.299854    1.4785
 0.821146  0.344894 -0.290841   1.49549
 0.813313   0.32487 -0.324662   1.48373
0.806761 0.333352 -0.31657  1.46942
 0.801755  0.325036 -0.331354   1.46146
 0.809659  0.328171 -0.324065   1.47677
 0.837989  0.317564 -0.308541   1.52897
 0.831175   0.33009 -0.299434   1.51505
 0.825374  0.322711 -0.316087   1.50592
 0.834037   0.32416 -0.307782   1.52236
 0.827972  0.335032 -0.299784      1.51
  0.81566  0.336376 -0.308469   1.48679
0.822074 0.327051 -0.31661  1.50049
 0.819207   0.33273 -0.308776   1.49326
 0.876757  0.284674 -0.292486    1.5988
 0.888784  0.273206 -0.285436   1.62009
 0.887478  0.286861 -0.266793   1.61547
 0.886654  0.281416 -0.282486     1.617
  0.86612  0.279846 -0.314842    1.5811
 0.866236  0.270557 -0.332202   1.58485
 0.873573  0.269167 -0.322134   1.59701
 0.870635     0.272 -0.324455   1.59225
 0.876115  0.281244 -0.302122   1.59963
 0.881552  0.270105 -0.312876   1.61211
 0.888304  0.271341 -0.295319   1.62175
 0.879967  0.273865 -0.304132   1.60655
  0.84998  0.349772 -0.239799   1.54439
 0.863261  0.339678 -0.230572   1.56768
 0.856518  0.355478 -0.218071   1.55505
 0.859574  0.349301 -0.229143    1.5627
 0.836429  0.374092 -0.218245   1.51784
  0.85044  0.369178 -0.207078   1.54397
0.842674 0.380368 -0.19412  1.52804
 0.846348  0.375078 -0.206159   1.53711
 0.823824  0.358922 -0.261924   1.49695
  0.83686  0.355902 -0.251757   1.52123
  0.82982   0.36672 -0.241188   1.50678
 0.833134  0.361123 -0.251332   1.51499
0.846793 0.356533 -0.24063  1.54022
 0.853557   0.36299 -0.218279   1.55152
 0.840131  0.368322 -0.229919     1.527
 0.843678  0.362718 -0.230293   1.53265
 0.959452  0.224332 -0.118892   1.73242
 0.964413  0.207753 -0.123436   1.74141
  0.965721   0.214112 -0.0994575     1.7424
 0.962086  0.215443 -0.114589   1.73608
 0.910807  0.311686 -0.165687   1.65064
  0.92226  0.296924 -0.153756   1.67009
0.919531  0.30868 -0.13485  1.66393
 0.920067  0.305435 -0.150876   1.66726
  0.979593    0.17396 -0.0523225    1.76285
  0.975953   0.188867 -0.0464256    1.75621
  0.976698   0.181685 -0.0633996    1.75824
  0.978272   0.181054 -0.0547467    1.76115
 0.939285  0.245298 -0.173423   1.69942
 0.937077  0.236065 -0.198256    1.6973
 0.945484  0.226604 -0.178047   1.71039
 0.941979  0.235916 -0.183256   1.70554
  0.903741   0.361236 -0.0196203    1.63276
   0.913096    0.346592 -0.00585896     1.64808
  0.905912   0.358469 0.00543625    1.63572
   0.910142    0.355611 -0.00603075     1.64479
  0.888101   0.382805 0.00756141    1.60482
 0.898943  0.369307 0.0187036   1.62385
 0.891911  0.376795 0.0330111   1.61086
 0.895729  0.376377 0.0203913   1.61947
 0.879691  0.387736 -0.050313   1.59073
  0.892433   0.374573 -0.0338032    1.61299
 0.883745  0.386323 -0.021182    1.5974
  0.888619   0.383158 -0.0343851      1.608
  0.899424   0.369551 -0.0206395    1.62624
 0.902104  0.367088 0.0056619   1.63045
   0.891581    0.380957 -0.00642458     1.61243
   0.894823    0.372994 -0.00714797     1.61644
 0.910117  0.341442 0.0989815   1.64189
0.905609 0.343895 0.112276  1.63374
 0.902488  0.352989 0.0957431   1.62849
0.907761 0.346162 0.102598  1.63866
 0.904294   0.35704 0.0629041   1.63205
 0.899003  0.361774 0.0769912   1.62256
 0.895533  0.369782 0.0565161   1.61682
 0.901787  0.362916 0.0659575   1.62887
 0.919227   0.33047 0.0722442   1.65692
0.914416 0.336495 0.085849  1.64888
0.912072 0.343541 0.068456  1.64502
 0.917063  0.336992 0.0758068    1.6546
 0.912483  0.342463 0.0891235   1.64699
 0.905009  0.354791 0.0851101   1.63422
 0.909904  0.350024 0.0712872   1.64274
 0.907296  0.349472 0.0817643    1.6371
0.973085 0.205214 0.091158  1.74847
 0.973232  0.204669 0.0871803   1.74885
  0.97427  0.200968 0.0896915   1.75057
 0.973245  0.203758 0.0893268   1.74859
 0.974463  0.195825 0.0999307   1.75018
 0.974935  0.195922 0.0928506   1.75117
 0.975943  0.190162 0.0966536   1.75257
  0.97485  0.193888 0.0964263   1.75061
0.970893 0.208627 0.103013  1.74447
 0.972298  0.206473 0.0962677   1.74699
0.973191 0.201439   0.1031  1.74848
0.971559 0.205551 0.100657  1.74523
 0.972562  0.204371 0.0943214   1.74709
 0.974092  0.199301 0.0927701   1.74978
 0.973852  0.199451 0.0997151   1.74946
 0.973845  0.201224 0.0955208   1.74964
 0.966559  0.230187 0.0416078   1.73736
 0.969248   0.22187 0.0526206   1.74203
 0.965724  0.231605 0.0581595   1.73569
 0.967967  0.227867 0.0507993   1.74022
0.973168 0.209996 0.055475  1.74932
 0.975227  0.200157 0.0519226   1.75273
 0.974498  0.202887 0.0625036   1.75157
 0.973875  0.204377 0.0568055   1.75015
0.922051 0.310689 0.130318  1.66176
0.928678 0.298441 0.130726  1.67304
 0.92389 0.302399 0.144057  1.66505
0.926172 0.304199 0.135443  1.66984
0.913716 0.314704 0.155073  1.64745
0.919777  0.30522  0.15606  1.65833
0.915245 0.305261 0.167847  1.64985
0.917597 0.308574 0.159503  1.65507
0.908716 0.334044 0.127753  1.63899
0.915326  0.32316 0.128994  1.65042
 0.91132 0.324617 0.141686  1.64341
0.913284 0.327363  0.13307  1.64782
0.920074 0.316112 0.133918  1.65962
0.922125 0.307255 0.147544  1.66321
0.916101 0.317909 0.146369  1.65282
0.918014  0.31413 0.142668   1.6553
0.938167 0.266937 0.155722   1.6885
0.934922 0.267957 0.168777  1.68339
0.933547 0.275433 0.158317  1.68083
0.936039 0.270475 0.161427   1.6856
0.940837 0.271276 0.146088  1.69486
0.935982 0.280317 0.149367  1.68683
0.936847 0.285738  0.13563  1.68867
0.938009 0.279229 0.144186  1.69048
0.928126 0.277984 0.179279  1.67281
0.932572 0.269186 0.178538   1.6802
 0.92946 0.269828 0.188467  1.67519
0.931087  0.27242  0.18232  1.67858
0.922592 0.275449 0.198908  1.66335
0.926787 0.269212 0.197789  1.67086
 0.92389 0.266969  0.20616  1.66541
0.925243  0.27057 0.200973  1.66849
0.918367 0.294672 0.179872  1.65576
0.923307 0.286728 0.179506  1.66451
0.919991 0.285211 0.189425  1.65835
0.921641 0.288852 0.183006   1.6621
0.926475 0.280952 0.182685  1.67067
0.927951 0.272403 0.191879  1.67329
 0.92344 0.279664 0.192751  1.66532
0.925014 0.277794 0.189277  1.66758
0.934032 0.245656  0.20993  1.68351
0.938162 0.238532 0.207685   1.6905
0.935219 0.237908 0.216157  1.68565
0.936533 0.240806 0.211573  1.68839
0.929344  0.24135 0.225422  1.67558
0.932893 0.236442 0.223702  1.68194
0.930343 0.233638 0.230295  1.67715
0.931516 0.237168 0.226499   1.6798
0.926144 0.257886 0.213505  1.66973
0.929876   0.2524 0.211792  1.67631
0.927305 0.249912 0.219381  1.67161
 0.92853  0.25342 0.214982  1.67437
0.932578 0.247643 0.213227  1.68161
0.933852 0.239687 0.219313  1.68389
0.930112  0.24537 0.221092  1.67733
0.931432 0.244324 0.217993   1.6792
0.969317 0.155062 0.184591  1.73961
0.969531 0.156367 0.182287  1.73994
0.970035 0.153366 0.182288  1.74074
0.969529 0.154954 0.183049  1.73985
  0.9386 0.215913  0.23049  1.69159
0.941917 0.210701 0.227358    1.697
0.939803 0.209051 0.234145  1.69375
0.940661 0.211934 0.230981  1.69554
0.935048 0.210133 0.242712  1.68587
0.938097 0.206548 0.240143  1.69119
0.936177 0.202893 0.245398  1.68767
 0.93696  0.20652 0.242802   1.6895
0.932157 0.225395 0.235223  1.68064
0.935238  0.22107 0.233055  1.68595
0.933183 0.218056 0.239007  1.68229
0.934138 0.221492 0.235853  1.68444
0.937425 0.217019 0.233561  1.69016
0.938696 0.209863 0.237163  1.69243
0.935518 0.214071 0.239745  1.68697
0.936648 0.213741 0.236899  1.68853
0.944394 0.179976 0.246399  1.70216
0.944054 0.174351 0.249462  1.70152
0.942024  0.18093 0.250309  1.69834
0.943504  0.17852 0.248677   1.7007
0.940833 0.192297 0.244614  1.69579
0.939534 0.187988 0.249399   1.6936
0.938135 0.195081 0.247942  1.69135
0.939972 0.191737 0.247414  1.69473
0.946269 0.185772 0.237184  1.70439
0.944797 0.183546 0.242273  1.70228
0.943631 0.189394 0.240963  1.70034
0.945332 0.186073 0.240536  1.70347
0.943516 0.183371 0.245206  1.70029
0.941037 0.184997 0.249038   1.6963
0.942222  0.18932 0.243904  1.69811
0.942009 0.185895 0.246012  1.69759
0.955707 0.138069 0.243573  1.72161
0.952776 0.138573 0.248243  1.71677
 0.95357 0.144396 0.245572  1.71795
0.953674 0.140613 0.245904    1.718
0.958482 0.145495 0.233874  1.72524
0.961014   0.1368 0.230427  1.72923
0.958638 0.138718 0.237457  1.72625
0.958793 0.140131 0.234156  1.72554
0.953381 0.146444 0.242466  1.71645
0.955313 0.148169 0.236695  1.71902
0.955515 0.141085 0.240452  1.72011
0.954686  0.14504 0.240459  1.71856
 0.96892 0.156313 0.185153  1.73892
0.968571 0.158392 0.185204  1.73839
0.969093 0.157582 0.183192   1.7392
0.968935 0.157416 0.184527  1.73902
   0.7908  0.241715 -0.436726    1.4608
0.792694    0.235 -0.44325  1.46623
 0.797288  0.240322 -0.437912   1.47449
 0.793714  0.238667 -0.439729   1.46753
 0.795271  0.245193 -0.431688   1.46856
 0.800987  0.243397 -0.433839   1.48105
 0.803115  0.249364 -0.426272   1.48343
 0.798725  0.246064 -0.430828   1.47556
 0.803559   0.22047 -0.455476   1.49115
 0.806206  0.215509 -0.459627   1.49758
 0.810464  0.220054 -0.453335   1.50422
   0.8056  0.218369 -0.456371   1.49523
 0.809461  0.230533 -0.444236   1.50014
  0.81322  0.225592 -0.447363   1.50823
 0.815202  0.231328 -0.442336   1.51127
  0.81174  0.229055 -0.444774   1.50467
 0.79667 0.229904 -0.44808  1.47559
  0.80024  0.225374 -0.451827   1.48368
 0.803358  0.230364 -0.446207   1.48854
 0.799033  0.228417 -0.448888    1.4804
  0.80246  0.223396 -0.452565   1.48804
 0.808957  0.223415 -0.450227   1.50023
 0.805555  0.228547 -0.446875   1.49283
 0.806788  0.225229 -0.449837    1.4961
 0.788438  0.222705 -0.457054   1.46147
 0.791261   0.22798 -0.451045   1.46551
 0.786177  0.225129 -0.454267   1.45601
 0.787254  0.225012 -0.454271   1.45813
 0.777737  0.217624 -0.463389   1.44167
0.781426 0.213131 -0.46904  1.45123
  0.78417  0.218213 -0.462849    1.4547
 0.780118  0.216607 -0.464975   1.44712
 0.782583  0.223661 -0.455507   1.44885
 0.777842  0.220335 -0.459267   1.44028
 0.784246   0.22095 -0.459206   1.45356
 0.782461  0.222367 -0.457274   1.44923
 0.792991  0.193396 -0.463276     1.468
 0.798335   0.19167 -0.459284   1.47667
0.795589 0.197738 -0.46833  1.47691
 0.794719  0.193867 -0.463888   1.47195
 0.784607  0.197445 -0.474275   1.45747
 0.783979  0.189089 -0.466453   1.45009
 0.788535  0.192774 -0.466335   1.46029
 0.784278  0.192816 -0.468755   1.45275
 0.792727  0.199238 -0.472082   1.47323
 0.787591  0.199574 -0.476235   1.46503
 0.791109  0.195743 -0.468513   1.46741
 0.791418  0.198713 -0.472345   1.47067
0.985186 0.130166 0.105561  1.76743
 0.985497  0.134708 0.0906689   1.76821
 0.987299  0.117517 0.0935962   1.77143
 0.986394  0.127616 0.0964835   1.76996
0.987011 0.102696 0.121771  1.77131
 0.989327 0.0982306  0.102731   1.77591
 0.988821 0.0828426  0.118197   1.77529
 0.988353 0.0944798  0.114166   1.77398
0.982821 0.129778 0.132064   1.7631
0.984158 0.128583 0.119634  1.76542
0.984657 0.117972 0.126577   1.7664
0.984142 0.125363 0.125889  1.76555
0.985717 0.124936 0.112027  1.76861
0.987787  0.11079 0.102245  1.77255
0.986297 0.112126  0.11975  1.76972
0.986637 0.116046 0.111434  1.77033
0.968195 0.160164 0.185599  1.73783
0.967821 0.161626 0.186215  1.73726
0.968151 0.161599 0.184568  1.73777
0.968087  0.16112 0.185466  1.73769
0.977741 0.155434 0.138885  1.75422
0.978571  0.16119 0.129594  1.75618
0.979795 0.151389 0.129955  1.75783
0.978884  0.15571 0.132146  1.75639
0.976644 0.149716 0.140731   1.7509
0.978869 0.145885 0.131131  1.75491
0.979529 0.140232 0.136813  1.75642
0.978829  0.14488 0.135443  1.75509
 0.974408  0.199806 0.0872484   1.75078
  0.97334  0.203505 0.0856678   1.74906
0.974107 0.200597 0.083354  1.75069
 0.974176  0.201331 0.0854462   1.75072
0.976638 0.191384 0.077126  1.75505
 0.974748  0.198199 0.0787169   1.75219
 0.975302  0.195793 0.0711073   1.75358
 0.975956  0.195226 0.0756545   1.75458
 0.976547  0.187962 0.0927989   1.75357
  0.97547  0.194501 0.0893361    1.7522
 0.976884  0.188823 0.0848572   1.75467
 0.976794  0.190398 0.0889611   1.75466
 0.975323  0.196719 0.0866764   1.75241
 0.974839   0.19824 0.0817665   1.75202
 0.976651  0.192091 0.0817387   1.75494
 0.975289  0.195801 0.0832433   1.75233
 0.767924  0.161383 -0.480748   1.41914
 0.767798  0.161312 -0.480911   1.41897
 0.767911  0.161173 -0.480818   1.41911
 0.767835   0.16129 -0.480822   1.41898
 0.767492  0.161147 -0.481243   1.41851
  0.76748   0.16129 -0.481194   1.41848
 0.767385   0.16122 -0.481292   1.41833
 0.767447  0.161228 -0.481239   1.41843
  0.76741  0.161091 -0.481307   1.41837
 0.767319  0.161181 -0.481344   1.41822
 0.767254  0.161091 -0.481437   1.41813
 0.767352  0.161114 -0.481373   1.41829
  0.76819  0.160771 -0.480529   1.41942
 0.768241  0.161055 -0.480432   1.41953
 0.768044  0.160987 -0.480697   1.41927
 0.768092   0.16093 -0.480543   1.41926
 0.768638  0.160633 -0.480035   1.42002
  0.76835  0.160527 -0.480349    1.4196
 0.768527  0.160259 -0.480178   1.41981
 0.768421  0.160459 -0.480174   1.41962
0.766725 0.161883 -0.48144  1.41721
 0.766619  0.161855 -0.481591   1.41708
 0.766759  0.161727 -0.481494   1.41728
 0.766668  0.161814 -0.481507   1.41712
 0.771964  0.166264 -0.474653   1.42468
 0.770129  0.166766 -0.475986   1.42182
 0.771086  0.166027 -0.476594     1.424
 0.771035  0.166491 -0.475674   1.42343
 0.767722  0.160783 -0.481091   1.41881
 0.767839  0.160966 -0.480951     1.419
 0.767642  0.160996 -0.481159   1.41873
 0.767678  0.160902 -0.481061   1.41872
 0.759347   0.14472 -0.485372    1.4006
 0.759117  0.148052 -0.488143   1.40259
 0.756863  0.146813 -0.486952   1.39692
 0.758471  0.146334 -0.486768   1.40001
 0.767752  0.160676 -0.480957   1.41876
 0.767994  0.160662 -0.480665   1.41908
  0.76788  0.160892 -0.480816   1.41899
0.767949 0.160752 -0.48082   1.4191
   0.7706  0.158817 -0.480582   1.42404
  0.76972  0.158601 -0.480784   1.42232
 0.770018  0.158081 -0.481368   1.42317
 0.769954  0.158463 -0.480916   1.42284
 0.765227  0.141358 -0.481425    1.4096
 0.763942   0.14454 -0.484449   1.40948
 0.762145  0.142772 -0.483441   1.40476
0.763567  0.14274 -0.48318  1.40754
 0.766228  0.162646 -0.481759   1.41655
0.766024 0.162695 -0.48202   1.4163
 0.766165  0.162424 -0.481922   1.41647
 0.766111  0.162573 -0.481902   1.41638
 0.770639  0.156404 -0.482759   1.42491
0.771616 0.157342 -0.48151  1.42635
0.770336 0.157383 -0.48207  1.42409
   0.7706  0.156987 -0.482127   1.42457
0.772997 0.153356 -0.48081  1.42786
 0.771237  0.151909 -0.482661   1.42505
 0.773485  0.150672 -0.479745   1.42763
 0.773259  0.152105 -0.481203   1.42837
 0.766923  0.157055 -0.484461   1.41851
 0.766074  0.157568 -0.484218   1.41674
 0.765608  0.157204 -0.485529   1.41651
 0.766159  0.157189 -0.484794   1.41718
 0.767165  0.141827 -0.481264   1.41362
 0.768345  0.145253 -0.482797   1.41772
 0.765406  0.144995 -0.484366   1.41256
  0.76749  0.144326 -0.482994   1.41587
 0.777612  0.142034 -0.471202   1.42928
 0.781095  0.141149 -0.465788   1.43319
 0.780631   0.14571 -0.468887   1.43494
 0.780868  0.143048 -0.468512   1.43469
0.769511 0.141023 -0.47938  1.41716
 0.773166  0.141619 -0.476858   1.42334
 0.770375  0.144504 -0.480964   1.42063
 0.770193  0.142094 -0.479069   1.41861
 0.769107  0.158346 -0.481083   1.42119
 0.768372  0.157906 -0.481842   1.42006
 0.769274  0.157831 -0.481747   1.42183
 0.76906 0.158062 -0.48152   1.4213
 0.767119  0.162744 -0.480761   1.41778
 0.767073  0.162684 -0.480844   1.41772
 0.767171  0.162678 -0.480768   1.41788
 0.767136  0.162701 -0.480793   1.41783
 0.766924  0.162773 -0.480896   1.41747
 0.767012  0.162687 -0.480876   1.41762
 0.767064   0.16277 -0.480793   1.41769
 0.766978  0.162751 -0.480844   1.41754
 0.767228  0.163088 -0.480593   1.41798
 0.767468  0.163097 -0.480401   1.41836
 0.767283  0.163291 -0.480565   1.41812
 0.767284  0.163141 -0.480517   1.41806
 0.766678  0.162591 -0.481163   1.41709
 0.766802   0.16255 -0.481069   1.41728
 0.766782  0.162704 -0.481031   1.41725
 0.766755  0.162621 -0.481085   1.41721
 0.770354    0.1658 -0.478042   1.42334
 0.769069  0.166076 -0.478856   1.42125
 0.769749  0.165547 -0.479042   1.42267
 0.769739  0.165914 -0.478612   1.42245
 0.766409  0.162317 -0.481592   1.41675
 0.766309  0.162527 -0.481665   1.41663
 0.766245  0.162328 -0.481811   1.41655
 0.766344  0.162405 -0.481689   1.41669
  0.76665  0.161976 -0.481441   1.41708
 0.766525  0.162133 -0.481513    1.4169
 0.766527  0.161956 -0.481601   1.41692
 0.766596  0.162029 -0.481517   1.41703
 0.768114    0.1604 -0.480503   1.41918
 0.767899  0.160121 -0.480697    1.4188
 0.768247  0.160108 -0.480348    1.4193
 0.768183   0.16022 -0.480517   1.41929
 0.769256  0.165606 -0.479445   1.42192
 0.768614  0.166066 -0.479367   1.42064
 0.768305  0.165701 -0.480042   1.42035
 0.768669  0.165741 -0.479683   1.42088
 0.766624  0.161601 -0.481699   1.41711
 0.766712  0.161657 -0.481553   1.41721
 0.766561  0.161776 -0.481665   1.41699
 0.766671  0.161683 -0.481641   1.41718
 0.767619  0.159883 -0.480933   1.41832
  0.76726  0.159697 -0.481176   1.41769
 0.767647  0.159532 -0.480837   1.41825
 0.767605   0.15972 -0.480977   1.41828
 0.766829  0.161306 -0.481677   1.41745
 0.766862  0.161386 -0.481575   1.41747
 0.766715  0.161442 -0.481703   1.41726
 0.766842  0.161379 -0.481656   1.41748
0.766975 0.161012 -0.48173  1.41772
 0.767113  0.161069 -0.481595   1.41793
 0.766957  0.161155 -0.481692   1.41769
 0.766974  0.161079 -0.481669   1.41769
 0.766956  0.161263 -0.481622   1.41767
 0.767066   0.16126 -0.481504   1.41782
 0.766969   0.16134 -0.481535   1.41766
0.766964 0.161286 -0.48155  1.41765
 0.767576  0.161167 -0.481172   1.41864
 0.767669  0.161286 -0.481055   1.41878
 0.767556  0.161326 -0.481141   1.41861
0.767596 0.161256 -0.48112  1.41867
 0.766539   0.16152 -0.481852   1.41701
 0.766338  0.161625 -0.482017   1.41672
 0.766462  0.161399 -0.481993   1.41691
 0.766502   0.16152 -0.481962     1.417
 0.767593  0.161086 -0.481118   1.41862
 0.767761  0.161079 -0.480924   1.41885
 0.767679  0.161223 -0.480988   1.41875
 0.767724  0.161141 -0.481011   1.41884
 0.767438  0.161009 -0.481316   1.41841
0.767267 0.161026 -0.48147  1.41816
 0.767315  0.160899 -0.481436   1.41821
0.767296 0.160971 -0.48141  1.41817
 0.778045  0.172863 -0.462117   1.43158
 0.775172  0.178181 -0.467176   1.42983
 0.773958   0.17349 -0.466484   1.42577
  0.77466  0.174518 -0.464941   1.42657
 0.746931   0.16966 -0.494514   1.38643
 0.745499   0.16677 -0.492583   1.38161
 0.747521  0.166322 -0.494725   1.38703
 0.746234   0.16747 -0.493863    1.3841
0.754758 0.158495  -0.4945      1.4
 0.752375  0.158142 -0.494173    1.3948
0.754214 0.155512 -0.49324   1.3974
 0.754023  0.157265 -0.494044   1.39791
 0.771493  0.168931 -0.470342   1.42178
  0.77428  0.168213 -0.467716   1.42582
0.772479 0.170635 -0.46792  1.42282
 0.772572  0.169036 -0.468683   1.42306
 0.771902  0.166848 -0.473488   1.42398
 0.770663  0.167925 -0.472825   1.42129
  0.76999  0.167275 -0.475055   1.42109
 0.770822  0.167227 -0.473898    1.4221
 0.768742  0.159135 -0.480325   1.42013
 0.768257  0.158732 -0.480783   1.41933
 0.768919  0.158765 -0.480605    1.4206
0.768759 0.158894 -0.48054  1.42025
 0.770323  0.166198 -0.477375   1.42294
 0.769441  0.166808 -0.476903   1.42097
 0.768984  0.166426 -0.478336   1.42083
 0.769555  0.166404 -0.477637   1.42157
 0.766537  0.162522 -0.481358   1.41691
 0.766394  0.162566 -0.481537   1.41674
 0.766488  0.162371 -0.481482   1.41686
 0.766454  0.162476 -0.481459   1.41679
 0.766754  0.162783 -0.481066   1.41723
 0.766613  0.162828 -0.481227   1.41705
  0.76665  0.162662 -0.481218   1.41709
 0.766651  0.162748 -0.481175   1.41708
 0.767454  0.168078 -0.475261   1.41621
 0.768909  0.167432 -0.475493   1.41917
0.769335 0.168188 -0.47345  1.41901
 0.768688  0.168013 -0.474656   1.41836
 0.768531  0.164906 -0.480206   1.42078
0.768057  0.16532 -0.48043  1.42002
 0.767854  0.164927 -0.480609   1.41964
 0.768068  0.165012 -0.480445   1.41999
 0.768037  0.164175 -0.480329   1.41971
  0.76769  0.164539 -0.480653   1.41926
 0.767556  0.164171 -0.480632    1.4189
 0.767681  0.164264 -0.480544   1.41912
 0.766846  0.163105 -0.480946   1.41742
 0.766873  0.162908 -0.480925   1.41742
 0.767024   0.16302 -0.480772   1.41766
 0.766867     0.163 -0.480873   1.41739
 0.768532  0.166902 -0.477242   1.41933
 0.767191  0.166764 -0.478377   1.41725
 0.768212  0.166482 -0.478621   1.41943
 0.768052  0.166813 -0.478041   1.41882
 0.768002  0.163893 -0.480232   1.41952
 0.767544  0.163921 -0.480514   1.41876
 0.767821  0.163595 -0.480234   1.41909
  0.76785  0.163842 -0.480321   1.41925
  0.76735  0.163356 -0.480488   1.41822
 0.767556  0.163128 -0.480313   1.41849
 0.767675  0.163339 -0.480259   1.41875
 0.767569    0.1633 -0.480346   1.41858
 0.767189  0.162938 -0.480635   1.41789
  0.76717  0.162826 -0.480695   1.41786
 0.767325  0.162825 -0.480569   1.41811
 0.767203  0.162852 -0.480638    1.4179
 0.767143  0.164079 -0.480914   1.41821
 0.766794   0.16426 -0.481263   1.41774
 0.766802  0.163925 -0.481167   1.41763
 0.766821  0.164067 -0.481115   1.41767
 0.767048  0.162933 -0.480734   1.41766
 0.766909   0.16284 -0.480879   1.41745
 0.767067  0.162817 -0.480762   1.41769
 0.767051  0.162869 -0.480788   1.41769
 0.767052  0.163099 -0.480707   1.41769
 0.767071   0.16331 -0.480704   1.41777
 0.766846  0.163212 -0.480899   1.41741
 0.767041  0.163226 -0.480768   1.41773
 0.970481  0.212068 0.0774781   1.74348
  0.97219  0.205522 0.0715228   1.74652
 0.971761   0.20714 0.0781788   1.74597
 0.971523  0.208049 0.0759909    1.7454
 0.972351  0.211827 0.0823264   1.74802
0.972938 0.207333 0.081333  1.74891
 0.972948  0.207129 0.0850247   1.74875
0.972442 0.208363 0.083063  1.74773
 0.935933  0.303332 0.0722407   1.68661
 0.929558  0.318129 0.0655191   1.67638
 0.933873  0.311467 0.0498751   1.68359
 0.931085   0.31162 0.0624707   1.67749
 0.930862  0.315511 0.0196662   1.67772
  0.923854   0.328654 0.00146977    1.66634
   0.930885    0.314029 -0.00649197     1.67789
  0.926944   0.319987 0.00447956    1.67036
 0.933419  0.297653 0.0940459      1.68
0.931171 0.296334 0.114742  1.67626
0.927836 0.306602  0.10333  1.67086
0.930028 0.300969  0.10383  1.67407
 0.933934  0.302514 0.0846564   1.68235
 0.927616  0.310618 0.0947545   1.67105
 0.927336   0.31732 0.0768615   1.67148
 0.931062  0.310323 0.0859639   1.67842
  0.978494   0.188668 0.00203755    1.75928
   0.980498    0.178842 -0.00109278     1.76265
  0.979997   0.181111 0.00760791    1.76156
  0.979186   0.182458 0.00320368    1.75989
  0.978465   0.191764 0.00676659    1.75956
 0.980015  0.183025 0.0118261   1.76183
 0.979089  0.188728 0.0179167   1.76035
 0.979583  0.187341 0.0123503   1.76145
 0.927077  0.318292 0.0419801    1.6697
 0.922769  0.324628 0.0591564   1.66236
 0.920125  0.330091 0.0424843   1.65774
 0.924011   0.32502 0.0482951   1.66512
 0.930497  0.319908 0.0283827   1.67842
 0.923256  0.332119 0.0296032   1.66578
 0.923589  0.333787 0.0101223    1.6674
  0.92606  0.329112 0.0229822   1.67127
  0.980993   0.176094 -0.0195464    1.76426
  0.981673    0.17573 -0.0104507     1.7654
  0.980401   0.180972 -0.0151952    1.76337
  0.980605   0.177919 -0.0152128    1.76335
  0.977158   0.187891 -0.0379013    1.75824
  0.980259   0.173885 -0.0445935    1.76379
  0.979663   0.178555 -0.0316147    1.76218
  0.978632   0.179612 -0.0373237    1.76025
  0.980634   0.184294 -0.0183266    1.76473
  0.979701   0.190731 -0.0296656    1.76437
  0.981131   0.180524 -0.0251393    1.76574
  0.980437   0.184339 -0.0228337    1.76456
   0.972201    0.213068 -0.00794719     1.74896
  0.974239   0.202753 -0.0237302    1.75279
   0.975498    0.200907 -0.00659326     1.75451
  0.973841   0.205513 -0.0123086    1.75165
 0.976884  0.190103 -0.067845   1.76083
  0.976917   0.197832 -0.0508154    1.76077
  0.972098   0.205449 -0.0724091    1.75261
 0.975227   0.19743 -0.064395   1.75785
  0.969994   0.220446 0.00861806    1.74433
 0.971644  0.214686 0.0227813    1.7467
 0.968031  0.226656 0.0249726   1.74039
 0.970295  0.220393 0.0187982   1.74469
  0.966172   0.205941 -0.0973755    1.74137
 0.965205  0.199211 -0.120112   1.74086
 0.969677  0.191724 -0.106708   1.74815
0.968534 0.198116 -0.10854    1.747
 0.969963  0.203421 -0.084066   1.74838
  0.973069   0.190478 -0.0965351    1.75488
    0.9755   0.189381 -0.0781281     1.7584
  0.972419   0.193867 -0.0869677    1.75275
 0.954825  0.225454 -0.133926   1.72397
 0.953509  0.216825 -0.157823   1.72313
 0.960677  0.207992 -0.138292   1.73487
 0.957383   0.21669 -0.143506   1.72979
 0.906317  0.321237 -0.160841   1.64258
 0.915138   0.31815 -0.129075   1.65597
 0.902969  0.335706 -0.133804   1.63481
  0.90692  0.325268 -0.141072    1.6414
  0.953242    0.24767 -0.0899032    1.71874
 0.946788  0.260857 -0.106676   1.70919
 0.952603  0.241613 -0.114208   1.71927
0.949546   0.2499 -0.10306  1.71231
 0.897774   0.31389 -0.203619   1.63027
 0.883382   0.32276 -0.226256   1.60629
 0.892589  0.303652 -0.235664    1.6234
  0.88771  0.314013 -0.222343     1.612
  0.958467   0.237087 -0.0716204     1.7264
  0.963696   0.220568 -0.0756605    1.73565
  0.963303   0.229483 -0.0538914    1.73436
  0.961111   0.229696 -0.0668221    1.73047
  0.91974  0.265876 -0.214568   1.66875
 0.917277  0.255184 -0.239209   1.66646
 0.927018  0.245988 -0.218901   1.68126
 0.922956  0.255347 -0.224407   1.67583
 0.894411  0.282881 -0.256711   1.62695
   0.8954  0.268774 -0.277825    1.6314
 0.905348  0.264757 -0.258841   1.64719
 0.898869  0.271395 -0.265769   1.63635
 0.866135  0.315953 -0.266663   1.57671
 0.867731   0.32699 -0.245249   1.57754
0.858792 0.326918 -0.26581  1.56381
 0.862948  0.323234 -0.260363    1.5701
0.852614 0.307332 -0.30299  1.55587
 0.863299  0.295629 -0.302279    1.5755
 0.863268  0.307203 -0.285785   1.57354
 0.859797   0.30471 -0.295498   1.56834
 0.854201   0.32356 -0.279005   1.55669
0.851047 0.314819  -0.2976  1.55305
 0.861164  0.313606 -0.279662   1.56899
 0.857442  0.317467 -0.284581   1.56369
 0.902249  0.304942 -0.199449   1.63644
 0.897735  0.294758 -0.231214     1.631
 0.910972  0.285284 -0.209465   1.65282
 0.906996  0.294696 -0.213554   1.64772
 0.839336  0.290516 -0.341765   1.53575
 0.841583  0.303168 -0.323427   1.53769
 0.831873  0.301932 -0.337805   1.52164
 0.835659  0.299282 -0.334327   1.52763
  0.83351   0.28976 -0.349132   1.52578
 0.826834  0.300109 -0.343849   1.51246
 0.822887  0.293353 -0.356992   1.50718
 0.829942  0.295212 -0.349553   1.52003
 0.881884  0.304711 -0.249011   1.60305
   0.8718  0.322382 -0.239246   1.58332
 0.869533  0.311824 -0.262224   1.58153
 0.876898  0.313171 -0.251056   1.59527
0.887065 0.295639 -0.26524  1.61707
 0.874774   0.30442 -0.277029   1.59579
 0.875743  0.292671 -0.291637   1.59899
  0.87627  0.297682 -0.278627   1.59736
 0.839557  0.252968 -0.400739   1.54907
 0.843274    0.2489 -0.402046   1.55626
 0.844421  0.252405 -0.395928    1.5572
0.842145 0.251869 -0.39916  1.55351
 0.838835   0.26326 -0.389504   1.54612
 0.830943  0.261356 -0.398438   1.53257
  0.83658   0.25801 -0.398739   1.54357
 0.834945  0.261303 -0.395824   1.53988
 0.842892  0.255402 -0.392595   1.55337
 0.839896  0.260844 -0.388157   1.54682
0.837749 0.256101 -0.39729  1.54465
 0.841458  0.256945 -0.393385   1.55122
 0.824704  0.254579 -0.411923   1.52318
 0.824174  0.258907 -0.405413   1.52047
 0.819962  0.256016 -0.411587   1.51352
0.823116 0.256774 -0.40964  1.51951
 0.816018  0.250562 -0.421715    1.5084
 0.816009  0.254422 -0.415977   1.50683
 0.809933  0.252798 -0.420244   1.49564
  0.81375  0.253214 -0.418642   1.50295
 0.825205  0.247019 -0.422698   1.52684
 0.825002  0.250729 -0.417579    1.5252
0.820763   0.2488 -0.42244  1.51802
 0.823734  0.249259 -0.420626    1.5235
 0.823721  0.252751 -0.415442   1.52219
 0.819367  0.254232 -0.415013   1.51336
0.819422 0.250757 -0.42055  1.51499
 0.820826  0.252298 -0.417187   1.51683
  0.84859   0.28949 -0.335409   1.55338
0.860441 0.291111 -0.31502  1.57236
 0.850025  0.301799 -0.316582   1.55338
 0.853372  0.293952 -0.322369   1.56033
 0.840603  0.277627 -0.359071   1.54139
 0.840689  0.267716 -0.374492   1.54489
 0.847808  0.269019 -0.365365   1.55691
 0.844752  0.270462 -0.367628   1.55172
 0.849066  0.280991 -0.347911   1.55655
 0.854669  0.271326 -0.357353   1.56953
 0.861534  0.274073 -0.343619    1.5801
 0.853374  0.275183 -0.350271   1.56496
0.966576 0.161519 0.192373  1.73536
0.966554 0.161658 0.192366  1.73532
0.966589 0.161613 0.192234  1.73538
0.966579 0.161599 0.192326  1.73537
0.966485 0.161949 0.192406  1.73521
0.966475 0.161876 0.192503  1.73519
0.966452 0.161985 0.192525  1.73516
0.966479 0.161936  0.19248  1.73521
0.966481 0.162025 0.192386  1.73521
0.966447 0.162051 0.192518  1.73516
0.966443 0.162158 0.192454  1.73516
0.966447 0.162081 0.192454  1.73515
0.966689 0.161452 0.191865  1.73552
0.966669 0.161312 0.192074  1.73549
 0.96663 0.161543 0.192074  1.73543
0.966672 0.161435 0.192005   1.7355
0.966828 0.160972 0.191614  1.73573
0.966766 0.161333 0.191607  1.73564
0.966861 0.161182 0.191285  1.73578
0.966833 0.161161 0.191502  1.73575
0.966226 0.162391 0.193253  1.73483
0.966213 0.162499 0.193217   1.7348
0.966242 0.162412 0.193154  1.73485
0.966227 0.162433 0.193208  1.73483
 0.96556 0.151297  0.20433  1.73408
0.964859 0.154661 0.205061  1.73301
0.965726 0.153645 0.202121  1.73425
0.965572 0.153179 0.203859  1.73424
0.966571 0.161909 0.192022  1.73534
0.966579 0.161743 0.192122  1.73535
0.966532 0.161908 0.192215  1.73528
0.966564 0.161851 0.192118  1.73533
 0.96625 0.162444 0.193099  1.73486
0.966217 0.162546 0.193158  1.73481
0.966248 0.162548 0.193022  1.73486
0.966236 0.162514 0.193093  1.73484
0.967622 0.159081 0.189606  1.73698
0.967726 0.159561 0.188675  1.73714
 0.96792 0.158377 0.188775  1.73744
0.967708 0.159012 0.189015  1.73707
0.949232 0.205968 0.212812  1.70881
0.945635 0.208658 0.218851  1.70266
0.946349 0.214565 0.212447  1.70416
0.947232  0.21016 0.214782  1.70572
 0.95038 0.208874 0.207911  1.71101
0.947589 0.217343 0.208255  1.70676
0.949256 0.218219  0.20088  1.70912
 0.94815 0.215395 0.205737  1.70691
0.966971 0.161268 0.190776  1.73597
0.966969 0.161673  0.19042  1.73596
0.967114 0.161092 0.190251  1.73619
0.967002 0.161348  0.19048    1.736
 0.97031 0.153276 0.180299  1.74107
0.969731 0.156619 0.180579  1.74018
0.970528 0.155487 0.177203  1.74143
 0.97029 0.155101  0.17938  1.74113
0.966064 0.162646 0.193778  1.73458
 0.96601 0.162894 0.193818   1.7345
0.966075 0.162791   0.1936   1.7346
0.966044 0.162776 0.193733  1.73455
0.946631 0.228206 0.193604  1.70402
0.942936  0.23551 0.197569   1.6983
0.944858  0.23843 0.186037  1.70117
0.944435 0.234052  0.19275  1.70031
0.967292 0.160872 0.189597  1.73646
0.967289 0.161493 0.189053  1.73645
 0.96751 0.160606 0.188785   1.7368
0.967339 0.160996 0.189142  1.73651
0.972516 0.148602 0.171841  1.74455
0.971487 0.154181 0.172776  1.74292
0.972688 0.152783 0.167012  1.74484
0.972348 0.151808 0.170559  1.74437
0.976065 0.142133 0.156634  1.75034
0.974114 0.151433 0.159491  1.74714
0.975835 0.150519 0.150124  1.75006
0.975505 0.147946 0.155383  1.74955
0.979039 0.138463 0.153039  1.75677
0.978643 0.147477 0.145888  1.75605
0.981063 0.138641 0.143047  1.76068
 0.97966 0.141007 0.146803  1.75787
0.968506 0.159439 0.184854  1.73834
0.968468 0.160989 0.183608  1.73828
   0.969 0.158904  0.18278  1.73911
0.968612 0.159796 0.183746  1.73846
 0.96632 0.161684 0.193435  1.73497
0.966309 0.161778 0.193389  1.73495
0.966347  0.16168 0.193313  1.73501
0.966316 0.161714 0.193384  1.73496
0.966252 0.161824 0.193592  1.73486
 0.96628 0.161815  0.19346   1.7349
0.966287 0.161715 0.193508  1.73491
0.966281 0.161778 0.193518  1.73491
0.966284 0.161408 0.193807  1.73491
0.966328 0.161195  0.19379  1.73498
0.966258 0.161297  0.19402  1.73488
0.966286   0.1613 0.193872  1.73492
0.966183 0.162118 0.193618  1.73475
 0.96622 0.162046 0.193519  1.73481
0.966206 0.161968 0.193633  1.73478
0.966212 0.162046 0.193589   1.7348
0.965876 0.155467 0.200309  1.73443
 0.96546 0.157547  0.20065  1.73381
0.965992 0.156837 0.198824  1.73457
 0.96587 0.156608 0.199933   1.7345
0.966139 0.162506 0.193529  1.73469
0.966092 0.162557 0.193696  1.73462
0.966104 0.162686 0.193541  1.73464
0.966117 0.162585 0.193589  1.73466
0.966211 0.162397 0.193308   1.7348
0.966178 0.162453 0.193403  1.73475
0.966194 0.162514 0.193287  1.73478
0.966196 0.162456 0.193332  1.73478
0.966758 0.161518 0.191541  1.73564
0.966758 0.161794 0.191316  1.73564
0.966853 0.161412   0.1912  1.73578
0.966779 0.161576 0.191352  1.73566
0.966612 0.161841 0.191905  1.73541
 0.96668   0.1616 0.191815  1.73551
0.966621 0.161661 0.192037  1.73542
0.966633 0.161702 0.191917  1.73544
0.967568 0.160763 0.188219  1.73686
0.967325 0.161723 0.188583   1.7365
0.967549 0.161672 0.187532  1.73684
0.967504 0.161381 0.188114  1.73679
0.966736 0.162128 0.191121   1.7356
0.966688 0.162533 0.190967  1.73553
0.966827 0.162155 0.190668  1.73574
0.966746 0.162278 0.190915  1.73561
0.966322 0.162465 0.192756  1.73497
0.966311 0.162392 0.192871  1.73496
0.966283 0.162521 0.192886  1.73491
  0.9663  0.16246 0.192837  1.73493
0.966874 0.161477 0.190962   1.7358
0.966771 0.161892 0.191118  1.73565
0.966867 0.161859 0.190669  1.73579
0.966848 0.161741 0.190916  1.73577
0.966336 0.162395 0.192719  1.73499
0.966356 0.162268 0.192736  1.73502
0.966323 0.162335 0.192835  1.73497
0.966345 0.162332 0.192763  1.73501
0.966525 0.161885 0.192371  1.73529
0.966532 0.161761 0.192409   1.7353
0.966503 0.161823 0.192478  1.73525
0.966513 0.161816 0.192421  1.73526
0.966254 0.162796 0.192782  1.73487
0.966248 0.162666 0.192919  1.73486
0.966204 0.162833 0.192976  1.73479
 0.96623 0.162767 0.192892  1.73483
0.966523 0.161861 0.192291  1.73527
0.966567 0.161708  0.19221  1.73533
0.966534 0.161733  0.19235  1.73529
0.966542 0.161763 0.192286   1.7353
0.966487 0.162053 0.192308  1.73522
0.966441 0.162195 0.192389  1.73514
 0.96647 0.162197 0.192228  1.73518
0.966474 0.162153 0.192306   1.7352
0.960728 0.138538   0.2268  1.72745
0.958499 0.146945 0.230527  1.72424
0.960917 0.145805 0.224332  1.72787
0.960583 0.143772 0.227136  1.72777
0.949734 0.164552 0.244113  1.71101
0.946961 0.168866 0.247397  1.70653
0.948857  0.17096 0.242805  1.70955
0.948074 0.168296 0.244789  1.70798
0.953776 0.164936 0.233691  1.71679
0.955449 0.156373 0.234723  1.71977
0.952706 0.161286 0.239885  1.71585
0.953178 0.160941 0.236409  1.71564
0.948941 0.170644 0.239571  1.70847
0.951057 0.168455 0.235078   1.7114
0.949946 0.164472  0.24111  1.71022
0.950371 0.167849 0.239031   1.7111
0.962794 0.135821 0.222623   1.7308
0.962492 0.143569 0.221162  1.73042
0.964724  0.13888 0.215598  1.73369
0.963298 0.139661 0.219983  1.73161
0.957761 0.152161 0.229369  1.72275
 0.95883 0.157506  0.22364  1.72427
0.960076 0.150259 0.223716  1.72621
0.958347 0.153083 0.225604  1.72305
0.963787 0.149542 0.211458  1.73142
0.965243 0.148077 0.207013  1.73359
 0.96496 0.143792  0.21032  1.73328
0.965044 0.147179 0.209657   1.7337
0.967777 0.160282 0.187766  1.73721
0.967767 0.161254 0.186939   1.7372
0.968107 0.159895 0.186483  1.73772
0.967849 0.160488 0.187059  1.73729
 0.96569 0.155138 0.201716  1.73427
0.964891 0.156262 0.204249  1.73311
0.965223 0.157559 0.201941  1.73354
0.965164 0.156285 0.202613  1.73337
 0.96616 0.162291 0.193645  1.73473
0.966115 0.162446 0.193718  1.73466
0.966154 0.162419 0.193556  1.73472
0.966136 0.162385  0.19364  1.73468
0.965962 0.157739 0.198512  1.73456
 0.96547 0.158501  0.20008  1.73384
0.965677  0.15923 0.198588  1.73412
0.965656 0.158472 0.199047  1.73405
0.966205 0.161967  0.19373   1.7348
0.966151 0.162092 0.193885  1.73472
0.966176 0.162137 0.193704  1.73475
0.966165 0.162067 0.193774  1.73473
0.966131 0.159284 0.196433  1.73475
0.965827 0.159779 0.197397   1.7343
0.965954 0.160207 0.196456  1.73447
0.965949 0.159747 0.196756  1.73445
0.966231 0.160232 0.195116  1.73486
0.966043  0.16054 0.195709  1.73458
0.966122 0.160805 0.195123  1.73469
0.966121  0.16052 0.195315  1.73469
0.966189 0.161716  0.19392  1.73476
0.966212 0.161793 0.193743  1.73479
0.966241 0.161612  0.19379  1.73484
0.966212 0.161702 0.193826  1.73479
0.964369 0.157853 0.204996  1.73227
0.964055 0.160681 0.204312  1.73178
0.964817 0.158793 0.202508  1.73288
0.964491 0.159109 0.203946   1.7325
0.966278 0.160287 0.194773  1.73492
0.966178 0.160793 0.194814  1.73476
0.966301 0.160604 0.194387  1.73494
0.966265 0.160562 0.194653   1.7349
0.966253 0.161163  0.19411  1.73486
0.966332  0.16106 0.193845  1.73498
0.966318 0.160853 0.194083  1.73496
0.966308 0.161028 0.194011  1.73495
0.966305 0.161513 0.193645  1.73495
0.966315  0.16159 0.193515  1.73496
0.966348 0.161449 0.193483  1.73501
0.966319 0.161518 0.193547  1.73497
0.966037 0.161318 0.195016  1.73455
0.965885 0.161708  0.19533  1.73431
0.965998  0.16174 0.194816  1.73448
0.965977 0.161583  0.19506  1.73446
0.966268 0.161606 0.193697  1.73489
0.966242 0.161774 0.193658  1.73484
0.966282 0.161665 0.193557   1.7349
0.966264 0.161677 0.193632  1.73488
0.966185 0.161815 0.193965  1.73477
0.966152 0.162014 0.193963  1.73473
0.966208 0.161885 0.193782   1.7348
0.966191   0.1619  0.19391  1.73479
 0.761042  0.144345 -0.485011   1.40379
 0.763019  0.145894 -0.485858   1.40874
 0.760635  0.147718 -0.487751    1.4054
 0.761547  0.146168 -0.486276   1.40602
 0.767666  0.155466 -0.485713   1.42041
 0.769286  0.155767 -0.484175   1.42286
 0.767972  0.156435 -0.484552   1.42057
 0.768117  0.155789 -0.484858   1.42089
 0.768723  0.151065 -0.484702   1.42094
 0.766172  0.150765 -0.486757   1.41688
 0.768224  0.148377 -0.483953   1.41885
  0.76834  0.150203 -0.485229   1.42028
 0.755751  0.151562 -0.490732   1.39807
 0.756014   0.14839 -0.488316   1.39638
 0.758048  0.149495 -0.489601   1.40164
 0.756603  0.149899 -0.489553   1.39871
 0.768336   0.16732 -0.476501   1.41858
 0.767059  0.167776 -0.476293   1.41596
  0.76696  0.167088 -0.477796    1.4165
 0.767317  0.167309 -0.476932   1.41675
 0.751461  0.156681 -0.492998   1.39184
 0.751027  0.153833 -0.490861   1.38894
 0.753276  0.154082 -0.492251   1.39452
  0.75163  0.154843 -0.491982   1.39113
 0.768912  0.158507 -0.480923   1.42073
 0.768184  0.158531 -0.481059   1.41932
 0.768204  0.158138 -0.481585    1.4196
 0.768321  0.158339 -0.481199   1.41965
 0.748434  0.162708 -0.494303   1.38782
  0.74755  0.159863 -0.492267   1.38406
 0.749702  0.159755 -0.493985   1.38956
 0.748206  0.160713 -0.493447   1.38636
0.747059  0.16501 -0.49406  1.38536
 0.744832  0.165358 -0.491822   1.37944
 0.745253  0.163195 -0.491368   1.37952
 0.745685  0.164473 -0.492131   1.38118
 0.747824  0.163494 -0.493677   1.38632
 0.745869  0.162027 -0.491059    1.3803
 0.746994  0.160448 -0.491544   1.38257
 0.746586   0.16168 -0.491794   1.38217
 0.766971   0.19005 -0.486026   1.42666
 0.770854  0.193637 -0.484551   1.43444
 0.765711   0.19361 -0.488975   1.42651
 0.766566  0.192329 -0.486809   1.42672
 0.746051   0.17234 -0.493703   1.38471
 0.744121  0.173078 -0.490847   1.37909
 0.743906  0.170729 -0.490773   1.37808
 0.744541  0.172027 -0.491467   1.38011
0.746342 0.170735 -0.49356  1.38484
 0.744163  0.169482 -0.490627   1.37821
 0.744927  0.167641 -0.491523   1.37994
 0.744908  0.169002 -0.491566   1.38023
 0.759183  0.196099 -0.486507   1.41214
 0.755666  0.192085 -0.489187   1.40576
  0.76067   0.19402 -0.489888   1.41679
  0.75915   0.19449 -0.488418    1.4129
 0.751914   0.16882 -0.496614   1.39783
 0.750076  0.166124 -0.496052   1.39308
 0.752491  0.165718 -0.496324   1.39814
 0.751005  0.166922 -0.496487   1.39547
0.747355 0.180701 -0.49167  1.38791
 0.745837  0.181845 -0.487846   1.38263
 0.744773  0.179352 -0.488358   1.38023
 0.745651  0.180633 -0.488926   1.38267
 0.746967  0.179036 -0.491856   1.38686
 0.744526  0.178038 -0.488443   1.37948
 0.744789  0.175922 -0.489916   1.38048
 0.745287  0.177411 -0.489676   1.38167
  0.75534  0.183865 -0.494513   1.40674
 0.751308   0.18151 -0.494591   1.39801
 0.753472  0.179726 -0.495649   1.40276
 0.752639  0.181463 -0.495201   1.40114
 0.751476   0.19024 -0.486787   1.39534
 0.750389  0.192456 -0.481429   1.39029
 0.748358  0.189454 -0.482994   1.38643
  0.74953  0.190693 -0.483376   1.38935
 0.750224  0.188428 -0.487478   1.39282
  0.74739  0.187979 -0.483447   1.38441
0.747094 0.185372 -0.48582   1.3847
 0.748299  0.187062 -0.485158   1.38711
 0.757691  0.187866 -0.493069   1.41145
 0.760475  0.192068 -0.491176   1.41681
 0.755647   0.19012 -0.491311   1.40664
 0.757222  0.190003 -0.492264   1.41042
 0.753447  0.196969 -0.478548   1.39581
 0.758022  0.198541 -0.481375   1.40722
 0.756741   0.20078 -0.476026    1.4019
 0.756248  0.199162 -0.478307   1.40189
 0.761426  0.200729 -0.480848   1.41435
 0.765109  0.204906 -0.476624   1.42032
 0.760153  0.203071 -0.475638   1.40919
 0.761556  0.202665 -0.477775   1.41322
0.769348 0.209463 -0.47159  1.42714
 0.772303  0.214783 -0.464748   1.43059
  0.76661   0.21125 -0.467009   1.41932
 0.767971  0.211543 -0.467816   1.42264
  0.76491  0.207291 -0.473356   1.41856
 0.762508  0.209176 -0.468557   1.41129
 0.759679  0.205383 -0.472349   1.40682
 0.762997  0.207526 -0.471025   1.41334
 0.816635  0.277628 -0.382372   1.49977
 0.815843  0.285834 -0.372194    1.4961
 0.809286  0.282154 -0.381802   1.48517
 0.813686  0.282505 -0.378542   1.49327
 0.814186  0.274848 -0.387865   1.49617
 0.808001   0.27868 -0.387098   1.48378
 0.806224  0.272375 -0.396418   1.48242
 0.810536  0.275225 -0.390433   1.48969
 0.835638  0.267659 -0.384175   1.53831
 0.825406  0.272176 -0.385115   1.51817
 0.828049  0.264938 -0.394544   1.52577
 0.828819  0.267656 -0.388908    1.5257
 0.895151  0.325672 -0.172041   1.62048
 0.891662  0.340926 -0.145204   1.61249
 0.884421    0.3408 -0.170361   1.60107
 0.890598  0.336639 -0.162813   1.61211
 0.896244  0.322468 -0.190423   1.62645
  0.88513  0.336904 -0.187562   1.60535
 0.881712  0.331047 -0.215382   1.60248
 0.889867  0.330468 -0.197261   1.61627
 0.927492  0.281885 -0.163885   1.67987
 0.924011  0.275478 -0.189531   1.67547
 0.933748  0.263601 -0.168072   1.69021
 0.93035 0.273962 -0.17314  1.68629
  0.91576  0.321109 -0.109425    1.6551
  0.912658   0.332513 -0.0820251    1.64812
 0.904212  0.338638 -0.112334   1.63505
 0.911857  0.330957 -0.101202    1.6484
 0.942137  0.262371 -0.121478   1.70088
 0.940977   0.25357 -0.147524   1.70039
 0.948521  0.243107 -0.128248   1.71216
 0.945377  0.252965 -0.132668   1.70801
  0.919375    0.32487 -0.0720467    1.65989
  0.922476   0.313743 -0.0989842    1.66674
  0.929921   0.307076 -0.0734789    1.67864
  0.924066   0.315305 -0.0819067    1.66863
  0.920178   0.332632 -0.0153465    1.65986
  0.920075   0.331023 -0.0430976    1.66085
  0.928133   0.317491 -0.0217945    1.67343
   0.92463   0.327127 -0.0258929     1.6689
 0.94431 0.288737 0.043702  1.70047
 0.938067  0.302036 0.0348148   1.69001
 0.944493  0.289705 0.0232468   1.70117
 0.940952   0.29345 0.0345636   1.69392
 0.969403  0.225427 0.0347267   1.74327
 0.972693  0.214096 0.0322334   1.74898
 0.971731  0.217542 0.0464914    1.7472
 0.970763  0.219007 0.0378619   1.74518
0.973506 0.181047 0.135611  1.74785
0.972646 0.190307 0.128733  1.74686
0.974749 0.181678 0.127991  1.75025
0.973723  0.18392 0.130266  1.74839
0.971881 0.175043 0.135561  1.74273
 0.97356 0.176072 0.127036  1.74617
0.974895  0.16913 0.127901  1.74825
0.974071 0.173253 0.129415  1.74712
 0.955214  0.267161 0.0415995   1.71998
  0.94938  0.280254 0.0452101   1.70997
 0.949922  0.280849 0.0263705   1.71142
  0.95209  0.276641 0.0379188   1.71529
0.967839 0.197736 0.132729   1.7372
0.966732 0.196381 0.143603  1.73545
0.965339 0.203773 0.141073  1.73351
0.965945 0.199414 0.139738  1.73379
0.941489 0.269545 0.139747  1.69488
0.937478 0.283276 0.128685  1.68842
0.943274 0.273298 0.121678  1.69803
0.940146 0.275549  0.12995  1.69236
0.947756 0.239258 0.173917  1.70594
0.951028  0.23946 0.163114  1.71186
0.952992 0.229585 0.171719  1.71522
0.950069 0.236602 0.169101  1.70976
0.945909 0.256858 0.148122  1.70252
0.950527 0.250752 0.139038  1.71034
0.949552 0.245936 0.152092  1.70844
0.947904 0.250852 0.146751  1.70519
0.948094 0.268031 0.106414   1.7062
  0.95072  0.267436 0.0903844   1.71097
0.953176 0.257902  0.10217  1.71482
0.950776 0.264478 0.099512  1.71086
0.941004 0.243758 0.185342  1.69344
  0.9396 0.240372 0.197502  1.69181
0.937443 0.248136 0.192592    1.688
0.939045 0.244608 0.192194  1.69058
 0.94207 0.248501 0.180377  1.69652
0.937972 0.252245 0.188009  1.68959
0.937932 0.259976 0.178562  1.68991
0.940113 0.253658  0.18271  1.69398
0.969586 0.158305 0.180114  1.74001
 0.96947 0.160848 0.178273  1.73983
0.970316 0.157637  0.17669  1.74115
0.969733 0.158965 0.178366  1.74019
0.967313 0.213448 0.120324   1.7384
0.969412 0.210564  0.11128  1.74197
0.970018 0.203322 0.121581  1.74271
0.968121 0.209291 0.117549  1.73908
0.955848 0.156059 0.230955  1.71931
0.954499 0.164355 0.230176  1.71719
0.957382 0.160564 0.225142  1.72179
0.956586 0.160393 0.228904  1.72111
0.956533 0.184097 0.212083  1.72047
0.957544 0.177325 0.214918  1.72216
0.955131 0.182833 0.218111  1.71852
0.955799  0.18157  0.21512  1.71897
0.947503 0.194972 0.227018  1.70596
0.946901 0.189007  0.23195  1.70475
0.945402 0.195733 0.231665  1.70271
  0.9464 0.193555  0.23014  1.70404
0.945566 0.205086 0.221491  1.70224
0.948606 0.202003 0.215677  1.70698
0.947325 0.199099 0.222803  1.70519
0.947102 0.201913  0.22069  1.70479
  0.9451 0.199897 0.230049  1.70251
0.945194 0.205014 0.225535  1.70258
0.946948 0.198446 0.225714  1.70508
0.946131 0.200896 0.227281   1.7043
0.952081 0.174987 0.230693  1.71356
0.949735 0.181791  0.23174  1.70975
0.952206 0.181599 0.225609  1.71361
0.951057 0.179505 0.229626   1.7117
  0.79538  0.214919 -0.463855   1.47728
 0.801025  0.214167 -0.462468   1.48795
 0.798867  0.218923 -0.458192   1.48243
 0.799478  0.216116 -0.461554   1.48483
 0.789555  0.222342 -0.456831   1.46346
 0.795729  0.223344 -0.454603   1.47523
 0.792405  0.227616 -0.450819   1.46754
 0.793817  0.224368 -0.454308   1.47148
 0.784312  0.212133 -0.470283   1.45753
0.790174 0.214098 -0.46643  1.46783
  0.78693  0.217084 -0.463692   1.46049
 0.788647   0.21432 -0.466902    1.4651
 0.794138  0.216476 -0.463187   1.47485
 0.797355  0.220623 -0.457583   1.47953
 0.790836  0.219719 -0.459759   1.46704
 0.792957  0.218955 -0.460307   1.47144
 0.778898  0.207943 -0.475971   1.44877
 0.771852  0.206789 -0.476512   1.43445
 0.773662   0.20379 -0.481576   1.44037
 0.773616  0.205901 -0.478342   1.43885
  0.77485  0.200965 -0.484203   1.44375
 0.775664  0.197118 -0.482781   1.44391
 0.781203   0.20069 -0.480688   1.45471
 0.776015  0.199399 -0.483203   1.44523
 0.775955  0.191725 -0.477472   1.44041
 0.775761  0.184925 -0.471162    1.4349
 0.780543  0.187366 -0.468141   1.44359
 0.775528  0.187709 -0.471984   1.43546
0.982955 0.149906 0.105637  1.76387
 0.984662  0.142996 0.0946635   1.76705
0.984508 0.137917 0.107698  1.76651
0.983723 0.143615  0.10265  1.76497
0.982021 0.142936 0.125688  1.76182
0.983907 0.135317 0.120035  1.76537
  0.9828 0.135544 0.131299  1.76345
0.982749 0.138148  0.12545  1.76311
0.979082 0.160772 0.124052   1.7569
0.980634 0.155462 0.115021  1.75929
0.980261 0.151475 0.124245  1.75849
0.979701 0.155634 0.121188  1.75745
0.982073 0.150396 0.112007  1.76201
0.983528 0.139643 0.114555  1.76455
0.981851 0.146705 0.121766  1.76158
0.982721 0.145609 0.116205  1.76327
0.971155 0.156993 0.172259  1.74244
0.970826 0.161301   0.1697  1.74194
0.972188 0.156414  0.16657  1.74408
0.971325 0.158294 0.169537  1.74267
0.978079 0.174551 0.104327  1.75531
 0.977419  0.181039 0.0978149   1.75455
 0.979297  0.172819 0.0948914   1.75774
  0.97878  0.176104 0.0989881    1.7571
0.982009 0.155591 0.102022  1.76211
0.981407 0.162885 0.092173  1.76142
 0.983392  0.150404 0.0903986   1.76469
 0.982877  0.156264 0.0948112   1.76419
0.978319 0.164393 0.120632  1.75527
0.978451 0.168883 0.112312  1.75573
0.980003 0.160009 0.111956  1.75819
0.979367 0.164392 0.114779  1.75744
0.979317 0.169728 0.106546  1.75769
 0.980711  0.167151 0.0966524   1.76039
0.981163 0.160401 0.105561  1.76079
0.979972 0.165733 0.102903  1.75853
 0.96914 0.163927 0.176898  1.73933
0.968619 0.167386 0.176164  1.73856
0.969656 0.164848 0.172951  1.74015
0.969137 0.165419 0.175364  1.73935
 0.972107  0.212489 0.0849796   1.74745
0.973013 0.207195  0.08653  1.74877
 0.972754  0.208253 0.0899134   1.74821
 0.972782  0.208867 0.0875467   1.74843
 0.969707  0.214997 0.0877305   1.74219
  0.97105  0.209543 0.0924804   1.74441
 0.969648  0.213296 0.0981071   1.74218
  0.97091  0.212352 0.0930275   1.74474
 0.955845  0.254066 0.0960928   1.71958
 0.953609  0.263661 0.0841683   1.71629
 0.957629  0.253104 0.0827361    1.7227
 0.955819  0.256773 0.0876251   1.71974
 0.768064  0.160504 -0.480672    1.4192
 0.767786  0.160545 -0.480976   1.41882
 0.767857  0.160265 -0.480859   1.41884
 0.767826   0.16042 -0.480829   1.41879
 0.766807  0.161042 -0.481812   1.41743
 0.766808  0.161193 -0.481763   1.41743
 0.766622  0.161202 -0.481922   1.41715
 0.766798  0.161144 -0.481842   1.41745
 0.768317  0.159907 -0.480383   1.41943
 0.767935  0.159944 -0.480738   1.41886
 0.768009  0.159604 -0.480632   1.41889
 0.767991  0.159789 -0.480576   1.41885
 0.766465  0.162202 -0.481603   1.41685
 0.766319  0.162198 -0.481815   1.41668
 0.766471  0.162011 -0.481699   1.41688
 0.766382  0.162127 -0.481705   1.41673
 0.768606  0.159247 -0.480344   1.41988
 0.768078  0.159257 -0.480618   1.41896
  0.76814  0.158901 -0.480747    1.4191
 0.768172  0.159097 -0.480567   1.41909
 0.760333  0.158102 -0.491762    1.4097
 0.760408  0.156061 -0.491969   1.40949
 0.762061  0.156577 -0.490594   1.41217
 0.760622  0.157045 -0.491445   1.40985
  0.76059  0.153579 -0.491383   1.40891
 0.760625  0.150816 -0.490037   1.40751
 0.763071  0.151776 -0.489515   1.41244
 0.761023  0.152139 -0.490408   1.40886
 0.766855  0.165175 -0.481136   1.41795
 0.767396  0.164959 -0.480852   1.41885
 0.767534  0.165349 -0.480682    1.4191
 0.767357  0.165221 -0.480888   1.41884
0.767558  0.15866 -0.48121  1.41814
0.767011 0.158881 -0.48138  1.41716
  0.76687  0.158555 -0.481711   1.41702
 0.767061  0.158647 -0.481443   1.41726
0.768117 0.157147 -0.48336   1.4203
 0.769188  0.157509 -0.482306   1.42192
 0.76819 0.157692 -0.48237  1.41997
 0.768364  0.157378 -0.482708   1.42046
 0.768313  0.156702 -0.483765   1.42084
 0.769514  0.156219 -0.483432   1.42298
  0.76943  0.157155 -0.482571    1.4225
 0.769291  0.156765 -0.483248   1.42254
 0.767793  0.154575 -0.485929    1.4206
 0.769348  0.153241 -0.484765   1.42276
 0.769496  0.154965 -0.484216   1.42313
 0.769214  0.154393 -0.485025   1.42291
 0.768849  0.152619 -0.485545   1.42207
 0.767203  0.154243 -0.486822   1.41985
0.766457 0.152465 -0.48758  1.41837
 0.767193  0.152987 -0.486674   1.41945
 0.773653  0.149198 -0.480032   1.42784
 0.771089  0.150873 -0.483158   1.42482
 0.770868  0.147981 -0.482186   1.42314
 0.771168  0.149131 -0.481803   1.42377
 0.765972  0.149882 -0.487288    1.4166
 0.765515  0.146925 -0.485837    1.4141
  0.76814  0.147142 -0.484362   1.41866
0.765768 0.147693 -0.48577  1.41476
0.767648 0.158449 -0.48131  1.41835
 0.766928  0.158306 -0.481884    1.4172
 0.767587  0.158072 -0.481859   1.41849
 0.767481  0.158307 -0.481641   1.41819
 0.766538  0.162616 -0.481325   1.41691
  0.76649  0.162794 -0.481344   1.41686
 0.766374  0.162672 -0.481504    1.4167
 0.766475  0.162712 -0.481384   1.41684
 0.766777  0.164622 -0.481328   1.41781
 0.767266  0.164828 -0.480987   1.41865
 0.766761  0.165004 -0.481302   1.41783
 0.766826  0.164793 -0.481224   1.41788
 0.767942  0.166104 -0.479629   1.41942
 0.766991  0.165941 -0.480333   1.41787
 0.767717  0.165732 -0.480296   1.41931
 0.767628  0.166005 -0.480072   1.41904
 0.766111  0.166425 -0.479378   1.41558
 0.765276  0.165948 -0.480235    1.4143
 0.766171  0.166008 -0.480301   1.41618
  0.76596  0.166183 -0.479957   1.41558
0.766398 0.161924 -0.48179  1.41677
 0.766229  0.162103 -0.481922   1.41654
  0.76626  0.161863 -0.481993   1.41659
  0.76634  0.161974 -0.481906   1.41673
 0.767283  0.160366 -0.481368   1.41799
 0.767559  0.160207 -0.481043   1.41832
 0.767534  0.160494 -0.481133   1.41838
 0.767537  0.160372 -0.481186    1.4184
 0.767283  0.160537 -0.481471   1.41809
 0.767521  0.160639 -0.481244   1.41846
 0.767329  0.160749 -0.481444   1.41821
  0.76734  0.160632 -0.481389   1.41817
 0.767818  0.166393 -0.479231   1.41898
 0.766892  0.166582 -0.479065   1.41702
 0.766839  0.166163 -0.480036   1.41742
 0.767083  0.166329 -0.479515   1.41763
 0.764019  0.164775 -0.481333   1.41217
 0.764413  0.165454 -0.480693   1.41272
 0.763564  0.165172 -0.480782     1.411
 0.763848  0.165119 -0.480954   1.41166
0.766687 0.161438  -0.4818  1.41726
 0.766638  0.161316 -0.481924   1.41721
 0.766813  0.161281 -0.481763   1.41747
 0.766663  0.161342 -0.481826   1.41721
 0.767002  0.160934 -0.481674   1.41772
 0.767199  0.160884 -0.481522   1.41802
 0.767149  0.161022 -0.481552   1.41797
 0.767158   0.16094 -0.481585   1.41799
0.765961 0.161598 -0.48235  1.41613
 0.766115  0.161762 -0.482187   1.41639
 0.765872  0.161942 -0.482353   1.41603
 0.766048  0.161783 -0.482309   1.41633
 0.752223  0.175777 -0.496312   1.39979
0.749439 0.173224 -0.49604  1.39333
0.751814 0.172185 -0.49663  1.39838
 0.750557  0.173673 -0.496534   1.39607
0.771114 0.178981 -0.47028  1.42343
 0.767856  0.177708 -0.473262   1.41819
  0.77073  0.174331 -0.468795   1.42065
 0.770984  0.177284 -0.470786   1.42308
 0.750497  0.170159 -0.496667   1.39527
 0.748037  0.170842 -0.495764   1.38978
 0.748585  0.167402 -0.495813   1.39017
 0.749444  0.169467 -0.496168    1.3926
 0.767196   0.16879 -0.474716   1.41554
 0.769115  0.169044 -0.472674   1.41831
 0.767387  0.170351 -0.473364   1.41551
 0.767608  0.169236 -0.473565    1.4158
 0.767153  0.158995 -0.481203   1.41736
 0.767666  0.158816 -0.480981   1.41825
 0.767665  0.159177 -0.480837   1.41822
 0.767593  0.159018 -0.480982   1.41814
 0.758815  0.158746 -0.492548   1.40722
 0.756924   0.15868 -0.493872   1.40412
 0.758792  0.156638 -0.492721   1.40676
 0.758528  0.157948 -0.493199   1.40683
 0.766403   0.16292 -0.481389   1.41674
 0.766229  0.163084 -0.481567   1.41652
 0.766274  0.162801 -0.481568   1.41656
 0.766324  0.162916 -0.481509   1.41665
 0.763854  0.170809 -0.477258   1.41078
 0.765499  0.171852 -0.475223   1.41315
 0.763585  0.173486 -0.478174   1.41143
  0.76369  0.171865 -0.476695   1.41035
 0.766119  0.158588 -0.482242   1.41582
 0.765641  0.158978 -0.482217   1.41489
 0.765326  0.158765 -0.482777   1.41457
 0.765642  0.158725 -0.482432   1.41499
 0.766769  0.165387 -0.481117    1.4178
 0.767472  0.165613 -0.480608   1.41897
 0.766803  0.165772 -0.480712   1.41769
 0.766915  0.165557 -0.480857   1.41797
 0.766655  0.163201 -0.481172   1.41718
0.766416 0.163213 -0.48145  1.41687
 0.766547  0.163031 -0.481301     1.417
 0.766476  0.163144 -0.481293   1.41688
 0.766081  0.163246 -0.481862   1.41643
 0.765825  0.163314 -0.482165   1.41611
 0.765925  0.162995 -0.482103   1.41621
0.765913 0.163167 -0.48205  1.41619
 0.766821  0.164414 -0.481196   1.41778
 0.767208  0.164202 -0.480843   1.41832
 0.767289  0.164572 -0.480884   1.41858
 0.767196  0.164438 -0.480976   1.41842
 0.766675  0.163081 -0.481052   1.41712
 0.766562  0.162943 -0.481177   1.41694
 0.766729  0.162879 -0.481013   1.41717
 0.766693  0.162981 -0.481087   1.41716
 0.766411  0.164381 -0.481604   1.41718
 0.765953  0.164327 -0.481939   1.41643
  0.76618  0.164097 -0.481815   1.41678
  0.76609  0.164274 -0.481786   1.41661
 0.767149  0.163866 -0.480781    1.4181
  0.76682  0.163747 -0.481024   1.41755
0.767102 0.163567 -0.48073  1.41791
 0.767095  0.163755 -0.480845     1.418
 0.966202  0.224607 0.0956165   1.73646
  0.96941  0.218489 0.0878596   1.74232
 0.968829   0.21649 0.0997051   1.74107
 0.967349   0.21977 0.0947912   1.73796
 0.970852  0.219568 0.0610326   1.74555
 0.970933  0.219255 0.0745543   1.74589
 0.967881  0.228019 0.0663749    1.7402
 0.969182  0.222616 0.0669159   1.74217
   0.962815    0.242304 -0.00829876     1.73277
  0.965887   0.232263 -0.0269994    1.73902
   0.968449    0.226947 -0.00765638     1.74281
  0.965769   0.233663 -0.0147378    1.73821
 0.942016  0.290859 0.0540676   1.69592
 0.937265    0.2969 0.0693718   1.68732
 0.935572  0.304169 0.0472764   1.68497
 0.940104  0.297088 0.0565974   1.69361
  0.973042    0.20756 -0.0313232    1.75144
  0.970705   0.218688 -0.0137864    1.74684
   0.96786   0.223184 -0.0333399    1.74225
  0.970627    0.21699 -0.0255984     1.7471
  0.958709   0.249113 -0.0465462    1.72731
  0.959001   0.244636 -0.0648037    1.72876
  0.963644   0.236145 -0.0463138    1.73608
 0.960829  0.243795 -0.052414   1.73166
  0.974294   0.205442 -0.0452855     1.7553
 0.968559  0.221794 -0.047311   1.74487
  0.969277   0.213306 -0.0677604    1.74684
  0.970731   0.214098 -0.0537255    1.74911
   0.95731   0.237532 -0.0853009    1.72545
 0.957004  0.231795 -0.109256   1.72675
  0.963217   0.220639 -0.0894869    1.73637
  0.960175   0.230322 -0.0946313    1.73193
  0.946713   0.267749 -0.0970993    1.70941
  0.953367   0.253824 -0.0812591    1.71947
  0.949464   0.266731 -0.0749219    1.71272
  0.951547   0.262765 -0.0830775    1.71772
  0.956275   0.250652 -0.0339641    1.72076
  0.961202   0.237546 -0.0339729    1.72932
  0.958328   0.248344 -0.0149722    1.72379
   0.95895   0.245847 -0.0285991    1.72558
0.929262 0.290379 -0.14192  1.68231
 0.937552  0.282977 -0.117987   1.69544
  0.92679  0.301148 -0.121461   1.67622
 0.930329  0.291836 -0.128354   1.68271
  0.952051    0.26322 -0.0430661    1.71458
  0.947106   0.274884 -0.0368986    1.70551
  0.947697    0.27035 -0.0551274    1.70729
  0.949931    0.26931 -0.0455184     1.7114
 0.930845  0.280908 -0.149125   1.68448
 0.937226  0.262329 -0.152805   1.69491
 0.939172  0.272426 -0.126666   1.69762
 0.934488  0.272483 -0.143873    1.6896
 0.921389  0.291909 -0.166249   1.66907
 0.910164  0.305134 -0.180549   1.65036
 0.917736  0.284967 -0.193466   1.66456
 0.914081  0.294215 -0.179232   1.65549
0.966698  0.16165 0.191663  1.73554
0.966624 0.161919 0.191776  1.73542
0.966691 0.161916 0.191478  1.73553
0.966677 0.161826 0.191639  1.73551
0.966366 0.162604 0.192441  1.73504
 0.96634 0.162537 0.192615    1.735
 0.96631 0.162718 0.192601  1.73496
0.966329 0.162621 0.192551  1.73498
 0.96616  0.16252 0.193442  1.73473
 0.96613 0.162688 0.193433  1.73468
0.966175 0.162591 0.193308  1.73475
0.966153 0.162599 0.193395  1.73471
0.966379 0.162499 0.192411  1.73505
0.966397 0.162336 0.192468  1.73508
0.966354 0.162451  0.19258  1.73501
0.966386 0.162429 0.192487  1.73507
 0.96715  0.16119 0.189883  1.73622
0.966991  0.16182 0.190111  1.73598
0.967141 0.161773  0.18943  1.73621
0.967111 0.161591 0.189808  1.73618
0.963922 0.158208  0.20683  1.73171
0.962745 0.161071 0.209258  1.72997
0.963592 0.161427 0.205857  1.73118
0.963353 0.160149 0.207313  1.73077
0.967505 0.163915 0.185774   1.7368
0.967967 0.162645 0.184636  1.73751
0.967677 0.162473 0.186252  1.73706
0.967707 0.163025 0.185554   1.7371
0.965646 0.160386 0.197647  1.73401
0.965541 0.161411   0.1973  1.73385
0.965811 0.160683 0.196649  1.73424
0.965672 0.160829 0.197195  1.73405
0.969132 0.159388 0.181389  1.73928
0.968545 0.161612  0.18249  1.73839
0.969016 0.161707 0.179874  1.73912
0.968937 0.160887 0.181261  1.73902
0.967091   0.1625 0.189058  1.73614
0.966873 0.163101 0.189597  1.73581
0.966993 0.163359 0.188806    1.736
0.966987 0.162983 0.189156  1.73599
0.953723 0.213108 0.188978  1.71566
 0.95034 0.220278 0.190916     1.71
0.953121 0.220912 0.180174   1.7146
0.951756 0.218154 0.187025  1.71193
0.966935 0.162182 0.190111  1.73591
0.966869 0.162796 0.189881  1.73581
0.967073 0.162222 0.189432  1.73612
0.966952 0.162406 0.189805  1.73593
0.972401 0.158346 0.163243  1.74445
0.970898 0.163278  0.16717  1.74209
0.971626 0.164849 0.160822  1.74328
  0.9717 0.162129 0.163748   1.7434
0.957433  0.17104 0.216759  1.72111
 0.95786 0.165346 0.220458  1.72218
0.956243 0.170048 0.221448   1.7195
0.956916 0.169003 0.219907  1.72042
 0.95761 0.174468 0.216934  1.72233
0.956384  0.17315 0.221173  1.72042
 0.95536 0.179756 0.220501  1.71911
0.956917   0.1753 0.219842  1.72173
0.946409 0.235537 0.180888  1.70294
0.951142 0.226455 0.177931  1.71101
0.947956 0.225873 0.189134  1.70551
0.949004   0.2293 0.182902  1.70773
0.967998 0.163345 0.183779  1.73756
0.967502 0.164643 0.185138  1.73681
0.967731 0.165353 0.183313  1.73718
 0.96774 0.164438 0.184083  1.73718
0.966144 0.162234 0.193723  1.73469
0.966108 0.162209 0.193913  1.73464
0.966095 0.162396  0.19382  1.73462
0.966125  0.16228 0.193819  1.73468
0.965759 0.161715 0.195999  1.73415
0.965831 0.161025 0.196295  1.73427
0.965584 0.161722 0.196828   1.7339
0.965735 0.161474 0.196371  1.73413
0.964982 0.161174 0.199995  1.73307
0.965437 0.159998 0.198914  1.73373
0.965164 0.159482 0.200508  1.73335
 0.96522 0.160222 0.199807  1.73344
0.966067 0.162906 0.193528  1.73458
0.965994 0.163043 0.193745  1.73447
 0.96603 0.163169 0.193482  1.73453
0.966033 0.163041 0.193584  1.73454
0.966177 0.162657 0.193244  1.73475
0.966127 0.162777 0.193365  1.73467
0.966161 0.162827 0.193174  1.73473
0.966155 0.162755  0.19326  1.73472
0.966555 0.162375  0.19171  1.73532
0.966652 0.162119  0.19149  1.73547
0.966593 0.162085 0.191789  1.73538
0.966601 0.162189 0.191661  1.73539
0.966199 0.162629 0.193161  1.73478
0.966188 0.162781 0.193077  1.73477
0.966231 0.162633 0.193008  1.73483
0.966209  0.16268 0.193083   1.7348
0.966277 0.162712 0.192714   1.7349
 0.96631 0.162541  0.19271  1.73495
0.966269 0.162603 0.192855  1.73489
0.966292 0.162618  0.19276  1.73493
0.966549 0.162388 0.191865  1.73534
0.966578 0.162123 0.191918  1.73537
 0.96652 0.162255 0.192054  1.73528
0.966541 0.162246 0.191954  1.73531
0.964914 0.162553 0.199195  1.73295
0.964932 0.163591 0.198212  1.73295
0.965251 0.162377 0.197854  1.73343
0.965007 0.162854 0.198422  1.73305
0.966427 0.162467 0.192311  1.73514
0.966474 0.162308 0.192225  1.73521
0.966439 0.162296 0.192391  1.73516
0.966437 0.162355 0.192305  1.73515
0.966835 0.162334 0.190414  1.73574
0.966683 0.162737 0.190765  1.73551
0.966771 0.162895 0.190239  1.73565
0.966767 0.162652 0.190473  1.73564
0.960558  0.15707 0.220555  1.72735
0.962485 0.152597 0.215888  1.72995
0.961662 0.150458 0.220492  1.72908
 0.96204 0.153043 0.219057   1.7299
0.959338 0.169132 0.215228  1.72486
 0.96103 0.163648 0.213492  1.72745
0.959555 0.163571 0.218346   1.7253
 0.96011 0.165428 0.215778  1.72621
 0.96309 0.154819 0.211679  1.73051
0.962524 0.159474 0.210998  1.72965
0.963814 0.156551 0.208033  1.73152
 0.96335 0.156926 0.210269  1.73106
0.967237 0.162278 0.188592  1.73637
0.967133 0.163218 0.188256  1.73622
0.967439 0.162358  0.18755  1.73669
0.967261 0.162627 0.188131  1.73641
0.966885 0.167312 0.185669  1.73589
0.967407 0.166446 0.183863  1.73669
0.967239 0.165545  0.18556  1.73641
0.967204 0.166446 0.185035   1.7364
0.964699 0.161663 0.200954  1.73269
0.964888 0.159758 0.201657    1.733
0.964198 0.161588 0.203124  1.73199
0.964586 0.160956 0.201906  1.73252
0.966084 0.162258 0.194032  1.73462
0.966015 0.162469 0.194175  1.73451
0.966067 0.162466 0.193922  1.73459
0.966045 0.162397 0.194044  1.73455
 0.96145 0.165061 0.211258  1.72809
0.959888 0.170239 0.212537  1.72564
0.961533 0.168592 0.208434  1.72818
 0.96102 0.167795   0.2108  1.72742
0.966062 0.162164 0.194144  1.73457
0.966015 0.162058 0.194432   1.7345
0.965983 0.162368 0.194319  1.73445
0.966038 0.162202 0.194296  1.73455
0.967346 0.167558 0.183232  1.73664
0.966805 0.168363 0.185289  1.73583
0.966851 0.169874 0.183595  1.73593
0.966951 0.168595 0.184048  1.73601
0.965866 0.161526 0.195637   1.7343
0.966037 0.161096 0.195242  1.73456
0.965935 0.160908  0.19586  1.73441
0.965949 0.161182  0.19558  1.73443
0.966142 0.161804 0.194114   1.7347
0.966073 0.161894  0.19437   1.7346
0.966107 0.162039 0.194104  1.73465
0.966092 0.161906 0.194185  1.73461
0.965981 0.161967 0.194829  1.73448
0.965855 0.161989 0.195327  1.73428
0.965868 0.162344 0.195061  1.73432
0.965891 0.162121 0.195078  1.73434
0.966109 0.161256 0.194755  1.73466
0.966069 0.161645 0.194599  1.73459
0.966167 0.161362  0.19437  1.73474
0.966111 0.161419 0.194568  1.73465
 0.763984  0.150811 -0.488488   1.41345
 0.76127 0.149617 -0.48881  1.40779
 0.763655   0.14778 -0.486866   1.41109
 0.763389  0.149268 -0.487993   1.41156
 0.763943  0.156217 -0.488611   1.41474
 0.765842  0.155645 -0.487166   1.41761
 0.764899  0.156799 -0.487089   1.41591
  0.76493  0.156107 -0.487713   1.41619
 0.758888  0.154199 -0.492108     1.406
 0.756572  0.153289 -0.491984   1.40094
 0.758853  0.151256 -0.490659   1.40434
 0.758266  0.152727 -0.491622   1.40407
 0.756448  0.157679 -0.494049     1.403
  0.75605  0.154781 -0.492936   1.40081
  0.75837  0.155505 -0.492831   1.40569
 0.756681  0.156136 -0.493378    1.4027
 0.766501  0.157606 -0.483551   1.41722
 0.767326  0.157173 -0.483736   1.41892
 0.767514  0.157658 -0.482679   1.41876
  0.76719  0.157538 -0.483269   1.41844
 0.753481  0.162811 -0.495794   1.39918
  0.75241  0.159991 -0.494953   1.39579
 0.754804  0.160141 -0.495032   1.40081
 0.753181  0.161087 -0.495381   1.39791
 0.751878  0.163894 -0.496054    1.3963
 0.749433  0.164035 -0.495496   1.39095
 0.750705  0.161011 -0.495006   1.39256
 0.750997  0.162916 -0.495599   1.39396
 0.762377  0.182189 -0.483873   1.41436
  0.76483  0.180281 -0.478656   1.41581
 0.764171  0.184826 -0.483322   1.41825
 0.764838  0.182607 -0.482176   1.41847
 0.751121  0.177391 -0.496097   1.39775
 0.748748  0.178673 -0.494696   1.39226
 0.748288  0.174776 -0.495421   1.39093
 0.749861   0.17703 -0.495495   1.39467
 0.766128   0.15833 -0.482481   1.41594
 0.765303  0.158506 -0.483079   1.41466
 0.765831  0.158086 -0.483284   1.41578
 0.765804  0.158344 -0.482898   1.41554
 0.754694  0.185715 -0.493953   1.40544
 0.752459  0.187433 -0.491811   1.39988
 0.750635  0.183352 -0.493486   1.39634
 0.753115   0.18571 -0.493106   1.40165
 0.763313   0.17485 -0.477899   1.41102
 0.765523  0.172939 -0.474491   1.41301
  0.76533  0.176187 -0.475776   1.41417
 0.765507   0.17485 -0.476085   1.41442
 0.767259  0.187813 -0.482197   1.42451
 0.771219  0.185077 -0.474594   1.42755
 0.771147  0.191088 -0.480576   1.43218
 0.771502  0.188514 -0.479409   1.43173
 0.763395  0.176698 -0.480251   1.41305
 0.765485  0.178317 -0.478395   1.41657
  0.76321  0.180217 -0.483383   1.41535
 0.763105  0.178219 -0.480546   1.41297
 0.765651  0.195527 -0.488781    1.4266
 0.770923  0.195845 -0.485267   1.43537
 0.77004  0.19917 -0.48621  1.43472
 0.770009  0.197296 -0.486943   1.43477
 0.761519  0.176921 -0.482647   1.41072
  0.76111  0.180241 -0.485733    1.4125
 0.759211  0.178437 -0.487834   1.40952
 0.761554  0.178942 -0.485611   1.41306
  0.934349   0.297879 -0.0820733    1.68706
 0.926859  0.303505 -0.106679   1.67464
 0.936991  0.284849 -0.103537   1.69223
  0.933618   0.296005 -0.0969045    1.68681
  0.923552   0.323979 -0.0536742     1.6674
  0.932805   0.306528 -0.0569778    1.68347
  0.931623    0.31171 -0.0315575    1.68027
   0.92866   0.313963 -0.0470114    1.67531
  0.940831   0.277187 -0.0956015    1.69783
  0.944418   0.275582 -0.0734588    1.70296
  0.937996   0.290831 -0.0749812    1.69255
 0.940314  0.281221 -0.080538    1.6957
 0.933899  0.306782 0.0220419   1.68177
   0.934432    0.305626 -0.00284931      1.6832
 0.941218  0.293446 0.0122858   1.69477
 0.938144  0.302155 0.0102428   1.69043
   0.9504  0.271361 0.0709293   1.71027
 0.947478  0.278191 0.0561138   1.70493
 0.953145  0.265414 0.0530906   1.71448
 0.950356  0.272444 0.0605144   1.71015
  0.95578  0.262156 0.0325209   1.71986
 0.950814  0.274935 0.0177616   1.71187
  0.956808   0.258674 0.00917093    1.72176
  0.9531 0.265884 0.019579  1.71464
 0.946001  0.284628 0.0622067   1.70371
 0.948558  0.276764 0.0779772   1.70799
0.941593 0.289469 0.078379  1.69559
 0.944938  0.283746 0.0722521   1.70127
0.945789 0.275203 0.103649  1.70276
 0.941986  0.286867 0.0893856   1.69634
  0.94833  0.274514 0.0871516   1.70727
 0.945514  0.278815 0.0934756   1.70243
0.976642 0.160119 0.141246  1.75245
0.974446 0.170894 0.139539  1.74868
0.977107 0.165431 0.131999  1.75347
0.975991  0.16529 0.136984  1.75123
0.945314 0.266382 0.123016  1.70078
0.948611 0.255658 0.131923  1.70632
0.943385 0.262867 0.140209  1.69726
0.946683  0.26168 0.131503  1.70356
0.943474 0.255938 0.156587  1.69774
0.947468 0.245701 0.158768  1.70443
0.943854 0.246945 0.169532  1.69811
0.946103 0.249432 0.161356  1.70279
0.974467 0.160978 0.146336  1.74783
0.972342 0.167416 0.153205  1.74451
0.972849 0.171313 0.144684  1.74542
0.973385 0.166521 0.148067   1.7463
0.952561 0.209654 0.195181  1.71329
0.950304 0.206829 0.204732  1.70941
0.949305 0.215974 0.197515   1.7078
0.951319 0.211085 0.198909  1.71159
 0.95321 0.248398 0.125941  1.71439
0.955007 0.248624 0.112051  1.71732
0.956947 0.240706 0.120458  1.72052
0.955544  0.24584 0.119423  1.71852
0.951726 0.185891 0.224431  1.71307
0.948781 0.185971 0.230375  1.70798
0.949125 0.192614  0.22583  1.70886
0.950175  0.18845 0.226943  1.71077
0.952275 0.189572 0.220104   1.7139
0.949801 0.195832 0.222336  1.71016
0.950989 0.197779 0.215269  1.71144
0.950243 0.194609 0.219627  1.71011
0.952943 0.173322 0.228609  1.71454
0.953209 0.179472 0.223553  1.71487
0.954741  0.17354 0.223851  1.71732
0.953812 0.175287 0.225258  1.71593
0.955768 0.167978 0.228399  1.72029
0.957081 0.169796 0.224499  1.72241
0.958603  0.16383 0.223941  1.72487
0.956633 0.167587 0.225655  1.72133
0.968301 0.162909 0.182612  1.73803
0.968008  0.16514  0.18198   1.7376
0.968703 0.163308 0.180082  1.73866
 0.96833 0.163807 0.181566  1.73808
0.970493   0.1717 0.159995  1.74162
0.968979 0.174475 0.166022  1.73927
0.969057  0.17849 0.160701  1.73952
 0.96948 0.174874 0.162269  1.74005
 0.767875   0.18548 -0.481187   1.42471
 0.768197  0.180589 -0.476545   1.42154
0.771638 0.182668 -0.47413  1.42764
0.767726 0.182663 -0.47703   1.4213
 0.763258  0.188626 -0.488167   1.42005
 0.761979   0.19159 -0.490767   1.41956
 0.759151  0.187537 -0.492171   1.41384
 0.762584  0.189594 -0.490542   1.42028
 0.780707  0.206759 -0.477901   1.45321
 0.775272  0.202969 -0.482731   1.44411
 0.781996  0.202902 -0.480861   1.45673
 0.780517   0.20456 -0.480573   1.45393
  0.76428  0.196093 -0.488756    1.4239
0.768468 0.199897 -0.48567  1.43136
0.762991 0.198479 -0.48564   1.4199
 0.764481  0.197944 -0.487097   1.42367
0.973319 0.156287  0.15931  1.74587
0.972429 0.163747 0.156464  1.74451
0.974562 0.156825 0.150436   1.7479
0.973347 0.159033 0.155438  1.74587
0.975999 0.184963 0.108875  1.75228
0.976998 0.183707 0.101409  1.75411
0.977533 0.177816 0.107514  1.75468
0.976438 0.182161 0.105976  1.75267
0.976395 0.175572  0.12192  1.75252
0.978077 0.172634  0.11501   1.7556
0.977891  0.16799 0.122487  1.75492
0.977215 0.172166  0.11963  1.75374
0.971676 0.192033 0.124147  1.74444
0.973924  0.18789  0.11639  1.74836
0.974076 0.183534 0.124195  1.74859
0.972937 0.187228 0.121254  1.74625
0.974884 0.184327 0.113438  1.74976
0.976612 0.176962  0.11259  1.75258
0.975277 0.179911 0.120381  1.75046
0.975911  0.18054 0.115579  1.75174
 0.97444 0.194138 0.103313  1.74992
0.975959 0.188152 0.100651  1.75235
0.975067 0.188837 0.107564  1.75062
0.975477 0.190227 0.103979  1.75171
0.970835 0.200044  0.11819  1.74365
0.970081 0.207446  0.10862  1.74263
0.972341 0.199518    0.108  1.74633
0.971665 0.202341 0.110877  1.74554
0.972339 0.190785 0.112089  1.74469
0.969851 0.195455 0.118919  1.74025
0.971742 0.195583 0.108156  1.74398
0.971863  0.19362 0.112281  1.74416
0.966816 0.174149   0.1791  1.73593
0.967618 0.170827 0.178347   1.7371
0.966862 0.171766 0.181547  1.73598
0.967012 0.172252 0.179685  1.73613
 0.964696  0.228285 0.0887154   1.73334
0.965457 0.229952 0.073673  1.73495
 0.968661  0.221163 0.0813189    1.7409
 0.967144  0.226637 0.0810464    1.7385
 0.95804 0.246807 0.098783  1.72297
 0.959775  0.246738 0.0861164   1.72627
 0.962465  0.237203 0.0954637   1.73074
 0.960303  0.243993 0.0931181   1.72721
0.956497 0.232847 0.145334  1.72035
0.952303 0.240152 0.151614  1.71329
0.953234 0.244477 0.139093  1.71498
0.954577  0.23943 0.145453  1.71763
0.967572 0.184972 0.162695  1.73752
0.966228 0.185616 0.169251  1.73536
 0.96575  0.19136 0.165255  1.73486
0.966343 0.187213 0.165741  1.73546
 0.767512  0.160967 -0.481254   1.41851
 0.767371  0.160833 -0.481387   1.41828
 0.767557  0.160747 -0.481209   1.41853
  0.76753  0.160856 -0.481295   1.41855
 0.767142   0.16058 -0.481616   1.41789
 0.767229  0.160769 -0.481542   1.41807
 0.767022  0.160817 -0.481715   1.41776
 0.767118  0.160743 -0.481618   1.41788
 0.767579  0.160054 -0.481098   1.41837
0.767267 0.160256 -0.48143  1.41797
 0.767248   0.15991 -0.481329    1.4178
0.767273 0.160039 -0.48128  1.41785
 0.766344  0.160997 -0.482145   1.41667
 0.766391  0.161226 -0.482096   1.41679
 0.766118  0.161277 -0.482277   1.41634
 0.766356  0.161167 -0.482185   1.41676
 0.76659 0.160919 -0.48204  1.41709
 0.766805  0.160961 -0.481877   1.41745
 0.766603  0.161146 -0.482009   1.41715
 0.766606  0.161012 -0.481972   1.41711
 0.767117  0.159221 -0.481241   1.41735
 0.767606  0.159368 -0.480918   1.41819
 0.767187  0.159566 -0.481231   1.41755
0.767213 0.159346 -0.48113   1.4175
 0.764764  0.167097 -0.478228    1.4123
 0.766036  0.166949 -0.478199   1.41483
 0.765939  0.167686 -0.476859   1.41399
 0.765755  0.167304 -0.477719   1.41405
0.766172 0.161463 -0.48228   1.4165
 0.766424  0.161376 -0.482098   1.41689
 0.766287  0.161634 -0.482136   1.41669
0.766227 0.161484 -0.48217  1.41655
  0.76683  0.159597 -0.481429   1.41694
 0.766348  0.159584 -0.481712   1.41613
0.766713 0.159254 -0.48145  1.41665
 0.766713  0.159504 -0.481519   1.41674
0.766407  0.15793 -0.48307   1.4168
 0.767376  0.157935 -0.482316   1.41832
  0.76667  0.158233 -0.482263   1.41689
 0.766741  0.157962 -0.482581   1.41718
 0.763977   0.15525 -0.489195   1.41493
  0.76497  0.153093 -0.488668   1.41614
 0.766003  0.154656 -0.487602   1.41797
0.765019 0.154539  -0.4885  1.41647
 0.754471  0.167862 -0.494371   1.40154
 0.752611  0.169152 -0.496096   1.39906
0.753138 0.166241 -0.49588  1.39935
 0.754032  0.167852 -0.495692   1.40142
 0.756957  0.160087 -0.494191   1.40472
0.758824 0.159905 -0.49268  1.40759
 0.757561  0.161927 -0.493351   1.40589
0.757301  0.16071  -0.4934   1.4051
 0.767108   0.15656 -0.485027   1.41912
  0.76573  0.156709 -0.486243   1.41708
 0.766639  0.155711 -0.486322   1.41875
0.766545 0.156434 -0.48584  1.41843
 0.766212  0.162791 -0.481715   1.41652
 0.766153   0.16309 -0.481746   1.41648
 0.766005  0.162862 -0.481982   1.41627
  0.76613  0.162927 -0.481814   1.41644
  0.76619   0.16503 -0.481573   1.41682
 0.765626   0.16497 -0.481741   1.41575
 0.765746  0.164607 -0.481947   1.41606
  0.76575  0.164849 -0.481779   1.41601
 0.766057  0.162323 -0.482048   1.41631
 0.765889  0.162583 -0.482162   1.41608
 0.765851  0.162275 -0.482287   1.41602
 0.765974  0.162412 -0.482172   1.41623
  0.76563  0.165226 -0.481475   1.41564
 0.766258  0.165261 -0.481352   1.41687
 0.766222  0.165632 -0.480951   1.41661
0.766129 0.165425 -0.48126  1.41658
 0.766157  0.162173 -0.482043   1.41648
0.765979 0.162106 -0.48227  1.41623
 0.766196  0.161904 -0.482115   1.41654
 0.766056  0.162049 -0.482143    1.4163
 0.767008  0.160304 -0.481592   1.41755
 0.766666  0.160198 -0.481772   1.41693
 0.766959  0.159948 -0.481501   1.41732
 0.766954  0.160165 -0.481629   1.41743
0.766615 0.160752 -0.48196  1.41706
0.766919 0.160575 -0.48172   1.4175
 0.766836  0.160831 -0.481805   1.41743
 0.766845  0.160712 -0.481847   1.41745
 0.765799   0.16269 -0.482287     1.416
 0.765548  0.162634 -0.482519   1.41561
 0.765762   0.16235 -0.482409   1.41592
0.765651  0.16254 -0.48241  1.41573
 0.766912   0.16043 -0.481719   1.41745
 0.766589  0.160636 -0.481997     1.417
 0.766597  0.160341 -0.481878   1.41688
 0.766614  0.160461 -0.481869   1.41694
0.766554 0.159173 -0.48158   1.4164
 0.766176  0.159532 -0.481806   1.41582
 0.765925  0.159235 -0.481913   1.41533
  0.76615  0.159262 -0.481773    1.4157
0.755937 0.166599 -0.49387  1.40394
 0.754687  0.165058 -0.495449   1.40198
 0.756583  0.164175 -0.493772   1.40466
0.755102 0.165275 -0.49434  1.40223
0.755848 0.171972 -0.49331  1.40461
 0.753865  0.170825 -0.495719   1.40176
 0.755647  0.169208 -0.493679   1.40382
 0.754337  0.170596 -0.494239   1.40179
 0.754668  0.173497 -0.493805   1.40283
 0.752994  0.175623 -0.495591   1.40093
 0.752557  0.172279 -0.496017   1.39958
 0.754162  0.174007 -0.495418   1.40286
0.764452 0.167539 -0.47799  1.41164
 0.765641  0.168264 -0.476485   1.41331
 0.764152   0.16887 -0.477313   1.41095
 0.764435  0.168118 -0.477218   1.41127
 0.765858   0.16666 -0.478926   1.41484
 0.764748  0.166675 -0.478935    1.4126
 0.765013  0.166095 -0.479891   1.41359
0.765041 0.166428 -0.47929  1.41335
 0.760626  0.168026 -0.481683   1.40629
  0.75962   0.17026 -0.483407   1.40582
 0.759137  0.168283 -0.484603   1.40514
 0.760482  0.168919 -0.483263    1.4072
 0.758218  0.163145 -0.491655   1.40649
 0.759701  0.162155 -0.489498   1.40798
 0.758939  0.163852 -0.489478   1.40679
  0.75839  0.163059 -0.490096   1.40587
 0.765456  0.165323 -0.481321   1.41521
 0.766055   0.16579 -0.480733   1.41617
 0.765249  0.165671 -0.480708   1.41448
 0.765469  0.165568 -0.480969   1.41507
 0.766087  0.163405 -0.481796   1.41644
0.766042 0.163721 -0.48188  1.41646
 0.765797  0.163499 -0.482105   1.41605
 0.766012  0.163593 -0.481938   1.41641
 0.765185  0.159134 -0.482386   1.41409
 0.764433  0.159451 -0.482777   1.41286
 0.764804  0.158953 -0.482958   1.41365
 0.76484 0.159212 -0.48265  1.41357
 0.766304  0.164882 -0.481545   1.41702
 0.765882  0.164509 -0.481885   1.41628
 0.766383  0.164535 -0.481551   1.41712
 0.766308  0.164679 -0.481665   1.41706
 0.766515  0.163684 -0.481392   1.41713
 0.766261  0.163762 -0.481704   1.41681
 0.766293  0.163447 -0.481599   1.41675
 0.766289  0.163618 -0.481562   1.41676
 0.766618  0.163303 -0.481149   1.41711
 0.766554  0.163557 -0.481251    1.4171
  0.76635  0.163341 -0.481448   1.41675
 0.766585  0.163421 -0.481285   1.41715
 0.767061  0.163467 -0.480794   1.41784
 0.766806  0.163613 -0.481076   1.41752
 0.766824   0.16334 -0.480999   1.41745
0.766827 0.163456 -0.48095  1.41745
 0.765663  0.163678 -0.482188   1.41586
 0.765931  0.163921 -0.481956   1.41632
 0.765644  0.164106 -0.482118   1.41586
 0.765768  0.163875 -0.482097   1.41606
 0.766456  0.164206 -0.481448   1.41714
 0.766213  0.163964 -0.481646   1.41672
 0.766503  0.163871 -0.481339   1.41711
0.766464 0.164035 -0.48149  1.41715
 0.960134  0.248263 0.0718133   1.72685
 0.959909    0.2526 0.0556429    1.7271
 0.963276  0.240016 0.0649459   1.73204
  0.96213  0.246749 0.0650282   1.73107
 0.965285  0.237211 0.0394318     1.736
0.964339 0.237963 0.057473  1.73395
 0.960734  0.249697 0.0468131   1.72825
 0.962482  0.241504 0.0481177   1.73028
 0.958145  0.253522 0.0345935   1.72307
 0.959851  0.249662 0.0121812   1.72657
 0.963452  0.239508 0.0280944   1.73226
 0.961572  0.247431 0.0249727   1.72982
 0.969087  0.227281 0.0037228   1.74386
0.967101 0.233363 0.020844  1.73979
  0.964053   0.242264 0.00402815    1.73514
  0.966497   0.234074 0.00976737    1.73887
  0.941747   0.287364 -0.0325152    1.69624
  0.934996   0.302876 -0.0270385    1.68489
  0.936271   0.297435 -0.0511933    1.68806
  0.938662   0.295841 -0.0368619    1.69196
  0.948214   0.275063 -0.0161866    1.70692
   0.954673    0.261609 -0.00225003      1.7179
  0.947675   0.277934 0.00618005    1.70553
   0.951477    0.272029 -0.00453518     1.71331
0.966527 0.162005 0.192218  1.73529
0.966514 0.162163 0.192133  1.73527
0.966563 0.162026 0.192026  1.73534
 0.96653 0.162074 0.192121  1.73529
0.966461 0.162354 0.192115  1.73517
0.966415 0.162544 0.192206   1.7351
0.966473  0.16252 0.191963  1.73519
0.966462 0.162468   0.1921  1.73519
0.966651 0.162236  0.19133  1.73545
0.96655 0.16251 0.19159 1.73531
0.966608 0.162601 0.191225  1.73539
0.966607 0.162448 0.191375  1.73539
0.966295 0.163069 0.192374  1.73494
0.966269 0.162934 0.192603  1.73489
0.966214 0.163192 0.192629  1.73481
0.966247 0.163067 0.192534  1.73485
0.966149 0.163023 0.193065  1.73471
 0.96608 0.163237 0.193201  1.73461
0.966142 0.163247 0.192912   1.7347
0.966119 0.163171 0.193059  1.73466
0.966321 0.162928 0.192309  1.73496
0.966356 0.162694 0.192355  1.73502
0.966294 0.162824 0.192534  1.73492
0.966337 0.162815 0.192399    1.735
0.963534 0.166077 0.202354  1.73099
 0.96345 0.164077 0.204282   1.7309
0.962625 0.167259 0.205009  1.72967
0.963276 0.165727   0.2039  1.73068
0.966375 0.162889 0.192157  1.73506
0.966459 0.162671 0.191966  1.73519
0.966403 0.162659 0.192224   1.7351
0.966396 0.162743 0.192118  1.73508
0.966617 0.163016 0.190863  1.73542
0.966527 0.163534  0.19085  1.73528
0.966685 0.163231 0.190366  1.73553
0.966612 0.163265 0.190693  1.73541
0.967304 0.164102 0.186624   1.7365
0.967464 0.162793 0.186981  1.73672
0.967135 0.163685 0.187827  1.73623
0.967302 0.163522 0.187148  1.73649
0.968725 0.164463 0.178802  1.73871
0.967984 0.166292 0.181052  1.73759
0.968256  0.16755 0.178272  1.73803
0.968308 0.166092 0.179388  1.73808
0.964145 0.167861 0.198059  1.73181
 0.96376 0.167395 0.200153  1.73126
0.963376 0.169899 0.199422  1.73066
0.963911 0.168339 0.199231   1.7316
0.969627 0.166792 0.171128  1.74015
0.968531 0.169222 0.174858  1.73848
0.968784 0.171482 0.170789  1.73891
0.968955 0.169153 0.172277  1.73911
0.966619 0.164301 0.189766  1.73544
0.966859  0.16386 0.189009   1.7358
0.966764 0.163511  0.18976  1.73565
0.966756 0.163897 0.189511  1.73565
0.966237 0.172202 0.184392  1.73503
0.965757 0.172274 0.186976  1.73435
0.965556 0.174465 0.185642  1.73406
0.965746 0.173003 0.185682  1.73424
0.966738 0.165479 0.188113  1.73563
0.967097 0.164846  0.18695  1.73618
0.966966 0.164295 0.188084  1.73597
0.966949 0.164883 0.187715  1.73597
0.966177  0.16168 0.194139  1.73477
0.966193 0.161471 0.194238  1.73479
 0.96611 0.161737 0.194426  1.73467
0.966174 0.161624 0.194254  1.73477
0.966248 0.161505 0.193864  1.73485
0.966213 0.161415 0.194079   1.7348
0.966197 0.161625 0.194013  1.73478
0.966218 0.161522 0.193984  1.73481
0.966038 0.162602 0.193906  1.73454
0.965975 0.162635  0.19417  1.73445
0.965976 0.162862 0.193979  1.73445
0.966006 0.162701 0.194019   1.7345
 0.96535 0.163268 0.196477  1.73352
0.965314 0.162614 0.197231  1.73349
0.965036 0.163689 0.197464  1.73305
0.965263 0.163178 0.197071  1.73343
0.964632 0.163198 0.199928  1.73255
0.964169 0.165115 0.200319  1.73186
0.964669 0.164307 0.198748  1.73256
0.964558 0.164161 0.199665  1.73248
0.966442 0.166734 0.188376  1.73519
0.966084 0.168032  0.18891  1.73467
0.966453 0.167819 0.187358  1.73524
0.966376 0.167536 0.188214  1.73515
0.966099 0.162892 0.193398  1.73463
0.966069 0.163133 0.193328  1.73459
0.966135 0.162948  0.19318  1.73468
0.966102  0.16299 0.193303  1.73464
0.966539 0.162701 0.191642  1.73532
0.966493 0.163049 0.191555  1.73525
0.966589  0.16283 0.191287   1.7354
0.966531 0.162879 0.191488   1.7353
0.965951 0.163199 0.193831  1.73441
 0.96589 0.163562 0.193805  1.73432
0.965988 0.163339 0.193531  1.73447
 0.96594 0.163365 0.193723  1.73439
0.966181 0.162956 0.192956  1.73475
 0.96618 0.163151  0.19279  1.73475
0.966235 0.162914 0.192738  1.73483
0.966206 0.163004 0.192829   1.7348
0.966459 0.162759 0.191834  1.73518
0.966359 0.162992  0.19206  1.73502
0.966403  0.16307 0.191758  1.73508
 0.96642 0.162951 0.191881  1.73512
0.965967 0.163828 0.193254  1.73445
0.965996 0.163475 0.193393  1.73448
 0.96589 0.163743 0.193655  1.73433
0.965948 0.163685 0.193432  1.73441
   0.958 0.188278 0.200791  1.72209
0.956323  0.18811 0.206158  1.71934
0.956201 0.192846  0.20197  1.71918
0.957211 0.189899 0.202917  1.72111
0.954799 0.188464 0.211427  1.71717
0.953052 0.187851 0.217513  1.71455
0.952198 0.195606 0.212623  1.71303
0.954007 0.190466 0.213991  1.71648
0.957873 0.176622  0.21188  1.72193
0.956985 0.182658 0.209244  1.72045
0.959087 0.178601 0.206617   1.7239
0.958362 0.179415 0.209267  1.72303
0.962227 0.163524 0.209311  1.72916
0.962259 0.166755 0.206938  1.72919
 0.96319 0.163335 0.205855  1.73054
 0.96256 0.164557 0.207373  1.72963
0.963957 0.164904 0.201491  1.73159
0.964481 0.162813 0.200912  1.73234
0.963923 0.163062 0.203086  1.73156
 0.96409 0.163598 0.201829  1.73175
0.965934 0.162739 0.194319  1.73439
0.965843 0.163092 0.194461  1.73426
0.965932 0.162998 0.194098  1.73439
 0.96589  0.16294 0.194293  1.73431
0.965918 0.162648 0.194485  1.73437
0.965847 0.162668 0.194869  1.73428
0.965819  0.16302 0.194686  1.73424
0.965877 0.162772 0.194688  1.73434
0.962287 0.172363 0.201383  1.72899
 0.96175 0.170985 0.204965  1.72828
   0.961 0.175159 0.203912  1.72709
0.961857 0.172797 0.203536  1.72856
0.965512 0.162887 0.196163  1.73378
0.965687 0.162144 0.195971  1.73404
0.965495 0.162258 0.196792  1.73377
0.965541 0.162428 0.196304   1.7338
0.965743 0.163185 0.194923  1.73413
0.965762 0.162757 0.195117  1.73414
 0.96562 0.163155 0.195507  1.73395
0.965683 0.163011 0.195162  1.73401
0.965777 0.162567 0.195251  1.73418
 0.96576 0.162254 0.195616  1.73416
0.965617 0.162915 0.195749  1.73395
0.965753 0.162559 0.195515  1.73417
0.965999  0.16211 0.194632  1.73451
0.965879  0.16244 0.194847  1.73432
 0.96595 0.162445 0.194475  1.73441
0.965926 0.162345  0.19466  1.73438
 0.762596  0.155477 -0.490075   1.41268
0.760967 0.154745 -0.49132  1.40992
0.763401 0.153146 -0.48959  1.41348
 0.762479  0.154356 -0.490502   1.41244
 0.764217  0.157706 -0.486509   1.41437
 0.763812  0.158287 -0.485804   1.41325
 0.762944  0.158387 -0.487233   1.41237
 0.763849  0.158055 -0.486562   1.41374
 0.766562  0.158925 -0.481592   1.41638
  0.76591  0.158976 -0.481986   1.41529
 0.766371  0.158621 -0.481928   1.41614
 0.766349   0.15887 -0.481796   1.41606
 0.764553  0.158439 -0.484571   1.41404
  0.76555  0.158083 -0.483853   1.41556
 0.764941  0.158581 -0.483516    1.4142
 0.764961  0.158309 -0.484051   1.41452
 0.755336  0.160981 -0.494774   1.40196
0.756025 0.162893 -0.49401  1.40337
 0.754066  0.163496 -0.495458   1.40036
 0.755639  0.162454 -0.494937   1.40302
  0.76173  0.168381 -0.480534   1.40791
 0.762625  0.169725 -0.479078   1.40914
 0.761032  0.170669 -0.481849   1.40783
 0.76119  0.16947 -0.48027  1.40689
 0.759715  0.176849 -0.487284   1.40987
 0.760318  0.173542 -0.484141   1.40845
0.761682 0.175406  -0.4825  1.41064
 0.759671  0.175089 -0.484361    1.4076
  0.76434  0.159112 -0.483363   1.41299
 0.763983  0.159644 -0.483063   1.41217
0.763363 0.159655 -0.48402  1.41151
 0.763893  0.159395 -0.483492   1.41221
 0.757888  0.176284 -0.489103   1.40713
 0.756778  0.173769 -0.490339   1.40508
 0.758745  0.173215 -0.485974   1.40629
 0.75871 0.174705 -0.48871  1.40823
 0.758671   0.16571 -0.489118   1.40643
 0.758636   0.16749 -0.487954   1.40603
 0.757348  0.167447 -0.491273   1.40544
0.757586 0.166783 -0.48933  1.40458
 0.757593  0.177759 -0.491601   1.40836
0.754948 0.177375 -0.49476  1.40478
0.756439 0.174827 -0.49266  1.40603
0.755455  0.17651 -0.49299  1.40458
 0.755947  0.182873 -0.493505    1.4072
 0.754153  0.179102 -0.494807   1.40354
  0.75684  0.179565 -0.491783   1.40731
 0.756436  0.180837 -0.493682   1.40789
  0.945145   0.284612 -0.0196193    1.70267
  0.944758   0.287457 0.00284673     1.7016
  0.938736   0.299917 -0.0133965    1.69198
   0.94184   0.290821 -0.0102187    1.69624
  0.953456   0.270906 -0.0259623     1.7189
  0.957783   0.259829 -0.0323358    1.72677
  0.959981   0.257392 -0.0124648    1.73013
   0.95558   0.263131 -0.0250079    1.72177
0.948986 0.264226 0.115193  1.70798
0.953716 0.254747 0.110585  1.71592
0.951936 0.253908 0.124872  1.71289
0.951289 0.257632 0.116996  1.71163
 0.96142 0.232359 0.117091  1.72867
0.963759  0.22951 0.105846  1.73253
0.964072 0.223188 0.117714  1.73271
0.962393  0.22852 0.113967  1.72968
0.955597 0.229217 0.151794  1.71803
0.953749 0.227544 0.165752  1.71535
0.951645 0.236495 0.157908   1.7116
0.953313 0.231671 0.158364  1.71427
0.96808 0.18928 0.14909 1.73785
0.970071 0.181366 0.145571  1.74064
0.968679 0.183522 0.155071  1.73887
0.968787  0.18496 0.150138   1.7388
0.962917 0.170474 0.200984  1.73003
0.963422  0.16754 0.201596  1.73081
0.962492  0.16911 0.204102  1.72948
 0.96282 0.169051 0.202248  1.72981
0.954537 0.199249 0.201405  1.71663
0.951602 0.202709 0.205661  1.71157
0.953685 0.205635 0.196499  1.71517
0.953268 0.202475 0.201064  1.71436
0.958583 0.199579 0.188378  1.72359
0.956516 0.206079 0.188676  1.72038
0.958672  0.20436 0.181632  1.72371
0.957341 0.203308 0.186355  1.72115
0.956128 0.195424 0.204135  1.72018
0.956169 0.190092 0.208532   1.7201
0.953798 0.197681 0.208968  1.71641
0.955051  0.19428 0.207058  1.71805
0.958791 0.216062 0.159737   1.7233
0.955251 0.222603 0.165797  1.71755
0.957416 0.224215 0.152511  1.72111
0.957555 0.220839 0.159212  1.72153
0.955407 0.210715 0.186067  1.71843
0.955083 0.217425 0.177266  1.71776
0.957665 0.208492  0.17882  1.72185
0.956765 0.212039 0.180903  1.72103
 0.97016 0.166293 0.168068  1.74093
0.969224 0.171583 0.167594  1.73954
0.970701 0.168423 0.162231  1.74183
0.970032 0.168803 0.166023  1.74078
0.963876 0.213071 0.140867  1.73224
   0.961 0.222905 0.141095  1.72783
0.963844 0.218221 0.130396  1.73222
0.962289 0.217901 0.137523   1.7292
0.967759 0.176246 0.171394  1.73743
0.966717 0.177155 0.176209  1.73583
0.966484 0.180924 0.172951  1.73554
0.966846 0.178099 0.173551  1.73592
0.971065 0.171727 0.155294  1.74242
0.969488 0.179423 0.156206  1.74016
0.971161 0.176399 0.147507  1.74257
0.970612 0.175917 0.153182  1.74183
0.960885 0.243979 0.079818  1.72784
 0.963947  0.235596 0.0728231    1.7327
 0.963528  0.234464 0.0885094   1.73213
 0.961764  0.238545 0.0801168   1.72849
 0.956757  0.254095 0.0736622   1.72041
0.953096 0.265466 0.074319  1.71507
 0.956003  0.259347 0.0578921   1.71964
 0.954776  0.259595 0.0694384   1.71709
0.965234 0.219049 0.115307  1.73423
0.965187 0.224987 0.103296  1.73461
0.967615 0.215776  0.10649  1.73844
0.966851 0.219635 0.108558  1.73772
0.959189 0.237534 0.114749  1.72444
0.957426 0.244673 0.105893  1.72142
0.961524 0.235074 0.102663  1.72835
0.959308 0.239287 0.108412  1.72465
 0.766831  0.159829 -0.481531   1.41705
 0.766533  0.160109 -0.481813   1.41667
  0.76637   0.15984 -0.481799   1.41627
  0.76651  0.159899 -0.481724   1.41652
 0.765631  0.161015 -0.482479   1.41541
0.765804 0.161352 -0.48245  1.41582
 0.765453  0.161505 -0.482606   1.41522
 0.765718  0.161312 -0.482532   1.41568
 0.765629  0.162171 -0.482497   1.41566
 0.765384  0.162436 -0.482605   1.41528
 0.765383  0.162003 -0.482645   1.41521
 0.765524  0.162229 -0.482596   1.41552
0.765953 0.160885 -0.48237  1.41598
 0.766306  0.160907 -0.482212   1.41661
 0.766063   0.16122 -0.482364   1.41627
 0.766027  0.161002 -0.482316   1.41612
 0.760647  0.160641 -0.489226    1.4094
  0.76043  0.159607 -0.490794   1.40968
 0.761757    0.1593 -0.488773   1.41109
0.760511 0.159896 -0.48951  1.40913
 0.765929  0.160652 -0.482262   1.41581
 0.766306  0.160406 -0.482012   1.41638
 0.766309  0.160731 -0.482133   1.41653
 0.766255  0.160572 -0.482132   1.41639
 0.764537  0.158098 -0.485171    1.4143
 0.765049  0.157504 -0.485744   1.41557
 0.765604  0.157775 -0.484408   1.41595
 0.765001  0.157877 -0.485034   1.41512
 0.764958  0.162336 -0.482751   1.41447
 0.765262  0.162038 -0.482707     1.415
 0.765261  0.162509 -0.482677   1.41508
 0.765097  0.162275 -0.482722   1.41472
 0.762095  0.157335 -0.489792   1.41193
 0.761797  0.158586 -0.488884   1.41107
 0.760452  0.158694 -0.490806   1.40951
 0.761782  0.158152 -0.489969    1.4116
 0.765236  0.159404 -0.482246   1.41416
  0.76495  0.159894 -0.482326   1.41371
 0.764512  0.159705 -0.482543   1.41292
 0.764865  0.159605 -0.482385   1.41352
0.765747 0.162874 -0.48226  1.41591
 0.765634  0.163201 -0.482324   1.41578
 0.765466  0.162845 -0.482498   1.41547
 0.765647  0.163005 -0.482374    1.4158
 0.764744  0.164339 -0.482111   1.41404
  0.76504  0.164836 -0.481769   1.41453
 0.764412  0.164518 -0.481776   1.41319
 0.764635  0.164556 -0.481927   1.41374
 0.765334  0.160175 -0.482268    1.4145
 0.765887  0.159967 -0.482063   1.41547
  0.76569  0.160475 -0.482299   1.41531
0.765588 0.160144 -0.48221  1.41498
 0.764883  0.164332 -0.482182   1.41437
 0.765346  0.164425 -0.482116    1.4153
 0.765194   0.16477 -0.481894   1.41492
 0.765187  0.164544 -0.482072   1.41497
 0.760322   0.16239 -0.486094   1.40719
 0.759088  0.163545 -0.487916   1.40606
 0.759823  0.162017 -0.488039    1.4073
 0.760223  0.162648 -0.487444   1.40789
 0.765783  0.161981 -0.482469   1.41592
  0.76557  0.161786 -0.482605   1.41552
 0.765883  0.161592 -0.482451   1.41604
 0.765669  0.161773 -0.482514   1.41567
0.765879 0.160426 -0.48223  1.41564
 0.766062   0.15996 -0.481985   1.41578
 0.766268  0.160198 -0.481975   1.41624
 0.766109  0.160206 -0.482052   1.41596
 0.765036  0.161231 -0.482636   1.41433
  0.76549   0.16097 -0.482512   1.41513
  0.76531  0.161505 -0.482655   1.41496
 0.765185  0.161217 -0.482615   1.41462
 0.760479  0.182512 -0.488158   1.41318
 0.758014  0.184213 -0.492152   1.41091
 0.758425  0.180337 -0.490135   1.40972
 0.758488   0.18204 -0.489942   1.41009
 0.763989  0.186834 -0.487112   1.42057
 0.760158  0.185905 -0.491433   1.41514
 0.762512  0.184007 -0.487431   1.41718
 0.761566  0.185759 -0.488537   1.41627
 0.757474  0.168718 -0.488071     1.404
0.756108 0.171198 -0.49098  1.40355
 0.755929  0.168748 -0.491605   1.40303
 0.757306  0.169778 -0.490504   1.40539
 0.761733  0.173519 -0.480049    1.4088
 0.760463     0.172 -0.481891     1.407
 0.762348  0.170791 -0.478672   1.40857
 0.762229  0.172225 -0.480215   1.40963
 0.762008  0.167598 -0.479738   1.40778
  0.76343  0.167303 -0.478654   1.40991
 0.762876  0.168713 -0.478302   1.40892
  0.76315  0.167899 -0.478867   1.40963
 0.763038  0.165807 -0.480293   1.40979
 0.763602   0.16672 -0.479261    1.4105
0.762421  0.16682 -0.48012  1.40868
 0.762719  0.166395 -0.479826   1.40898
 0.763341  0.165604 -0.480337   1.41037
 0.764323  0.165798 -0.480206   1.41231
 0.763913  0.166394 -0.479383   1.41112
 0.764036  0.165947 -0.479962   1.41162
  0.76382  0.163366 -0.482255   1.41204
 0.763828  0.164055 -0.481867   1.41196
 0.763268    0.1636 -0.481948   1.41078
 0.763519  0.163692 -0.482018   1.41135
  0.76427  0.164781 -0.481516   1.41279
 0.764961  0.165063 -0.481515   1.41426
  0.76467  0.165385 -0.480947   1.41338
0.764738 0.165093 -0.48133   1.4137
 0.765166  0.163584 -0.482473   1.41498
 0.765514  0.163591 -0.482323   1.41561
  0.76546  0.164008 -0.482245   1.41554
 0.765394  0.163759 -0.482364   1.41542
 0.763029  0.164795 -0.481085   1.41002
0.762934 0.163991 -0.48167  1.41002
 0.763587  0.164405 -0.481546   1.41134
 0.763324  0.164378 -0.481437   1.41075
 0.765073    0.1637 -0.482489   1.41482
 0.765372  0.164162 -0.482255   1.41539
 0.764958  0.164052 -0.482327   1.41455
0.765081 0.163934 -0.48237  1.41481
  0.947302   0.277279 -0.0594903    1.70888
   0.94646     0.2818 -0.0404902    1.70641
  0.941232   0.291025 -0.0600681    1.69864
 0.944896   0.28299 -0.053547   1.70424
  0.954031   0.256397 -0.0515091    1.71824
  0.949929   0.263949 -0.0637129    1.71172
  0.953946   0.251018 -0.0701736    1.71864
  0.951598   0.257631 -0.0613287    1.71371
0.966575  0.16304 0.191121  1.73537
0.966468 0.163249 0.191445   1.7352
0.966491 0.163505 0.191121  1.73524
0.966505 0.163261  0.19124  1.73526
 0.96615 0.163784 0.192407  1.73471
 0.96614 0.163503 0.192689   1.7347
0.966052 0.163845 0.192837  1.73457
0.966104 0.163715 0.192651  1.73464
0.966215 0.163596 0.192259  1.73481
0.966278 0.163219 0.192275   1.7349
0.966191 0.163369 0.192556  1.73477
0.966244 0.163388 0.192366  1.73486
0.966548 0.164254 0.190211  1.73534
 0.96668 0.163544 0.190165  1.73553
0.966518 0.163837 0.190733  1.73529
0.966569 0.163877 0.190373  1.73536
0.966018 0.163731 0.193047  1.73451
0.966108 0.163425 0.192884  1.73464
 0.96604 0.163412 0.193214  1.73454
0.966061 0.163521 0.193049  1.73458
0.966638 0.165392  0.18879   1.7355
0.966843 0.164333 0.188704  1.73579
 0.96659 0.164762 0.189573  1.73541
0.966671 0.164827 0.189026  1.73552
0.965458  0.16468 0.194972  1.73372
0.965265 0.165067 0.195658  1.73346
0.965321 0.165519 0.194984  1.73354
0.965353 0.165088 0.195219  1.73359
0.966749 0.167145 0.186681  1.73571
0.967067 0.165569 0.186504  1.73616
0.966689 0.166175  0.18783  1.73559
0.966804 0.166291  0.18701  1.73574
0.958032 0.198064 0.192184  1.72267
0.956513 0.198319 0.197884  1.72033
0.955902 0.204415 0.193067  1.71938
0.957285  0.20008 0.194622  1.72192
0.966372 0.165007 0.190399  1.73508
0.966183  0.16511 0.191182  1.73479
0.966166  0.16579 0.190742  1.73479
0.966215 0.165299 0.190774  1.73483
0.967575 0.167606 0.181773  1.73696
0.967021 0.170209 0.182058  1.73615
0.967754 0.169121  0.17922  1.73725
0.967498 0.168996 0.181038   1.7369
0.962046 0.191926 0.183302  1.72905
0.961825 0.188692 0.188439  1.72874
0.960354 0.193641 0.188218  1.72634
0.961043  0.19148 0.186694  1.72717
0.965906 0.163184 0.194027  1.73434
0.965802 0.163328 0.194394  1.73419
0.965836 0.163575 0.194042  1.73424
0.965856 0.163365 0.194153  1.73428
0.965226 0.164663 0.196365  1.73345
0.965402 0.163712 0.196295  1.73369
0.965082  0.16426 0.197194  1.73321
0.965197  0.16426 0.196611  1.73336
0.966219 0.164512 0.191564  1.73485
0.966361 0.163983 0.191312  1.73505
0.966239 0.164006 0.191863  1.73486
0.966251 0.164169 0.191569  1.73486
0.965434 0.163799 0.195807  1.73368
0.965235 0.164624 0.195873  1.73336
0.965439 0.164306 0.195178  1.73364
0.965359 0.164276 0.195621  1.73354
0.966303 0.163582 0.192049  1.73498
0.966408 0.163296 0.191812  1.73514
0.966353 0.163186 0.192117  1.73505
0.966338 0.163342 0.191981  1.73501
0.964978 0.167603 0.194619  1.73303
0.965111 0.166515 0.194952  1.73321
0.964711 0.167264 0.195992   1.7326
0.964945 0.167144 0.195147  1.73297
0.966231 0.163755  0.19185   1.7348
0.966348 0.163704 0.191344  1.73497
0.966349 0.163416 0.191616  1.73498
0.966335 0.163617 0.191593  1.73498
0.965954 0.164412 0.192575  1.73438
0.966087 0.164015 0.192343  1.73459
0.965982 0.164065 0.192835  1.73444
0.966005  0.16418 0.192596  1.73447
 0.95946 0.173412 0.211205  1.72488
0.960416  0.17575 0.206453  1.72644
0.961257 0.170946 0.207412  1.72771
0.960205 0.173469 0.208297  1.72592
0.965902 0.170441  0.18801  1.73453
0.966364 0.168793 0.187173  1.73517
0.965986  0.16893 0.188878   1.7346
 0.96602 0.169379 0.188028  1.73461
0.966375 0.166508 0.189081  1.73512
0.966126 0.166598 0.190238  1.73475
0.966062 0.167644  0.18964  1.73468
0.966134 0.166915 0.189658  1.73472
0.961386 0.179937 0.197807  1.72763
0.960315 0.179482 0.202058  1.72593
0.959924 0.183668 0.199311  1.72531
0.960772 0.181073 0.199764  1.72686
 0.96442 0.166781 0.197891  1.73223
0.964632 0.165153 0.198314  1.73253
0.964113 0.166152 0.199719  1.73178
0.964294 0.166029 0.198636  1.73194
0.965762 0.164036 0.194006  1.73414
0.965614 0.164351 0.194448  1.73393
0.965685  0.16457 0.193891  1.73402
0.965687 0.164323 0.194115  1.73403
0.964986 0.165304 0.196466    1.733
0.964817 0.165078 0.197521  1.73279
0.964646 0.166446 0.197067  1.73253
0.964909 0.165557 0.196989  1.73298
0.965742 0.163539 0.194569  1.73412
0.965635 0.164067 0.194618  1.73396
0.965773 0.163807 0.194166  1.73416
0.965711 0.163801 0.194452  1.73406
 0.763145  0.159495 -0.485563     1.412
 0.763034  0.158961 -0.487061   1.41258
 0.763868  0.158737 -0.485698    1.4134
 0.763086  0.159042 -0.486048   1.41208
 0.764378  0.157313 -0.487369   1.41514
 0.763021  0.158116 -0.488203   1.41306
 0.763397  0.156945 -0.488992   1.41403
 0.763381  0.157555 -0.488103    1.4136
 0.759343  0.161376 -0.489936   1.40734
 0.757773  0.162152 -0.492047   1.40559
 0.758994  0.160319 -0.491542   1.40735
0.759207 0.161271 -0.49134  1.40789
 0.760148  0.167131 -0.484137   1.40666
  0.76121  0.165703 -0.482458   1.40744
   0.7613  0.167072 -0.481722   1.40747
 0.760401  0.166604 -0.482509   1.40602
0.761255 0.161618 -0.48565  1.40865
 0.760899  0.161235 -0.487354    1.4089
 0.762073  0.160419 -0.485529   1.40999
 0.760979  0.161122 -0.486065   1.40824
 0.756802  0.164155 -0.492293   1.40421
 0.757719  0.164845 -0.490001   1.40484
 0.756184  0.166341 -0.492192   1.40338
 0.757516  0.165166 -0.491664   1.40551
 0.758803  0.169259 -0.486677   1.40597
 0.759415   0.17156 -0.485631   1.40708
 0.757652  0.172095 -0.489661   1.40609
 0.757749  0.170889 -0.487099   1.40444
 0.759715  0.164765 -0.485218   1.40592
 0.758842  0.166537 -0.486257   1.40518
  0.75886  0.165079 -0.487578   1.40572
 0.759456  0.165416 -0.486316   1.40623
0.955676 0.243734 0.132933  1.71982
 0.95915 0.236723 0.126992  1.72548
0.958855 0.232383 0.139237  1.72507
0.957073 0.237944 0.132588  1.72148
 0.96164 0.222798 0.126266  1.72759
0.958676 0.227293 0.137343  1.72294
0.958812 0.231415 0.125262  1.72298
0.960516 0.227408  0.12921  1.72645
0.960055 0.212201 0.165307  1.72624
0.959296 0.208605 0.174267  1.72498
0.957018 0.217813 0.171504  1.72147
0.958305 0.212636 0.170403  1.72298
0.967734 0.186318 0.158814  1.73765
0.965666 0.193043 0.161294  1.73444
0.967257 0.191959 0.153324  1.73696
0.967011 0.190473 0.157671  1.73663
0.959477   0.1852 0.201576  1.72511
0.959936 0.180445 0.204272  1.72578
0.958081 0.184861 0.206483  1.72289
0.958826 0.183643 0.204058  1.72378
0.962625 0.189468 0.182212  1.72966
 0.96358 0.184746 0.183417  1.73111
0.962358 0.186738 0.187149  1.72932
0.963208 0.186919 0.184318  1.73087
0.964809 0.181884 0.180447  1.73292
0.965564 0.182452 0.175458  1.73403
0.965943 0.178498 0.178226  1.73456
 0.96565 0.180938 0.178123  1.73435
0.957533 0.194609 0.198576  1.72203
 0.95895 0.194389 0.193416  1.72423
0.959149 0.189769 0.197618   1.7245
0.958134 0.193051 0.196582  1.72262
 0.96699 0.174837 0.176807  1.73612
0.968015 0.173639 0.172433   1.7377
0.967888 0.171082 0.176105  1.73746
0.967712 0.173206 0.175154  1.73729
0.960837 0.201388 0.175564  1.72705
0.963115  0.19731 0.169695  1.73055
0.962419 0.194959 0.177011  1.72954
0.961644 0.197984 0.174206  1.72791
0.968022 0.176961 0.168178  1.73774
0.966596 0.182197 0.169786   1.7356
0.967991 0.181153  0.16352  1.73785
0.967649 0.180101 0.167181  1.73732
0.960463 0.207452 0.164411  1.72583
0.962334 0.200241 0.166594  1.72888
0.959852 0.204604 0.172814  1.72502
0.961413 0.204235  0.16781  1.72785
0.968507 0.191766 0.143472  1.73874
0.969781 0.192559 0.132602  1.74076
0.970899 0.183534 0.139401  1.74238
0.970037   0.1893 0.138676  1.74138
0.963733 0.212341 0.146518  1.73244
0.961848 0.213897 0.155011  1.72942
0.960835 0.221682 0.147217  1.72791
0.962537 0.215633 0.149756  1.73081
0.963841 0.199728 0.155748  1.73081
0.965416 0.195153 0.152219  1.73304
0.963962 0.196343 0.160466  1.73095
 0.96436 0.197436 0.155916  1.73153
0.967843 0.201985 0.128592   1.7378
 0.96528 0.207622 0.137741  1.73393
0.965369 0.212791 0.127224  1.73422
0.966912 0.207577 0.131542  1.73718
0.765224 0.159852 -0.48223  1.41419
 0.765518  0.159377 -0.482087   1.41462
 0.765808  0.159662 -0.481988    1.4152
 0.765571   0.15966 -0.482073   1.41477
 0.762751  0.164874 -0.481101    1.4095
 0.762007  0.164625 -0.481778   1.40837
0.762677  0.16399 -0.48171  1.40953
 0.762253  0.164486 -0.481459   1.40863
 0.762001  0.160027 -0.485888   1.40998
 0.760708  0.160699 -0.487759   1.40864
 0.761774  0.159495 -0.487466   1.41037
 0.761923  0.160061 -0.487155   1.41061
  0.76426   0.16078 -0.482558   1.41261
  0.76478  0.160416 -0.482445   1.41353
 0.764663  0.160973 -0.482581   1.41348
 0.764523  0.160681 -0.482543   1.41312
 0.764114  0.160512 -0.482583   1.41228
 0.764211  0.159963 -0.482627   1.41241
 0.764666  0.160127 -0.482441   1.41324
 0.764334  0.160238 -0.482517   1.41264
 0.764189  0.158849 -0.483717   1.41285
 0.763194  0.159412 -0.484576   1.41147
0.763797 0.158793 -0.48477  1.41269
 0.763888  0.159022 -0.484326   1.41265
 0.765516   0.16336 -0.482403   1.41562
 0.765162  0.163328 -0.482564   1.41498
 0.765349  0.162958 -0.482578    1.4153
 0.765303  0.163188 -0.482528   1.41522
 0.764812  0.162601 -0.482738   1.41421
 0.765153  0.162749 -0.482662    1.4149
 0.764927    0.1631 -0.482647    1.4145
 0.765007  0.162848 -0.482694   1.41464
  0.76478  0.162062 -0.482745   1.41404
 0.764811  0.161523 -0.482691   1.41396
 0.765117  0.161779 -0.482711   1.41465
 0.764959  0.161818 -0.482724   1.41434
 0.764778   0.16346 -0.482557   1.41421
 0.764647  0.163829 -0.482379    1.4139
 0.764298  0.163329 -0.482489   1.41315
  0.76459  0.163609 -0.482479    1.4138
   0.7649  0.160935 -0.482573   1.41395
 0.765029  0.160399 -0.482404     1.414
 0.765398  0.160688 -0.482441   1.41484
 0.765149  0.160711 -0.482469   1.41435
0.763968 0.162107 -0.48259   1.4123
 0.763929  0.162724 -0.482476   1.41227
  0.76353  0.162218 -0.482454   1.41135
 0.763731  0.162324 -0.482517   1.41181
0.761421  0.16531 -0.48163  1.40724
 0.762346   0.16543 -0.480751   1.40858
 0.761528  0.166472 -0.480822   1.40722
0.762073 0.165696 -0.48108  1.40831
 0.762241  0.160434 -0.484574   1.40973
 0.762309  0.160996 -0.483577   1.40936
 0.761434  0.161513 -0.484661   1.40837
  0.76221  0.160945 -0.484318   1.40962
 0.764046  0.163492 -0.482342   1.41258
 0.764452  0.163992 -0.482257   1.41346
0.764069 0.164127 -0.48198  1.41253
 0.764274  0.163874 -0.482213   1.41304
 0.760008  0.164826 -0.484198   1.40589
 0.760535  0.165203 -0.482904   1.40623
  0.75926  0.166474 -0.484662   1.40503
 0.760175  0.165335 -0.483945   1.40619
 0.764764  0.163217 -0.482642   1.41418
  0.76432   0.16305 -0.482587    1.4132
 0.764635  0.162689 -0.482723   1.41386
 0.764526  0.162952 -0.482672   1.41366
 0.762113  0.162347 -0.482772   1.40872
  0.76252  0.161522 -0.482914   1.40946
 0.762799  0.162008 -0.482535   1.40988
 0.762614   0.16192 -0.482756   1.40964
0.966227 0.164692 0.191216  1.73483
0.966409 0.164569 0.190503  1.73512
0.966398 0.164087  0.19098  1.73509
0.966367 0.164454 0.190895  1.73507
 0.96587 0.166543  0.19125  1.73431
0.965717 0.166435 0.192291  1.73412
 0.96562 0.167327 0.191887  1.73398
  0.9657 0.166809 0.191794  1.73406
0.966057 0.165087 0.191882  1.73462
0.965951 0.164912 0.192441  1.73444
0.965854 0.165598 0.192444  1.73433
0.965914 0.165162 0.192256  1.73436
0.966429 0.165143 0.189929  1.73516
0.966203  0.16602 0.190263  1.73483
0.966441 0.165859 0.189231  1.73519
0.966387  0.16568  0.18981  1.73513
0.965923 0.171018 0.186978   1.7345
0.966411 0.170811  0.18465  1.73523
 0.96644  0.16916 0.186138  1.73524
0.966331 0.170336 0.185931  1.73517
0.964724 0.168309 0.194686  1.73256
0.964472 0.167995 0.196323  1.73224
0.964341 0.169402 0.195685  1.73206
0.964558 0.168619 0.195526   1.7324
0.962318  0.17755 0.198265  1.72946
 0.96267 0.173912 0.199901   1.7299
0.961483 0.176932 0.202029  1.72818
0.961952 0.176206 0.200046  1.72869
0.965281 0.169719 0.191636  1.73357
0.965724 0.168798 0.190415  1.73423
0.965522 0.168352 0.191624  1.73388
0.965431 0.168897  0.19123  1.73369
0.965198 0.166053 0.195277   1.7334
0.965109 0.165489 0.195999  1.73324
0.964862 0.166624 0.196331  1.73292
0.965027 0.165991 0.195841   1.7331
0.965501 0.163535 0.195487  1.73373
0.965532 0.164017 0.194977  1.73378
0.965662 0.163469 0.194876  1.73397
 0.96559 0.163684   0.1951  1.73389
0.965827 0.163989 0.193729  1.73423
0.965766  0.16447 0.193578  1.73414
0.965904 0.164073 0.193278  1.73434
0.965836 0.164177 0.193528  1.73425
0.965745 0.165617 0.192875  1.73415
0.965867 0.164924 0.192745   1.7343
0.965737  0.16505 0.193308  1.73412
0.965819 0.165168 0.192969  1.73427
0.965934 0.164593 0.192825  1.73442
 0.96595 0.164193 0.193076  1.73443
0.965803 0.164645 0.193329  1.73421
0.965886 0.164488 0.193062  1.73433
0.966048 0.164573 0.192333  1.73459
0.966145 0.164677  0.19184  1.73475
0.966183 0.164129 0.192086  1.73479
0.966139 0.164478 0.192093  1.73475
0.964282 0.173153 0.193735  1.73228
0.964491 0.174017 0.192016  1.73261
0.964826 0.171782 0.192378  1.73304
0.964582 0.173026 0.192751  1.73278
 0.96098 0.187882 0.191429  1.72711
0.959602 0.188245 0.195832  1.72482
0.959484 0.192504 0.191612  1.72466
0.960358 0.189527 0.192944  1.72632
0.963495 0.173885 0.195685  1.73095
0.963062 0.173463 0.198358   1.7304
0.962735 0.176597 0.196713  1.72991
0.963286 0.174605 0.196794  1.73084
0.964512 0.168397 0.197327  1.73264
0.963881 0.170542 0.198396  1.73178
0.964425  0.17002 0.196639   1.7326
0.964156 0.169686 0.197352  1.73204
 0.760954  0.162621 -0.484598   1.40759
 0.761406  0.162906 -0.483365   1.40779
 0.760646  0.163642 -0.484344   1.40703
 0.761279  0.163064 -0.484151   1.40807
 0.763779  0.160156 -0.482773   1.41166
 0.763715  0.160708 -0.482628   1.41154
 0.763081  0.160765 -0.482916   1.41045
 0.763568  0.160476 -0.482792    1.4113
0.964881 0.180321  0.18256  1.73312
0.965903 0.177372  0.18043   1.7346
0.965276 0.177091 0.184146  1.73367
0.965166 0.178271 0.182426  1.73335
0.965335 0.201737 0.152047  1.73439
0.965724 0.205014 0.145692  1.73529
0.967125 0.197182 0.148435  1.73721
0.966565 0.201278 0.149055  1.73687
0.963236 0.191775 0.176037  1.73059
0.964144  0.19339  0.16891  1.73199
0.964962 0.187335 0.172256  1.73313
0.964459 0.190767 0.172505  1.73273
 0.95963 0.201357 0.179894  1.72491
0.961385 0.194959 0.180972  1.72775
0.959486 0.197087 0.186305  1.72471
0.960679 0.197773 0.182426  1.72701
0.964766 0.173681 0.190805  1.73297
0.965342 0.172024 0.189284  1.73373
0.965021  0.17152 0.191362  1.73325
0.964935 0.172436 0.190458  1.73305
0.966357 0.172815 0.182842  1.73518
0.965599 0.175369 0.184107  1.73408
 0.96622 0.175372 0.180712    1.735
0.966171 0.174532 0.182593  1.73503
0.964367 0.184309  0.18079  1.73245
0.963556 0.189115 0.178944  1.73125
0.965117 0.185331 0.175384  1.73357
0.964052 0.186249 0.178448  1.73171
0.963404 0.178925  0.19062  1.73076
0.963771 0.176523 0.191687  1.73133
0.962732 0.178351 0.193882  1.72967
 0.96344 0.177969 0.191912  1.73089
0.962992 0.205165 0.153848  1.72974
0.961203 0.209944  0.15631    1.727
0.963073 0.208133  0.14782  1.72992
0.962284  0.20751 0.152798  1.72848
0.965078 0.199779 0.162893  1.73486
0.963405 0.207172 0.160406  1.73224
0.965013 0.203096 0.157759  1.73474
0.964119 0.203489 0.159984  1.73299
 0.762294  0.162728 -0.482542   1.40902
 0.762926  0.162388 -0.482409   1.41013
 0.762749  0.163163 -0.482131   1.40976
 0.762506  0.162765 -0.482317    1.4093
 0.764302  0.161855 -0.482654   1.41296
 0.764664  0.161526 -0.482681   1.41365
 0.764628  0.162095 -0.482731   1.41373
 0.764462  0.161799 -0.482695    1.4133
 0.764073  0.162159 -0.482636   1.41255
 0.764418  0.162405 -0.482732   1.41336
 0.764067   0.16274 -0.482583   1.41262
 0.764238  0.162428 -0.482656   1.41295
 0.763701  0.159937 -0.483114   1.41168
 0.762955  0.160592 -0.483332   1.41043
 0.763041  0.160001 -0.484078   1.41097
 0.763132  0.160224 -0.483384   1.41075
0.761932 0.162383 -0.48324  1.40867
 0.761572  0.162033 -0.484271   1.40852
 0.762352  0.161457 -0.483344   1.40939
 0.761705  0.161979 -0.483516   1.40829
 0.761766  0.163222 -0.482503   1.40803
 0.762317  0.163606 -0.481965   1.40888
 0.761532  0.164206 -0.482156   1.40755
 0.762074  0.163633 -0.482232   1.40858
 0.763162   0.16253 -0.482355    1.4106
 0.763622  0.163021 -0.482336   1.41162
 0.763001  0.163241 -0.482089   1.41025
 0.763355  0.162895 -0.482258   1.41101
  0.76362  0.161066 -0.482629   1.41141
0.763221 0.161686 -0.48258   1.4107
0.763032 0.161156 -0.48284  1.41038
  0.76321  0.161331 -0.482638   1.41064
0.966017  0.16533 0.191579  1.73451
0.965782 0.165939 0.192141  1.73416
0.965961 0.166041 0.191221  1.73443
0.965966  0.16577 0.191631  1.73447
0.965105 0.170499 0.191006  1.73318
0.965446 0.170901 0.189089  1.73372
0.965619 0.169358 0.189754  1.73395
0.965498 0.170247 0.189918  1.73387
0.965187 0.167303 0.193892  1.73332
0.965493 0.166399 0.193257  1.73376
0.965283 0.166343 0.194289  1.73346
0.965334 0.166684 0.193825  1.73355
0.965975 0.166852 0.190756  1.73453
0.965709 0.167728 0.191403  1.73418
0.965881 0.167999 0.190287  1.73443
0.965904 0.167537 0.190845   1.7345
0.963127 0.180578 0.190419  1.73041
0.962518 0.180302 0.193989  1.72963
0.962258 0.183789  0.19127  1.72922
0.962819 0.181567 0.191733  1.73016
0.965117 0.169631  0.19251  1.73333
0.965378 0.168311 0.192236  1.73365
0.965134 0.168449 0.193328   1.7333
0.965268 0.168742 0.192675  1.73355
0.963582 0.172669 0.195623  1.73088
0.963855 0.171049 0.196227  1.73132
0.963028 0.171947 0.197968   1.7299
0.963582 0.171932 0.196452   1.7309
0.964601 0.171117 0.193174  1.73251
 0.96429 0.170921 0.194996  1.73209
0.964031 0.172417 0.194386  1.73165
0.964294 0.171513 0.194273  1.73207
0.961978 0.185097 0.192786  1.72916
0.962236 0.181208 0.195631  1.72951
0.960859 0.185192 0.196747  1.72734
0.961434 0.183972 0.194986  1.72805
0.964158 0.179667 0.187737  1.73218
0.964433 0.180956 0.184573  1.73253
0.964888 0.177616 0.185781  1.73314
0.964661 0.179397 0.186148  1.73304
0.965527 0.164681   0.1946   1.7338
0.965406 0.165452 0.194513  1.73364
0.965605 0.164939 0.193972  1.73391
0.965513 0.165014 0.194361  1.73378
0.965597 0.165896 0.193244  1.73392
 0.96562 0.165221 0.193644  1.73393
0.965402 0.165821 0.194156  1.73362
0.965521 0.165646 0.193682  1.73378
0.965333 0.167625 0.193371  1.73363
0.965563 0.167612 0.192394  1.73399
0.965645 0.166654  0.19282   1.7341
0.965497  0.16734 0.192834  1.73387
  0.9649 0.170157 0.193178  1.73304
0.964969 0.168781 0.193921  1.73309
0.964629 0.170008 0.194805   1.7327
0.964794 0.169658 0.194014  1.73286
 0.760827  0.163993 -0.483921   1.40721
 0.761564  0.163242 -0.483009   1.40796
 0.761333  0.164335 -0.482788   1.40759
 0.760989  0.163852 -0.483168   1.40702
 0.760661  0.162858 -0.485481    1.4076
 0.760303  0.163997 -0.485125    1.4069
 0.759628  0.164177 -0.487161   1.40683
 0.759762   0.16366 -0.485748   1.40611
0.964648 0.174674 0.189722  1.73267
0.965104 0.175098 0.187064  1.73336
0.965337 0.172802 0.188221  1.73367
0.965144 0.174211 0.188338  1.73352
0.964101 0.175456 0.192586  1.73209
0.963895 0.174233 0.194474  1.73173
0.963299 0.176922  0.19498  1.73097
0.963611 0.175406 0.193974  1.73118
0.964002 0.178478 0.188937  1.73177
0.964742 0.176557 0.187113   1.7328
 0.96433 0.176107  0.18999  1.73226
0.964238 0.177126 0.188701    1.732
0.963565 0.181075 0.188498   1.7312
0.962766 0.184405 0.188699  1.73007
0.963851 0.182834 0.185084  1.73164
0.963149 0.182694 0.187517  1.73037
0.764137 0.161615 -0.48264  1.41257
0.764086 0.161087  -0.4826  1.41234
 0.764517  0.161259 -0.482641   1.41327
 0.764254  0.161371 -0.482618   1.41275
 0.763382  0.161827 -0.482531   1.41101
 0.763746  0.161251 -0.482583   1.41167
 0.763856   0.16176 -0.482611   1.41201
  0.76371  0.161582 -0.482595   1.41167
