0.888332 0.378523 0.159242  1.61775
0.894201 0.376495 0.144798  1.62708
0.896782  0.36564 0.160767  1.63112
0.892206 0.367606 0.153015  1.62011
0.893595 0.355347 0.187341  1.62547
0.898874 0.354306 0.175713  1.63406
0.900372 0.344171 0.190889  1.63671
 0.89663 0.346626 0.181424  1.62712
0.885724 0.357308  0.19087  1.60985
 0.87994 0.357748 0.194359  1.59816
0.880946 0.363261  0.18645  1.60083
0.882342     0.36 0.191759  1.60378
0.886916 0.366903 0.185181  1.61531
0.882315 0.372992 0.180694  1.60688
0.884366 0.377173 0.171899  1.61118
0.883592 0.367427 0.177554  1.60643
0.886658  0.36818 0.167979  1.61107
0.894886 0.356533 0.168786  1.62449
0.889114 0.357905 0.181132  1.61499
0.891026 0.365836 0.174406  1.62131
  0.77036  0.166852 -0.494937   1.42714
 0.770423  0.166885 -0.494635   1.42713
 0.770347  0.166959 -0.494852   1.42709
 0.770416  0.166905 -0.494874   1.42723
0.770599 0.166671 -0.49466  1.42746
 0.770514  0.166822 -0.494655   1.42732
 0.770449  0.166783 -0.494965   1.42732
  0.77049   0.16673 -0.494662   1.42725
 0.811102   0.14532 -0.448714   1.48461
 0.805695  0.150337 -0.456001   1.47726
 0.805672   0.14274 -0.457329   1.47665
 0.808632  0.147793 -0.456331   1.48337
 0.805842  0.129718 -0.457421   1.47549
 0.803855  0.137515 -0.460285    1.4736
 0.801207  0.132479 -0.463698   1.46917
 0.804324  0.134223 -0.462615   1.47549
 0.824918  0.120202 -0.428544   1.50093
 0.839712  0.109231 -0.404392    1.5209
 0.830058  0.129354 -0.419465   1.50912
0.831558 0.122803 -0.42539  1.51436
 0.815887  0.139125 -0.439029   1.48922
 0.811194  0.129098 -0.447619   1.48196
 0.817159  0.128252 -0.437103    1.4894
0.815664 0.132399 -0.44612  1.49138
 0.826448  0.136533 -0.428964   1.50689
  0.82056  0.142499 -0.437702   1.49928
 0.822716  0.128775 -0.433359   1.49967
 0.825021  0.136118 -0.429868   1.50414
 0.813526  0.142289 -0.449836   1.49002
 0.806696   0.14012 -0.459204   1.47956
 0.809714  0.132305 -0.455913    1.4834
 0.808801  0.136597 -0.451457   1.47969
0.986033 0.114371 -0.04839  1.76795
 0.986723  0.112983 -0.050975   1.76979
  0.986789    0.11345 -0.0476961    1.76986
  0.986365   0.113324 -0.0482557    1.76879
   0.98614    0.11495 -0.0450359    1.76809
  0.986681    0.11357 -0.0450276    1.76947
  0.986728   0.113754 -0.0419374     1.7695
  0.986491   0.113248 -0.0442748    1.76893
0.986714 0.115828 -0.03369  1.76951
  0.986725   0.116136 -0.0310306    1.76951
  0.986475   0.115977 -0.0319929     1.7688
 0.986556  0.115348 -0.031828     1.769
  0.986094   0.116849 -0.0364664    1.76787
  0.986781   0.115549 -0.0385888    1.76973
 0.986762  0.115549 -0.035878   1.76961
  0.986439   0.115499 -0.0363699    1.76879
  0.986325   0.115829 -0.0320998    1.76835
  0.986091   0.117069 -0.0334065    1.76775
  0.986516   0.115489 -0.0341423    1.76892
  0.986285   0.115631 -0.0340193     1.7683
  0.985391   0.124607 -0.0441241    1.76632
  0.985814   0.118461 -0.0446602    1.76726
  0.985844   0.119967 -0.0396981    1.76724
  0.985615   0.118174 -0.0424948    1.76651
  0.985942    0.11464 -0.0437826    1.76747
  0.986398   0.113596 -0.0412009    1.76863
  0.986006   0.115107 -0.0386055    1.76745
  0.986155   0.116127 -0.0418126    1.76815
0.959018 0.164913 0.222289  1.72412
0.959061 0.164758 0.222125  1.72415
0.959081 0.164521 0.221998  1.72412
0.959051 0.164687 0.222257  1.72415
 0.773433  0.166173 -0.493221   1.43198
 0.773091  0.166841 -0.493497   1.43155
 0.773064  0.166709 -0.494617   1.43201
 0.773093  0.166357 -0.493502   1.43145
 0.770407   0.16616 -0.495388   1.42739
 0.770508  0.166028 -0.495403   1.42753
 0.770543  0.166136 -0.495281   1.42754
 0.770484  0.166124 -0.495355   1.42747
 0.770813  0.166356 -0.493363   1.42742
0.770846 0.166694 -0.49361   1.4277
 0.770668  0.166553 -0.493422   1.42719
 0.770781  0.166511 -0.493378    1.4274
 0.771106   0.16696 -0.494112   1.42848
 0.771309  0.166761 -0.494168   1.42886
  0.77142  0.167249 -0.494768   1.42937
 0.771257    0.1669 -0.494185    1.4288
 0.771846  0.166927 -0.494979   1.43022
0.771598 0.167179 -0.49486  1.42974
 0.771467  0.166682 -0.494276   1.42921
 0.771652  0.167022 -0.494844    1.4298
  0.77237  0.167421 -0.495365   1.43125
0.772259 0.167066 -0.49543  1.43112
 0.772671  0.167007 -0.495351   1.43173
 0.772404   0.16714 -0.495357   1.43125
 0.775524  0.168499 -0.490635   1.43591
 0.775339  0.166619 -0.488714   1.43443
  0.77672  0.167602 -0.490849   1.43816
 0.775913  0.167916 -0.490513    1.4365
0.774297 0.164412 -0.48813  1.43143
 0.774505   0.16538 -0.487784   1.43203
  0.77384  0.165401 -0.488521   1.43084
 0.774326  0.165166 -0.488111   1.43164
  0.77423  0.164704 -0.489358   1.43175
 0.773825  0.165653 -0.489749   1.43125
  0.77381  0.165467 -0.491358   1.43181
 0.773801  0.164965 -0.489765   1.43107
 0.775083  0.165088 -0.487642   1.43313
  0.77479  0.164093 -0.487851    1.4323
0.775631  0.16393 -0.48772   1.4341
 0.775056  0.164317 -0.487661   1.43292
 0.778545  0.167576 -0.492891   1.44234
 0.779413  0.165825 -0.493566   1.44397
 0.780299  0.167618 -0.493761   1.44585
 0.779632  0.166994 -0.493471   1.44461
 0.782234  0.166843 -0.492733   1.44877
0.783202 0.163722 -0.49273  1.45006
 0.784349   0.16525 -0.489625   1.45101
 0.783792  0.165915 -0.492458   1.45158
 0.797666  0.152118 -0.466237   1.46503
 0.801041  0.153899 -0.460972   1.47013
0.797725 0.156559 -0.46503  1.46532
  0.79952  0.154928 -0.465694   1.46921
 0.795621  0.152771 -0.468941   1.46182
 0.793314  0.158632 -0.472568    1.4596
 0.793124  0.154347 -0.473834    1.4591
 0.794401  0.155648 -0.473713   1.46199
 0.794641  0.149206 -0.471274   1.46048
 0.792528   0.15109 -0.475783    1.4584
  0.79148  0.147177 -0.476283   1.45597
 0.793368   0.15015 -0.474759    1.4596
 0.797034  0.157617 -0.467915   1.46517
  0.79439  0.159748 -0.472506   1.46208
 0.797017   0.15377 -0.468611   1.46478
 0.796315  0.156598 -0.467778   1.46335
  0.77047  0.167016 -0.494593   1.42723
 0.770375   0.16717 -0.494729   1.42713
 0.770396  0.167094 -0.494809   1.42719
 0.770416   0.16708 -0.494739    1.4272
 0.770385   0.16687 -0.494038   1.42684
 0.770347  0.167051 -0.494506   1.42696
 0.770424  0.166861 -0.494302     1.427
 0.770414  0.166978 -0.494297     1.427
  0.77116   0.16782 -0.495236   1.42912
 0.771472  0.167678 -0.495248   1.42968
 0.771443  0.168011 -0.495527   1.42971
0.771336  0.16779 -0.49529  1.42945
 0.770148   0.16689 -0.494084   1.42645
 0.770223  0.166877 -0.494265   1.42663
  0.77025  0.166968 -0.494316    1.4267
 0.770215  0.166903 -0.494253   1.42662
 0.770194  0.166771 -0.494246   1.42658
 0.770064  0.166737 -0.494179   1.42636
  0.77017  0.166651 -0.494258   1.42654
 0.770143  0.166718 -0.494229   1.42648
 0.770149  0.166523 -0.494304   1.42653
0.770013 0.166537 -0.49443  1.42638
0.770135 0.166389 -0.49438  1.42653
0.770088 0.166488 -0.49434  1.42643
 0.770072  0.166359 -0.494434   1.42644
 0.769952  0.166538 -0.494531   1.42631
 0.769948  0.166422 -0.494695   1.42637
 0.770005  0.166416 -0.494582   1.42643
 0.772451   0.16736 -0.494914   1.43109
  0.77276  0.166866 -0.494754   1.43151
 0.772759   0.16698 -0.493792   1.43105
 0.772741  0.167244 -0.494758   1.43156
 0.769984  0.166194 -0.495037   1.42655
 0.770072  0.166116 -0.494677   1.42654
 0.769959  0.166305 -0.494867   1.42645
  0.77003  0.166182 -0.494913    1.4266
  0.77203  0.167179 -0.495335   1.43066
 0.772118   0.16752 -0.495389   1.43081
 0.771767   0.16747 -0.495279    1.4302
 0.771984  0.167386 -0.495349   1.43062
 0.770569  0.166504 -0.494884   1.42746
   0.7706   0.16656 -0.494659   1.42743
 0.770439   0.16669 -0.494964   1.42728
 0.770573  0.166609 -0.494872   1.42748
 0.770339  0.165953 -0.495443   1.42729
 0.770399  0.165895 -0.495569   1.42741
 0.770458  0.165949 -0.495502   1.42748
  0.77041  0.165945 -0.495537   1.42742
 0.770519  0.166513 -0.495007   1.42742
 0.770397  0.166714 -0.495099   1.42728
0.770393 0.166551 -0.49521  1.42731
 0.770451  0.166574 -0.495145   1.42739
0.823875 0.224579 -0.44134  1.51815
 0.821356  0.229946 -0.441014   1.51413
0.819494 0.223836 -0.44614  1.51127
 0.822438   0.22688 -0.444987   1.51776
 0.817779  0.211184 -0.455453   1.50938
 0.816398  0.218097 -0.452335   1.50656
 0.811713  0.213633 -0.459775   1.49966
 0.816299  0.214167 -0.457677   1.50834
 0.831432  0.217001 -0.437488   1.53039
 0.827509  0.221542 -0.440616   1.52474
 0.827542  0.216218 -0.442714   1.52454
 0.829313  0.219233 -0.441838   1.52867
0.829669 0.204881 -0.44728  1.52881
 0.826991  0.211332 -0.447155   1.52451
 0.823355  0.207717 -0.453253   1.51916
 0.827811   0.20808 -0.451088   1.52763
 0.849458  0.201454 -0.417206   1.55617
 0.837614  0.211301 -0.431307   1.53927
 0.837158  0.201451 -0.437071   1.53893
 0.841534  0.206019 -0.435061   1.54852
 0.834272  0.213792 -0.439639   1.53686
0.829759 0.212915 -0.44567  1.53007
0.833922 0.205862 -0.44509  1.53707
 0.831997  0.210168 -0.440628   1.53155
0.818673 0.218989 -0.45124  1.51103
 0.820343  0.211442 -0.454209   1.51422
 0.823466   0.21498 -0.449523    1.5192
 0.821025  0.215232 -0.450995   1.51485
  0.8207 0.222246 -0.44784  1.51434
 0.825313  0.218618 -0.445905   1.52212
 0.825706  0.222884 -0.442712   1.52236
 0.823842  0.220368 -0.444143   1.51847
 0.734933  0.174879 -0.503704    1.3666
 0.733125  0.175534 -0.502525   1.36289
  0.73329  0.174132 -0.502529   1.36292
 0.733859  0.174912 -0.502706   1.36431
 0.735574   0.17404 -0.503654   1.36763
  0.73393  0.173353 -0.502472   1.36396
 0.734504  0.172222 -0.502829     1.365
 0.734608  0.172972 -0.502723   1.36531
 0.730825  0.174218 -0.499372   1.35644
 0.731879   0.17561 -0.501026   1.35969
 0.730572  0.175472 -0.499105   1.35606
  0.73127  0.174947 -0.499399    1.3575
 0.728023  0.173859 -0.494441   1.34775
0.729242 0.175092 -0.49625  1.35161
0.727739   0.1752  -0.4941  1.34728
 0.728692  0.174449 -0.494529   1.34927
 0.728763  0.171328 -0.495046   1.34902
 0.729883  0.172522 -0.496878   1.35268
 0.728447  0.172582 -0.494755    1.3485
 0.729365  0.171876 -0.495142    1.3504
0.730258  0.17323 -0.49692  1.35362
 0.729989  0.174503 -0.496616   1.35319
  0.72904  0.173109 -0.494838   1.34985
 0.729551  0.173768 -0.496591   1.35213
  0.73241  0.169307 -0.500234   1.35897
 0.733298  0.170678 -0.501886   1.36188
 0.732026  0.170473 -0.500085   1.35838
 0.732737  0.170002 -0.500302   1.35981
 0.729674  0.168824 -0.495499   1.35054
 0.730701  0.170021 -0.497319   1.35401
 0.729156  0.170057 -0.495293   1.34966
 0.730193  0.169345 -0.495624   1.35177
 0.730631  0.166419 -0.495863   1.35212
 0.731608  0.167615 -0.497706    1.3555
 0.730142  0.167613 -0.495708   1.35132
 0.731119  0.166945 -0.496012    1.3533
 0.731871  0.168304 -0.497789   1.35623
  0.73147  0.169485 -0.497603   1.35558
  0.73066   0.16813 -0.495832   1.35255
 0.731151  0.168787 -0.497539   1.35475
 0.732708  0.173704 -0.501199   1.36103
 0.732575  0.175125 -0.501216   1.36108
 0.731519  0.173724 -0.499569   1.35783
0.732086 0.174169   -0.501  1.35978
0.731011 0.170748 -0.49739  1.35483
  0.73059  0.172006 -0.497171   1.35415
 0.729732  0.170615 -0.495415   1.35101
0.730252 0.171273 -0.49711  1.35327
 0.733592  0.171324 -0.501943   1.36264
 0.733033  0.172431 -0.501546   1.36157
 0.732251  0.171118 -0.500178   1.35903
 0.732789  0.171882 -0.501545   1.36097
 0.732286  0.172953 -0.501156   1.36001
 0.731093   0.17291 -0.499498   1.35675
 0.731488  0.171641 -0.499705   1.35737
  0.73182  0.172376 -0.499789   1.35825
0.798889 0.159737 -0.46476  1.46829
 0.802464  0.158035 -0.460648   1.47382
 0.800341  0.163267 -0.460767   1.47044
 0.799962  0.159539 -0.460692   1.46879
 0.793223  0.168098 -0.467816   1.45951
 0.793289  0.163481 -0.472536    1.4607
 0.795852  0.162224 -0.468035   1.46381
  0.79374  0.163487 -0.467888   1.45953
 0.797989  0.165476 -0.459967   1.46545
 0.794097  0.168296 -0.464111   1.45973
0.797001 0.162076 -0.46359  1.46409
 0.797444  0.166069 -0.464442   1.46653
 0.980984  0.147439 0.0546818   1.75818
  0.98033  0.154619 0.0569017   1.75685
 0.980925  0.152908 0.0511907   1.75777
 0.980876  0.154183 0.0563857   1.75823
 0.982176  0.143041 0.0435575   1.76003
 0.981511  0.150837 0.0454919    1.7587
 0.982079  0.148828 0.0399251   1.75963
 0.982058  0.150132 0.0451995   1.76008
 0.981588  0.129914 0.0522729   1.76005
 0.981546  0.126977 0.0540067    1.7602
 0.981257  0.130241 0.0551399   1.75958
 0.981488  0.130358 0.0546302   1.76017
 0.981294  0.139716 0.0521907    1.7588
 0.981845  0.138305 0.0471571   1.75971
 0.981601  0.133577 0.0492626   1.75958
 0.981731  0.139754 0.0512691   1.76006
 0.981121  0.135086 0.0563194   1.75938
 0.981087   0.14143 0.0569178   1.75905
 0.981424  0.135128 0.0535133   1.75981
 0.981148  0.134847 0.0553638   1.75913
 0.981505  0.146731 0.0544075   1.75951
 0.981468   0.15217 0.0509112   1.75914
0.982086 0.144439 0.049059  1.76039
 0.981564  0.145412 0.0490563   1.75907
0.787981 0.168691 -0.47817  1.45367
 0.791911  0.163811 -0.475139   1.45921
 0.791469  0.167787 -0.471521   1.45771
 0.791127   0.16776 -0.475477   1.45862
  0.97574  0.179916 0.0805151   1.74962
 0.975184  0.184425 0.0847462   1.74889
 0.975314  0.185283 0.0794493   1.74895
 0.975515  0.185568 0.0831792   1.74986
  0.97681  0.178359 0.0711162    1.7512
 0.976015  0.185177 0.0745673   1.75023
 0.976466  0.185814 0.0682977   1.75097
0.976546 0.186197 0.073144  1.75168
0.976642 0.171159 0.077434  1.75115
 0.976213  0.175686 0.0782925   1.75037
 0.976747  0.174062 0.0743828    1.7511
 0.976591  0.174789 0.0784634   1.75123
 0.976103  0.180047 0.0798461   1.75055
 0.975885  0.185479 0.0784394   1.75038
 0.976592  0.179037 0.0759867   1.75126
   0.9761  0.179543 0.0763018    1.7501
0.785013 0.167297 -0.48677  1.45133
 0.784938  0.169359 -0.483472   1.45004
 0.782645  0.170251 -0.488208   1.44791
 0.784631  0.169633 -0.486925   1.45115
   0.985781    0.119348 -0.00518873     1.76712
    0.98633    0.118087 -0.00711483     1.76853
   0.986308    0.118041 -0.00449589     1.76848
  0.986025     0.1178 -0.0052569    1.76772
  0.985781   0.119123 -0.0028526    1.76705
    0.98608     0.11768 -0.00263997     1.76786
    0.985993     0.117746 -6.62483e-05      1.76769
   0.985977    0.117767 -0.00258844     1.76762
  0.985648    0.11989 0.00834585    1.76731
 0.985513  0.120299 0.0110431   1.76708
  0.985261   0.120957 0.00975615    1.76635
  0.985391   0.119444 0.00965762    1.76663
  0.985348   0.121036 0.00451695    1.76624
  0.98593  0.119342 0.0033089   1.76776
  0.985835   0.119499 0.00600099     1.7676
 0.985621  0.119014 0.0044662   1.76696
  0.985269   0.120247 0.00862273    1.76614
  0.985271   0.120731 0.00599413    1.76597
  0.985581   0.119155 0.00708077    1.76693
  0.985355    0.12067 0.00646053    1.76639
   0.985349    0.129223 -0.00154339     1.76601
   0.985591     0.12358 -0.00221774      1.7666
 0.985407   0.12573 0.0017921   1.76628
   0.985374     0.12398 -0.00197109     1.76591
   0.985553    0.119228 -0.00260723     1.76645
    0.985745     0.118093 -4.45211e-05      1.76711
  0.985361    0.11974 0.00122356      1.766
   0.985596    0.120264 9.60238e-05     1.76675
 0.778606  0.170419 -0.493821   1.44316
 0.778375  0.168488 -0.492941   1.44222
 0.780196   0.16888 -0.493787   1.44593
 0.778988  0.169397 -0.493705   1.44365
 0.773425  0.165688 -0.491734   1.43122
 0.773397  0.165849 -0.490217   1.43061
 0.773065  0.166441 -0.492148   1.43083
 0.773437  0.166279 -0.491725   1.43136
0.776086 0.169889 -0.49252  1.43792
 0.777379  0.168895 -0.492598   1.44023
 0.777515  0.170743 -0.493854   1.44116
  0.77699  0.169634 -0.492723   1.43967
 0.770113  0.166608 -0.494269   1.42645
 0.770012   0.16674 -0.494242    1.4263
 0.769976   0.16665 -0.494378    1.4263
 0.770034  0.166643 -0.494289   1.42636
  0.77329  0.166441 -0.490247   1.43054
 0.772703  0.167075 -0.490828   1.42974
 0.772967  0.166946 -0.492175   1.43076
0.772896  0.16657 -0.49077  1.42999
 0.770179  0.166818 -0.494225   1.42654
 0.770108  0.166874 -0.494083   1.42639
 0.770054  0.166811 -0.494141   1.42633
 0.770103  0.166823 -0.494113   1.42639
 0.770645  0.167196 -0.494031   1.42759
 0.770877  0.167102 -0.494057   1.42804
0.770886 0.167516 -0.49464  1.42836
 0.770767  0.167171 -0.494092   1.42785
 0.770449  0.166809 -0.494001   1.42693
  0.7705  0.16669 -0.49357  1.42688
 0.770393  0.166844 -0.493734   1.42675
 0.770435  0.166731 -0.493729   1.42681
0.961936 0.159244 0.197497  1.72912
0.963565 0.166495 0.200714  1.73102
 0.96377 0.162295 0.193833  1.73108
0.963266 0.160635 0.194699  1.72958
 0.952436  0.178826 -0.222679   1.71868
0.954305 0.185015 -0.21161   1.7213
 0.950484  0.190537 -0.222277   1.71566
 0.952302  0.180785 -0.220311    1.7177
  0.94416  0.188455 -0.244743   1.70619
 0.946178  0.195053 -0.233492   1.70899
 0.941881  0.199387 -0.244352   1.70242
 0.943915  0.190788 -0.242323   1.70499
 0.950033  0.160574 -0.241698   1.71521
 0.950971  0.154584 -0.241795   1.71663
 0.951783  0.157364 -0.237045   1.71774
 0.950884  0.155467 -0.240463   1.71613
 0.951335  0.172714 -0.233384   1.71785
 0.947158  0.177901 -0.244289   1.71154
 0.949134  0.169201 -0.241941   1.71441
 0.949087  0.170405 -0.241401   1.71409
0.951692  0.15819 -0.23547   1.7171
 0.952058  0.164395 -0.231254   1.71763
  0.94984  0.161706 -0.239995   1.71433
 0.951395  0.164121 -0.237308   1.71781
 0.950345  0.174397 -0.231777   1.71507
 0.948214  0.186166 -0.231485   1.71161
 0.946143  0.179659 -0.242726   1.70874
 0.948419  0.183841 -0.233801   1.71269
 0.970896  0.174068 0.0924152   1.74404
   0.9684  0.172419 0.0941321   1.73933
 0.969928  0.184352 0.0882559   1.74326
 0.969573  0.175714 0.0946854   1.74162
 0.973449  0.181963 0.0828472   1.74811
 0.972105  0.186857 0.0817009   1.74678
 0.974207  0.183082 0.0765974   1.74954
 0.973112  0.181368 0.0791896   1.74698
  0.97418  0.173349 0.0868477   1.74844
 0.972813  0.173588 0.0892444   1.74662
 0.973442  0.177847 0.0858857   1.74753
 0.973446  0.174439 0.0888263   1.74725
 0.971818  0.175087 0.0920829    1.7451
 0.971173  0.181543 0.0865617   1.74417
 0.972829  0.178442 0.0861018    1.7464
 0.972019  0.181067 0.0876059   1.74606
 0.976176  0.176439 0.0792624   1.75172
  0.97601  0.178103 0.0759653   1.75214
 0.977717  0.172489 0.0749746   1.75461
 0.976473  0.174167 0.0752185   1.75194
0.976065  0.17182 0.081468  1.75074
 0.975289  0.172993 0.0841706      1.75
 0.975572  0.175822 0.0825975   1.75038
 0.975562  0.173211 0.0840217   1.75012
 0.975332  0.176068 0.0825212   1.74999
 0.974876   0.17412 0.0863232   1.74958
 0.974408  0.176544 0.0847984   1.74885
 0.974774  0.175492 0.0831851   1.74927
 0.975543  0.177121 0.0795136   1.75041
 0.974307  0.178178 0.0809693   1.74853
 0.974802  0.180207 0.0760472   1.74967
 0.974713  0.179405 0.0799277   1.74956
 0.977632  0.141289 0.0769585     1.754
0.977811 0.136419  0.07492  1.75433
  0.97729   0.13718 0.0778243   1.75348
 0.977471  0.136972 0.0749643   1.75356
0.976337  0.14467 0.084078    1.752
 0.976624  0.138111 0.0811808   1.75237
 0.975825  0.139341 0.0849194   1.75101
 0.976133  0.138904 0.0812289   1.75127
  0.97744  0.156091 0.0814104   1.75344
 0.977559  0.148934 0.0795854   1.75383
 0.976979  0.150902 0.0831569   1.75294
0.977166 0.150544 0.079081  1.75286
 0.977228  0.142638 0.0766533   1.75304
 0.976872  0.137761 0.0779298   1.75254
 0.976598  0.144299 0.0801208   1.75205
 0.977036  0.142948 0.0803659   1.75309
 0.974235    0.1511 0.0924733   1.74864
 0.974621   0.14137 0.0895124    1.7489
  0.97283  0.145206 0.0947978   1.74567
 0.973857  0.143807 0.0889451   1.74731
  0.97105  0.165454 0.0977324   1.74375
 0.970469  0.152103 0.0992697   1.74153
 0.967961  0.162433 0.0996415   1.73717
0.970172 0.159951 0.095557  1.74164
 0.974284  0.169373 0.0897825   1.74845
 0.974154  0.162428 0.0921959   1.74857
 0.972967  0.167909 0.0934389   1.74664
 0.973733  0.166768 0.0894335    1.7478
 0.973545  0.156179 0.0900011   1.74728
 0.972173   0.14979 0.0930447   1.74455
 0.972058  0.163842 0.0925864   1.74519
0.972713  0.15775  0.09606  1.74632
 0.976631  0.168395 0.0829786   1.75185
 0.977185  0.163022 0.0818029   1.75301
  0.9766 0.164495 0.084946  1.75218
0.976675 0.163456 0.082032   1.7518
 0.976322  0.169008 0.0824307   1.75111
  0.97612  0.164977 0.0849923   1.75104
  0.97547  0.168779 0.0858121   1.75002
  0.97601  0.169033 0.0833933   1.75115
  0.97583  0.146717 0.0834288   1.75083
 0.975216    0.1405 0.0848924   1.74966
 0.974792  0.150154 0.0868981   1.74914
 0.975471  0.147372 0.0879396   1.75064
0.975528 0.163582 0.085198  1.75026
 0.974689  0.161487 0.0879588   1.74924
 0.974806  0.168551 0.0867744   1.74926
 0.975101  0.164409 0.0889888   1.74976
 0.977141  0.158081 0.0804764   1.75275
 0.976623  0.152725 0.0824444   1.75208
 0.976479  0.159698 0.0836644   1.75179
 0.976866  0.158665 0.0839753   1.75268
0.976176  0.15344 0.086404  1.75176
 0.975198   0.15739 0.0899041   1.75024
 0.976002  0.160359 0.0867032   1.75122
 0.975679  0.156367 0.0852519   1.75068
 0.980191  0.151053 0.0648152   1.75751
 0.980225  0.155811 0.0616778   1.75718
 0.980839   0.14881 0.0599527   1.75848
0.980289 0.149785 0.059903  1.75711
 0.980618  0.136291 0.0607974   1.75841
  0.98095  0.141024 0.0588164   1.75869
 0.980952  0.134733 0.0580637   1.75896
 0.980761  0.137001 0.0571598   1.75857
0.980882 0.129035 0.059146   1.7593
 0.981058  0.130664 0.0570742   1.75944
 0.981355  0.127612 0.0563958   1.76006
 0.981055   0.12826 0.0562727   1.75939
 0.980022  0.131305 0.0640155   1.75789
  0.98021  0.133992 0.0627874    1.7581
 0.980419   0.13028 0.0617158   1.75851
 0.980159  0.130874 0.0615879   1.75794
 0.980295  0.133488 0.0596793   1.75796
 0.980688  0.131675 0.0567899   1.75856
  0.98056  0.129767 0.0589907   1.75859
0.980587 0.132236 0.060147  1.75866
 0.979141  0.141454 0.0703363   1.75617
 0.979542  0.146155 0.0687802   1.75662
0.979436 0.139715 0.067803  1.75664
 0.979275  0.142347 0.0669539   1.75634
 0.979088  0.133713 0.0681223   1.75639
 0.979373   0.13544 0.0665853   1.75678
0.979553 0.132228 0.065933  1.75711
 0.979302   0.13316 0.0656847    1.7566
 0.978272  0.135515 0.0723128   1.75505
 0.978605  0.138378 0.0712912   1.75553
 0.978688  0.134721 0.0700977   1.75571
 0.978467   0.13537 0.0700118   1.75524
 0.978721  0.138263 0.0686524   1.75553
 0.979061  0.136645 0.0662475   1.75606
 0.978841  0.134562 0.0679173   1.75587
 0.978948  0.136774 0.0691446   1.75607
 0.979995  0.134772 0.0625209   1.75756
 0.979812  0.131763 0.0639287   1.75742
 0.979621  0.135181 0.0649799   1.75702
0.979839 0.135079 0.064738  1.75758
  0.97994  0.145004 0.0627637   1.75682
 0.980572  0.143356 0.0581305   1.75781
  0.98019  0.138695 0.0600478   1.75745
 0.980387  0.144666 0.0621535   1.75805
 0.979614  0.140029 0.0664285   1.75709
 0.979704  0.146492 0.0673078   1.75705
 0.979959  0.139985 0.0640214   1.75759
 0.979671  0.139783 0.0653955   1.75688
0.982663 0.142564 0.043039  1.76133
 0.982563  0.148213 0.0395596   1.76089
 0.983108  0.140526 0.0376967   1.76201
 0.982663  0.141259 0.0378722   1.76083
 0.983177  0.128277 0.0384819   1.76242
 0.983254  0.132694 0.0363749   1.76227
 0.983372  0.127668 0.0355961    1.7628
0.983215  0.12885   0.0351  1.76241
 0.983651  0.124088 0.0365904   1.76393
 0.983578  0.125096 0.0345468   1.76353
  0.98389   0.12354 0.0338412   1.76431
 0.983647  0.123414 0.0342311   1.76371
  0.98321  0.124535 0.0421774    1.7632
 0.983064  0.126746 0.0406564   1.76266
 0.983425  0.124437 0.0394145   1.76355
 0.983149  0.124153 0.0399795   1.76285
 0.983046  0.126188 0.0378765   1.76237
 0.983292  0.125279 0.0348239    1.7628
 0.983357  0.123994 0.0370077    1.7632
 0.983281  0.125886 0.0377027     1.763
 0.982053  0.131557 0.0499063   1.76062
 0.982237  0.136338 0.0477424   1.76066
 0.982331  0.130477 0.0469223   1.76112
 0.982143  0.132219 0.0461905    1.7607
 0.982528  0.125564 0.0479123   1.76205
0.982536 0.127036 0.045733  1.76182
 0.982889   0.12476 0.0448568   1.76264
 0.982591  0.124821 0.0451411   1.76192
 0.981814  0.126904 0.0537702   1.76085
  0.98181  0.129545 0.0522098   1.76063
 0.982148   0.12631 0.0509694   1.76138
  0.98185  0.126438 0.0511974   1.76067
 0.981843  0.128949 0.0490034   1.76039
 0.982182  0.127539 0.0458109   1.76095
 0.98218 0.125773 0.048136  1.76122
0.982132 0.128178 0.049153  1.76113
0.982884 0.126667 0.041129  1.76215
 0.982952  0.124219 0.0427448   1.76254
 0.982663  0.126631 0.0439677   1.76184
 0.982851  0.127053 0.0431263   1.76236
 0.982492  0.135164 0.0409433   1.76066
 0.982901  0.134207 0.0359445   1.76138
 0.982774  0.129717 0.0380641   1.76145
 0.982856  0.135602 0.0397604   1.76181
 0.982456  0.130926 0.0448109   1.76144
 0.982342  0.136854 0.0453847   1.76095
 0.982662  0.131242 0.0420094   1.76172
 0.982447  0.130854 0.0442188   1.76118
 0.979628  0.171256 0.0512982   1.75586
 0.979006  0.179025 0.0463757   1.75499
 0.980137  0.169932 0.0453863   1.75672
 0.979634  0.172333 0.0445936   1.75574
  0.98131  0.158669 0.0473357    1.7589
 0.981129  0.163738 0.0434586    1.7586
 0.981889  0.156214 0.0416447   1.75977
 0.981342  0.157044 0.0419079   1.75842
 0.980168  0.161956 0.0588348   1.75708
 0.979829  0.168419 0.0559355   1.75657
 0.980706   0.16069 0.0532475   1.75793
 0.980155  0.160936 0.0540118   1.75654
 0.979741  0.167216 0.0503326   1.75583
 0.980328  0.164654 0.0438821   1.75669
 0.980639  0.159515 0.0477049   1.75727
 0.980361   0.16606 0.0501515   1.75731
  0.985073   0.111582 -0.0778616    1.76681
  0.984325     0.1135 -0.0858406    1.76575
  0.984861   0.109439 -0.0826644    1.76663
  0.984803   0.112193 -0.0849114    1.76686
  0.984928   0.109372 -0.0772939    1.76635
    0.9849   0.107514 -0.0822198    1.76656
   0.98532   0.106797 -0.0813243    1.76754
  0.985068   0.108588 -0.0814871    1.76704
  0.983467   0.125452 -0.0763925    1.76339
  0.984445   0.118207 -0.0732838    1.76533
 0.984163  0.124347 -0.068745   1.76453
  0.984077   0.122594 -0.0764473    1.76474
  0.98165  0.126281 -0.095081   1.76066
  0.983059   0.117998 -0.0890392    1.76309
 0.982852  0.125288 -0.084095   1.76244
   0.98266   0.125683 -0.0938988    1.76307
  0.983661   0.117471 -0.0883314    1.76455
  0.984405    0.11646 -0.0811275    1.76571
  0.983389   0.123855 -0.0837291    1.76368
  0.983762   0.119081 -0.0808199    1.76427
  0.74274  0.292104 -0.426543   1.37177
0.738895 0.293888 -0.42143   1.3619
 0.738184  0.289207 -0.425216   1.36081
 0.741159  0.291428 -0.424507   1.36723
 0.742428  0.283634 -0.433783   1.37207
 0.738021  0.285273 -0.428893   1.36109
 0.737181  0.280874 -0.432208   1.35968
 0.740321  0.282891 -0.431559   1.36634
  0.75335    0.2931 -0.432741    1.3967
 0.747654  0.292613 -0.430283   1.38395
 0.747784   0.28829 -0.433976   1.38464
 0.750141  0.291016 -0.432313   1.38946
 0.744345  0.290227 -0.429311   1.37585
0.740512 0.286955  -0.4284  1.36643
 0.744522  0.285893 -0.432999   1.37667
 0.742241  0.288035 -0.430219   1.37131
  0.74007  0.274621 -0.439717    1.3675
 0.736515  0.276161 -0.435219   1.35836
 0.736042   0.27192 -0.438233   1.35764
 0.738647   0.27392 -0.437734   1.36327
 0.740212  0.266973 -0.445728   1.36858
 0.736126  0.268292 -0.441259   1.35828
 0.735694  0.264369 -0.443838   1.35756
 0.738352  0.266119 -0.443396   1.36322
0.749785 0.276261 -0.44618  1.39104
 0.744615  0.275357 -0.443435   1.37902
   0.7449  0.271449 -0.446518   1.37998
 0.746866  0.273894 -0.445191   1.38401
 0.741629  0.272885 -0.442091   1.37138
 0.738288  0.269809 -0.440937   1.36295
 0.741975  0.268971 -0.445158   1.37248
 0.739843  0.270921 -0.442788   1.36751
 0.764601  0.280621 -0.435969   1.41467
  0.75774  0.288094 -0.435063   1.40426
 0.755892  0.280016 -0.441629    1.4013
 0.761047  0.284221 -0.439564   1.41207
0.744351 0.281472 -0.43594  1.37638
 0.739685  0.278406 -0.434502   1.36511
  0.74275  0.276982 -0.438801   1.37319
 0.741474  0.278811 -0.436789   1.37012
 0.753556  0.281421 -0.444098   1.39925
 0.755255  0.289743 -0.437865   1.40219
0.749755 0.285105 -0.43898  1.39031
 0.751358  0.284809 -0.439204   1.39326
 0.744286  0.278045 -0.442639   1.37888
 0.749566  0.278941 -0.445356   1.39109
 0.745846  0.282464 -0.440072   1.38211
0.746444 0.279887 -0.44219  1.38361
0.970294 0.142227 -0.16545  1.74448
 0.969064  0.154797 -0.166622   1.74307
 0.967466  0.148358 -0.176343   1.74039
 0.969101  0.153056 -0.167933   1.74356
 0.968246  0.138464 -0.183515   1.74285
0.966902 0.146303 -0.18457  1.74057
 0.966651  0.140505 -0.189777    1.7405
 0.967182  0.142555 -0.183101   1.74074
0.967586 0.129534 -0.19177  1.74195
  0.96629  0.134188 -0.192673   1.73952
 0.966007  0.131902 -0.197174   1.73951
  0.96641  0.133326 -0.193159   1.73986
  0.97041  0.125717 -0.181152    1.7463
 0.969301  0.129954 -0.180898   1.74398
 0.969112  0.127902 -0.186222   1.74437
 0.969368  0.129554 -0.182299   1.74446
  0.96874  0.134675 -0.181699    1.7434
 0.967219  0.136536 -0.187809   1.74113
 0.967965  0.131165 -0.187353   1.74222
 0.967839  0.132166 -0.186991   1.74189
 0.973841  0.129987 -0.161138   1.75144
 0.972379   0.13596 -0.162993   1.74865
 0.972298  0.131478 -0.168486   1.74914
 0.972685  0.132802 -0.161178   1.74895
 0.972879  0.121473 -0.170745   1.74993
 0.971746  0.125112 -0.170887   1.74759
 0.971526   0.12331 -0.176014   1.74779
 0.971878  0.124951 -0.172101   1.74815
 0.97511 0.118579 -0.16064  1.75332
 0.974445  0.120571 -0.157697   1.75138
0.974163 0.120218 -0.16509  1.75194
 0.974473  0.122229 -0.161793   1.75239
 0.974099  0.126157 -0.158929   1.75143
 0.972631  0.127576 -0.166088   1.74923
  0.97329  0.123332 -0.166302   1.75039
 0.973128  0.123149 -0.164921   1.74969
 0.970009  0.132396 -0.176715   1.74525
0.970612 0.127343 -0.17741  1.74631
0.971202 0.129432 -0.17205  1.74698
 0.97056 0.127362 -0.17545  1.74575
 0.970991  0.141857 -0.167705   1.74681
 0.968171   0.14764 -0.178085   1.74259
0.969429  0.13995 -0.17685  1.74466
 0.969425  0.139765 -0.175022   1.74402
 0.971201  0.129615 -0.170463   1.74655
0.971483 0.133451 -0.16518  1.74648
 0.969931  0.132592 -0.174625   1.74453
0.970992  0.13511 -0.17232  1.74706
 0.772517  0.233379 -0.460529   1.42693
0.776171 0.227913 -0.46537  1.43543
 0.778816  0.234343 -0.459179   1.43914
 0.774721  0.231752 -0.460627   1.43079
 0.780242  0.246038 -0.447532    1.4391
 0.783766  0.240625 -0.452246   1.44724
 0.78808 0.247481  -0.4452  1.45422
 0.782748  0.244293 -0.447302   1.44337
 0.765254  0.247159 -0.458142   1.41624
 0.769248   0.24001 -0.458091   1.42129
0.772405   0.2464 -0.45243  1.42639
 0.767812  0.243427 -0.454103   1.41705
 0.771469  0.237122 -0.455648   1.42304
 0.778157  0.237961 -0.454328   1.43604
 0.774827  0.243103 -0.449592   1.42821
 0.775938  0.239639 -0.454019   1.43203
 0.729689  0.201329 -0.485486   1.35205
 0.728137  0.199821 -0.483862   1.34755
 0.729174  0.199476 -0.485992   1.35088
  0.72871  0.200157 -0.485444   1.34978
 0.732845  0.202316 -0.491314   1.36223
  0.73344  0.205658 -0.490038   1.36347
 0.731514  0.203004 -0.487887   1.35766
 0.732076  0.203664 -0.489933   1.36017
 0.729682  0.199965 -0.488294    1.3535
 0.731487  0.201035 -0.491272   1.35919
 0.730175  0.201804 -0.487881   1.35469
 0.730431  0.200823 -0.488432   1.35529
 0.737405  0.202158 -0.493901   1.37166
 0.734591  0.201044 -0.493941   1.36658
  0.73648  0.198897 -0.495438   1.37009
 0.735706  0.200627 -0.494101   1.36812
 0.740009  0.208799 -0.490257   1.37608
 0.736412  0.207902 -0.490841   1.36994
  0.73863  0.205485 -0.492156   1.37378
 0.737821  0.207199 -0.490721    1.3717
 0.734281  0.206044 -0.491149   1.36545
 0.733637  0.202798 -0.492642   1.36431
 0.736606  0.203924 -0.492538   1.36965
 0.735354  0.204398 -0.492438   1.36797
 0.733714  0.185296 -0.500967   1.36486
0.732017 0.186329 -0.49971  1.36148
 0.731821   0.18475 -0.499967   1.36091
 0.732555  0.185548 -0.500063   1.36258
 0.734126  0.184364 -0.501012   1.36547
 0.732268  0.183879 -0.499996   1.36159
0.732597 0.182582 -0.50056  1.36223
 0.732996  0.183416 -0.500353   1.36308
 0.729318  0.185097 -0.496075   1.35398
0.730716 0.186609 -0.49783  1.35802
 0.729341  0.186535 -0.495543   1.35404
 0.730009  0.185906 -0.496011    1.3555
 0.726531  0.184997 -0.490776   1.34509
 0.728009  0.186296 -0.492568   1.34949
 0.726459  0.186488 -0.490191   1.34493
 0.727408  0.185647 -0.490777   1.34698
0.726635 0.182065 -0.49191  1.34532
 0.728073  0.183351 -0.493734   1.34965
 0.726601   0.18353 -0.491378   1.34526
 0.727488  0.182724 -0.491937   1.34718
 0.728703  0.184148 -0.493689   1.35106
 0.728721  0.185605 -0.493113   1.35108
 0.727461  0.184155 -0.491373   1.34711
0.728036 0.184791 -0.49318  1.34957
 0.729772  0.179481 -0.498009   1.35475
 0.731009  0.180914 -0.499687   1.35839
0.729673 0.180831 -0.49761  1.35462
 0.730347  0.180252 -0.497991   1.35605
 0.726977  0.179296 -0.492878   1.34596
 0.728356  0.180536 -0.494669   1.35013
 0.726908  0.180694 -0.492387   1.34583
 0.727776  0.179915 -0.492909    1.3477
 0.727422  0.176518 -0.493739   1.34673
 0.728667  0.177753 -0.495576   1.35067
 0.727152  0.177877 -0.493347   1.34627
  0.72812  0.177105 -0.493805   1.34829
 0.729174  0.178515 -0.495576   1.35185
 0.729063  0.179893 -0.495133   1.35168
 0.727923  0.178491 -0.493392   1.34797
 0.728482  0.179112 -0.495157   1.35036
0.731192 0.184369 -0.49841  1.35883
 0.731417  0.185989 -0.498183   1.35949
 0.729991  0.184486 -0.496427   1.35539
 0.730635  0.184926 -0.498064   1.35764
 0.728896  0.181311 -0.494655   1.35138
 0.728751  0.182733 -0.494189   1.35113
 0.727632  0.181258 -0.492415   1.34742
 0.728183  0.181933 -0.494212   1.34983
 0.731514  0.181641 -0.499675   1.35954
 0.731204  0.182915 -0.499034   1.35887
 0.730123  0.181529 -0.497621   1.35568
 0.730735  0.182294 -0.499107   1.35785
 0.730503  0.183533 -0.498458   1.35731
 0.729293  0.183585 -0.496456   1.35382
0.729408 0.182155 -0.49693    1.354
 0.729976  0.182948 -0.496924   1.35531
0.738273  0.16593 -0.50451  1.37169
 0.736394  0.166266 -0.503462    1.3678
 0.736861  0.165018 -0.503258   1.36834
  0.73729  0.165785 -0.503504   1.36949
0.739083 0.165169 -0.50439  1.37304
 0.737654  0.164322 -0.503136   1.36967
   0.7384  0.163363 -0.503312     1.371
 0.738266   0.16403 -0.503285   1.37086
 0.734474   0.16477 -0.500638   1.36226
0.735212 0.166121  -0.5023  1.36487
0.733992 0.165844 -0.50059  1.36152
0.734699 0.165429 -0.50074  1.36291
 0.731782  0.164158 -0.496091   1.35403
 0.732708  0.165326 -0.497903   1.35728
0.731263 0.165296 -0.49597  1.35318
 0.732226  0.164654 -0.496243   1.35513
 0.733008  0.161948 -0.496233   1.35606
 0.733812  0.163102 -0.498082   1.35908
0.732355 0.163018 -0.49619  1.35498
 0.733366  0.162404 -0.496406   1.35699
0.733969 0.163752  -0.4982  1.35961
0.733465 0.164848 -0.49812  1.35881
 0.732779   0.16351 -0.496353   1.35604
 0.733242  0.164179 -0.498024   1.35815
 0.736928  0.160615 -0.500641   1.36618
 0.737519  0.161937 -0.502324   1.36851
 0.736358  0.161583 -0.500686   1.36529
 0.737056  0.161227 -0.500771   1.36665
0.734331 0.159828 -0.49625  1.35823
 0.735102  0.160985 -0.498078   1.36116
 0.733636  0.160883 -0.496256   1.35709
 0.734658  0.160284 -0.496444   1.35911
  0.73569  0.157876 -0.496215   1.36048
 0.736398  0.158995 -0.498057   1.36327
 0.735063  0.158843 -0.496239   1.35946
 0.735983  0.158304 -0.496406   1.36128
0.736461 0.159589  -0.4982  1.36362
 0.735869  0.160567 -0.498219   1.36267
 0.735345   0.15925 -0.496419   1.36023
0.735755 0.159951 -0.49809  1.36223
 0.736328   0.16452 -0.502121   1.36665
 0.735894   0.16577 -0.502353   1.36618
 0.735175  0.164393 -0.500706   1.36361
 0.735663  0.164888 -0.502047   1.36536
 0.735203  0.161637 -0.498218   1.36159
0.734548 0.162701 -0.49822  1.36053
 0.733988  0.161351 -0.496443   1.35801
 0.734438  0.162046 -0.498084   1.36008
 0.737642  0.162505 -0.502434   1.36894
 0.736909  0.163429 -0.502234    1.3676
 0.736394   0.16216 -0.500841   1.36558
 0.736857  0.162956 -0.502176   1.36735
 0.736142  0.163847 -0.502002   1.36606
 0.734989  0.163657 -0.500553   1.36298
 0.735621  0.162571 -0.500534   1.36398
0.735742 0.163233 -0.50069  1.36446
 0.787416   0.16859 -0.481687   1.45405
 0.787342  0.166196 -0.485783    1.4554
 0.790899  0.164265 -0.479803   1.45939
 0.787963  0.165584 -0.481534   1.45444
0.954207 0.133823 0.177678  1.72329
0.958478  0.14411 0.182284  1.72307
 0.96113  0.14165 0.173205  1.72471
0.959242 0.138413  0.18096  1.72455
0.935021 0.185975 0.276229  1.68549
 0.94423 0.175173 0.261396  1.70066
0.941248 0.155367 0.282843   1.6972
0.941159 0.179981 0.269143  1.69672
 0.95872 0.152503 0.210206  1.72505
0.957724 0.152669 0.206844   1.7235
0.954254 0.138541 0.187678  1.71789
 0.95808 0.151081 0.208944  1.72481
0.958983 0.159875 0.215624  1.72496
0.959567 0.161861 0.219958  1.72532
0.959294 0.162816 0.219072  1.72501
0.959513 0.162306 0.219613   1.7256
 0.95935 0.164006  0.22218  1.72492
0.959436 0.163931 0.220981  1.72521
0.959568 0.162928 0.221702  1.72537
0.959408 0.163379 0.221167  1.72493
0.959148 0.165103 0.222055  1.72451
0.959188 0.164558 0.222267  1.72454
0.959093 0.164766 0.222186  1.72427
0.959126 0.164707 0.222102  1.72437
0.958675 0.160723 0.225475  1.72342
0.959078 0.160941  0.22356  1.72397
0.959191 0.158935 0.223774   1.7241
0.959036 0.160164 0.225171  1.72413
 0.95908 0.163817 0.222327  1.72408
0.959153  0.16401 0.221758  1.72416
0.959276 0.163206 0.221437  1.72428
0.959185 0.163706 0.222215  1.72429
0.913004 0.249117 0.270912  1.65531
0.914983  0.25189 0.265543  1.65847
0.915876 0.244263 0.270743  1.66003
0.914204 0.246133 0.267151  1.65562
0.915734  0.23143 0.279277  1.65951
0.917441 0.234592 0.274378   1.6622
0.918537 0.226914 0.278308  1.66402
 0.91687 0.228813 0.275536  1.65981
0.908581 0.242965 0.278119  1.64677
0.910524 0.244767 0.274293  1.64988
0.910709   0.2406 0.277051  1.65014
0.909844 0.241705 0.275556  1.64796
0.910361 0.233794 0.281904  1.64974
0.911867 0.236426 0.278623  1.65229
0.912955 0.231564 0.280281  1.65396
0.911625  0.23268 0.279911  1.65115
0.905253 0.236799 0.283369  1.64047
 0.90692 0.240428 0.281187  1.64406
0.907711  0.23582 0.283189  1.64532
0.906555 0.236858  0.28236  1.64267
0.908223 0.239584 0.279199  1.64549
0.910451 0.237602 0.277995  1.64913
0.909023  0.23496 0.281132  1.64673
0.909346 0.238552 0.280046  1.64805
0.915743 0.235811 0.274659   1.6587
0.913863 0.232686 0.279741  1.65566
0.912973 0.236735 0.277524  1.65403
0.913881 0.236122 0.277269  1.65584
0.915459 0.238016 0.272163  1.65787
0.912668 0.238806 0.275207  1.65317
0.912568 0.242804 0.272318  1.65304
0.913475 0.240344 0.274561  1.65518
0.959677 0.160569 0.220484   1.7248
 0.95933 0.161529  0.22214  1.72436
0.959453 0.162098 0.221051   1.7245
0.959526 0.161496 0.221926  1.72479
 0.96025  0.14805 0.222594  1.72621
0.961074 0.144628 0.217411  1.72767
0.960452 0.142215 0.222399  1.72684
0.960418 0.145082 0.218218  1.72615
0.963859 0.118501 0.203857  1.73185
0.965351 0.109354 0.200021  1.73424
 0.96383 0.110757 0.206627  1.73178
0.964444 0.115795 0.205138  1.73353
0.963333 0.122211 0.207239  1.73138
0.962997 0.113883 0.209499  1.73057
0.961636 0.121732 0.218944  1.72957
0.962803  0.11675 0.214728  1.73115
   0.958296 -0.00758846    0.259576      1.7294
    0.947187 -0.000533306     0.277966      1.70951
 0.953189 0.0151779  0.274118   1.72077
  0.952228 0.00474605   0.263404    1.71576
 0.961844 0.0274993  0.242965   1.73157
 0.956492 0.0290546  0.260097   1.72357
0.958875 0.041999 0.250863  1.72677
 0.958716 0.0358908  0.245174   1.72483
  0.97181 0.0142947  0.211717   1.74833
  0.966595 0.00165139   0.231473    1.74081
 0.966982 0.0200134  0.232974   1.74157
  0.968215 0.00861326   0.215068     1.7402
  0.961759 0.00356251   0.235017    1.72983
 0.956545 0.0228897  0.254095    1.7222
 0.962955 0.0215187    0.2359   1.73245
 0.961038 0.0146776   0.25143   1.73225
 0.965583 0.0566254  0.228702   1.73767
 0.960281 0.0552348  0.247413   1.72963
 0.961489 0.0730788  0.238716   1.73105
  0.96203 0.0657668  0.231699   1.73033
 0.977425 0.0455838  0.182812   1.75628
 0.974461 0.0326473  0.200459   1.75231
 0.972305 0.0491968  0.205359   1.74835
 0.974559 0.0418993  0.186028   1.74969
  0.96952 0.0407999  0.209562   1.74207
 0.970802 0.0203253  0.206283   1.74432
 0.966796 0.0267326  0.220395   1.73783
 0.968938 0.0341415  0.216935   1.74249
 0.967769 0.0466546  0.214094   1.73908
 0.964867 0.0347027  0.225738   1.73466
 0.962134 0.0469524  0.237204   1.73119
  0.96498 0.0381421  0.230655   1.73607
0.962176 0.169854 0.203517  1.72852
0.963018 0.168347 0.201208  1.72991
0.961849 0.165206 0.199594  1.72841
0.962888 0.166908 0.202842   1.7297
0.960859  0.16503 0.205171  1.72666
0.961957 0.168497 0.205344  1.72814
0.961662 0.162719 0.202676  1.72821
0.961219 0.166247  0.20336  1.72735
 0.95747 0.160026  0.21243  1.72298
0.958876 0.163226 0.218239  1.72445
0.958385 0.163545 0.217575  1.72383
0.958586 0.163156 0.217876  1.72436
  0.9598 0.174512 0.211748  1.72528
0.959607 0.176141 0.211248  1.72497
0.960175 0.174958 0.210041  1.72587
0.959814 0.174695 0.210495  1.72505
 0.95909  0.17719 0.212369  1.72417
0.958813 0.176734 0.213851  1.72375
0.958609 0.178166 0.213436  1.72342
0.958796   0.1769 0.212783  1.72349
0.958149 0.179085 0.214493  1.72272
0.957904 0.178606 0.215877  1.72235
0.957698 0.179981 0.215534  1.72203
 0.95788 0.178772 0.214897   1.7221
0.957432 0.179664 0.215935  1.72142
0.957637  0.17832  0.21626  1.72174
0.957195  0.17917 0.217294  1.72106
 0.95746 0.179497 0.216889  1.72167
0.959062 0.165138 0.222123  1.72432
 0.95906 0.164795 0.222182   1.7242
0.958998 0.165041 0.222388  1.72415
0.959056 0.165112 0.222177  1.72425
0.956275 0.180761 0.219534  1.71965
0.956511  0.18139 0.218109  1.72001
0.956746 0.179981  0.21837  1.72038
0.956548 0.181207 0.219056  1.72029
0.959244 0.164289 0.221844  1.72463
0.959161 0.164916 0.221656  1.72455
0.959268 0.164223 0.220739  1.72479
0.959282 0.164765 0.221733  1.72484
0.957376 0.103194  0.16888  1.72961
0.954391  0.12632 0.176929  1.72362
0.963598 0.137809 0.170277  1.73044
0.958072 0.127437  0.17121  1.73256
0.947966 0.190833 0.239736  1.70656
0.949973 0.184411 0.238292  1.70974
0.947622 0.182297 0.246933  1.70598
0.948712 0.189475 0.241998  1.70867
0.961876  0.10435 0.161056  1.74106
0.958364 0.161285 0.153175  1.71648
 0.944418  0.167216 0.0904237   1.69049
0.958098 0.112174 0.119322  1.72224
0.959039 0.127313 0.224868  1.72452
0.957991 0.134447 0.229085  1.72281
0.959217  0.13596 0.223619  1.72449
0.958863 0.132095 0.228374  1.72445
0.959467 0.162781 0.220315  1.72449
0.959387 0.163542 0.219906  1.72435
0.959621 0.162516 0.218851  1.72466
0.959528 0.163225 0.220212  1.72471
0.959329 0.140109 0.227089  1.72509
0.958183 0.138802 0.232275  1.72357
0.958322 0.144691 0.230965  1.72335
0.958444 0.140962 0.227639  1.72317
0.959324 0.151079 0.226504  1.72469
0.958455 0.149714 0.230525  1.72348
0.958515 0.154111  0.22951  1.72346
0.958667 0.151359 0.227001  1.72325
0.958545  0.15987 0.227421  1.72344
0.959142 0.157962  0.22576  1.72432
0.958551 0.157324 0.228568  1.72348
0.958696  0.15844 0.226103  1.72339
0.958334 0.177856 0.213847  1.72279
0.958531 0.176475 0.214237   1.7231
0.958081 0.177416 0.215257  1.72242
0.958356 0.177696 0.214864  1.72304
0.958886 0.164555 0.222957  1.72388
0.958693 0.165412 0.223357  1.72369
0.958896 0.165119 0.222696  1.72396
0.958829 0.164874 0.223252  1.72389
0.959285  0.17585 0.211689  1.72424
0.959455 0.174321 0.212148   1.7245
0.958985  0.17547 0.213219   1.7238
 0.95929 0.175696 0.212832  1.72449
0.953568 0.147024 0.191213  1.71791
0.956507 0.152843 0.204247   1.7219
0.955638 0.153825 0.203109  1.72086
 0.95607 0.153123  0.20341  1.72201
0.958462 0.154547 0.188406  1.72361
0.954429 0.146853 0.185659  1.72062
0.958317 0.159345 0.194809  1.72298
0.957897 0.151899 0.192948  1.72278
 0.803896  0.126557 -0.461112   1.47302
 0.799736  0.130116 -0.466392   1.46732
0.798526 0.125555 -0.46682  1.46461
 0.800351  0.127816 -0.463513   1.46696
  0.79833  0.116565 -0.464891   1.46223
 0.796479  0.121202 -0.468302   1.46071
 0.794245  0.117623 -0.468911   1.45602
 0.796495   0.11889 -0.466736   1.45971
 0.791608  0.112142 -0.467183   1.44897
 0.791538  0.114907 -0.469358   1.45039
 0.787632  0.113568 -0.470266   1.44258
 0.791072  0.113273 -0.468725   1.44889
 0.799715  0.108463 -0.459094   1.46107
 0.799565  0.112153 -0.461927   1.46277
 0.794893  0.110169 -0.463719   1.45366
  0.79917  0.110251 -0.461484    1.4615
 0.797966  0.114329 -0.463741    1.4607
 0.793876  0.115666 -0.467609   1.45442
  0.79465  0.111907 -0.465802   1.45458
 0.795232  0.113341 -0.465898   1.45599
 0.816883  0.120028 -0.445925   1.49218
 0.810535  0.122931 -0.454356   1.48326
 0.812171  0.115792 -0.451377   1.48434
0.812352 0.118368 -0.44782  1.48314
 0.812061  0.103897 -0.446222   1.47996
 0.810097  0.109367 -0.451362   1.47915
 0.805394  0.105898 -0.453883   1.46999
  0.81005  0.106909 -0.450112   1.47809
 0.830986  0.101756 -0.419197   1.50739
 0.823841  0.114133 -0.435991   1.50147
 0.820347   0.10263 -0.436091   1.49248
0.826219 0.107758 -0.42717  1.50151
0.819522 0.115585 -0.43896  1.49377
0.813491 0.112097 -0.44683  1.48437
0.817644 0.106059  -0.4406  1.48936
 0.817057  0.110766 -0.444804   1.49084
 0.802478  0.113618 -0.459537   1.46785
0.804318 0.108536 -0.45677  1.46963
0.807464 0.112578 -0.45408  1.47539
0.804601 0.110608 -0.45682  1.47048
 0.804462  0.124174 -0.458875   1.47286
 0.798753  0.123633 -0.465552   1.46433
 0.801031  0.119057 -0.461864   1.46663
 0.800882  0.121138 -0.462715   1.46691
 0.807922  0.115899 -0.453054   1.47612
 0.806952  0.122454 -0.455771   1.47626
 0.803061  0.116657 -0.458669   1.46887
 0.806947  0.119329 -0.456239   1.47624
 0.789607  0.154185 -0.484545   1.45723
 0.791132  0.149193 -0.479811   1.45724
 0.791952  0.152542 -0.479393   1.45921
  0.79047  0.151035 -0.479695     1.456
 0.788526  0.157147 -0.484153   1.45534
0.790602 0.155882 -0.47899  1.45681
 0.790756   0.15972 -0.477748   1.45715
 0.789776  0.156536 -0.478801   1.45507
 0.777208  0.172317 -0.494333   1.44086
0.776431 0.173525 -0.49398  1.43924
0.775385 0.173094 -0.49509  1.43788
0.776327 0.173048 -0.49462   1.4394
0.764573 0.136955 -0.49469   1.4124
 0.761852  0.136449 -0.494766   1.40716
 0.763396  0.135151 -0.493719   1.40943
 0.763553  0.136285 -0.494355   1.41033
 0.766293  0.135876 -0.494205   1.41542
 0.765009  0.134177 -0.493263   1.41227
  0.76677  0.133152 -0.492523   1.41518
0.765739  0.13418 -0.49281  1.41343
 0.760221  0.133945 -0.493263   1.40283
 0.760367  0.135584 -0.494838    1.4042
 0.758959  0.134983 -0.493904   1.40086
 0.759997  0.134771 -0.493642   1.40276
 0.756849  0.133086 -0.490863   1.39462
 0.75743 0.134314 -0.49235  1.39688
 0.755617  0.134239 -0.491398   1.39267
 0.756989  0.133654 -0.491304   1.39529
 0.759536  0.130785 -0.489604   1.39889
 0.760055  0.132073 -0.491117   1.40103
 0.758137   0.13192 -0.490271   1.39666
 0.759615  0.131358 -0.490095   1.39946
 0.759783   0.13294 -0.491529   1.40089
 0.758496   0.13402 -0.492157   1.39886
 0.758261  0.132503 -0.490743   1.39732
 0.758696  0.133176 -0.491785   1.39889
 0.766366  0.129431 -0.489861   1.41245
 0.766404  0.131307 -0.491512   1.41366
0.764789 0.130522 -0.49079  1.40999
 0.766046  0.130387 -0.490361   1.41226
 0.762584  0.128342 -0.488049   1.40371
 0.763059  0.129696 -0.489575   1.40578
 0.760887  0.129518 -0.488872   1.40096
 0.762613  0.128924 -0.488597   1.40422
 0.765894  0.125748 -0.486129   1.40886
 0.766342  0.127284 -0.487718   1.41093
  0.76403  0.127016 -0.487193   1.40591
 0.765886  0.126447 -0.486819   1.40939
 0.765927  0.128326 -0.488273    1.4106
 0.764312  0.129472 -0.489215   1.40807
 0.764154  0.127756 -0.487829   1.40669
 0.764637  0.128478 -0.488715   1.40826
 0.762799  0.134263 -0.493485    1.4081
 0.761313  0.135534 -0.494485   1.40589
 0.761279  0.133763 -0.492961   1.40477
 0.761661  0.134457 -0.493813   1.40602
 0.762751  0.130643 -0.490042    1.4056
0.761201 0.131847 -0.49082  1.40314
0.761021 0.130197 -0.48944  1.40172
   0.7615  0.130902 -0.490365    1.4033
 0.766104  0.132113 -0.491944   1.41345
  0.76439  0.133124 -0.492638   1.41059
0.764396 0.131419  -0.4913  1.40965
 0.764786  0.132385 -0.492282   1.41104
 0.763137  0.133322 -0.493003   1.40832
 0.761582  0.132804 -0.492471   1.40491
 0.76313 0.131597 -0.49163  1.40733
 0.762788  0.132561 -0.492136   1.40712
 0.783905  0.171682 -0.483874   1.44867
0.780558 0.173773 -0.48607  1.44348
  0.78178  0.172091 -0.488536   1.44673
 0.781897  0.172041 -0.485582   1.44555
 0.746846  0.235242 -0.475099   1.38828
 0.750316  0.230361 -0.476244   1.39338
 0.752983  0.235567 -0.472246    1.3977
  0.74918  0.233198 -0.473434   1.39019
 0.751107  0.247143 -0.467045   1.39549
  0.75548  0.241428 -0.467933   1.40181
 0.757994  0.247595 -0.463245   1.40593
 0.753782  0.244631 -0.464614   1.39738
  0.73782  0.238567 -0.464468   1.36568
  0.73464  0.236555 -0.462363   1.35745
 0.736439  0.235516 -0.465943    1.3629
 0.735862   0.23681 -0.464746   1.36141
 0.743725  0.238883 -0.472843   1.38247
 0.745301  0.244719 -0.469322   1.38527
  0.74147  0.240971 -0.467879   1.37579
 0.742561  0.241478 -0.469741   1.37904
 0.737471  0.236093 -0.469621    1.3674
 0.740874  0.236901 -0.473386   1.37654
 0.738822  0.239078 -0.468327   1.37021
 0.738781  0.237245 -0.469561   1.37032
  0.74522  0.238348 -0.472167   1.38414
 0.751451  0.238771 -0.469183    1.3937
 0.746906   0.24405 -0.468266   1.38687
  0.74887  0.240996 -0.471141    1.3916
 0.845762  0.234029 -0.413316   1.55397
 0.845724  0.232918 -0.415195   1.55456
 0.847679   0.23239 -0.412872   1.55756
 0.84611 0.233007 -0.41368  1.55468
 0.850237  0.232727 -0.408171   1.56096
  0.85033  0.231506 -0.410363   1.56194
 0.852122  0.231109 -0.407697   1.56449
 0.850595  0.231724 -0.408493   1.56167
 0.847475  0.238064 -0.408802   1.55642
 0.846617  0.236098 -0.411176   1.55525
 0.848823  0.235519 -0.408686   1.55872
 0.847626   0.23682 -0.409335   1.55676
 0.846814  0.234708 -0.411434   1.55555
 0.848293  0.232349 -0.411417   1.55819
 0.849047  0.234071 -0.408843   1.55902
 0.848033  0.233356 -0.410756   1.55753
 0.855014  0.231412 -0.402672   1.56853
 0.855012  0.230023 -0.405085   1.56934
 0.857156  0.229323 -0.402072   1.57247
 0.855389  0.230203 -0.403002   1.56923
  0.86012  0.229386 -0.396659    1.5765
 0.859912   0.22812 -0.399243   1.57695
 0.862535  0.227076 -0.396086   1.58104
 0.860424  0.228193 -0.397191   1.57715
 0.857022  0.235982 -0.397297   1.57144
 0.856019  0.233769 -0.400111   1.57005
 0.858526  0.232843 -0.397203   1.57399
 0.857157  0.234543 -0.397916   1.57175
 0.856197  0.232183 -0.400398   1.57028
 0.857802  0.229288 -0.400341   1.57308
 0.858722  0.231173 -0.397421   1.57422
 0.857544  0.230439 -0.399673   1.57246
  0.84901  0.243033 -0.402352   1.55805
0.847657 0.240252 -0.40655  1.55631
 0.849991  0.239536 -0.403917   1.55998
 0.849367  0.241474 -0.404808   1.55958
0.851247 0.244487 -0.40017  1.56236
 0.852154   0.24061 -0.402046   1.56417
 0.854856  0.240691 -0.398446   1.56845
0.852357 0.241553 -0.39931  1.56357
 0.851231  0.233425 -0.406252   1.56241
 0.852806  0.231022 -0.406231   1.56528
0.853623 0.232879 -0.40343   1.5662
 0.852544  0.232117 -0.405543   1.56462
  0.85295  0.237613 -0.401301   1.56478
 0.854634  0.234905 -0.400748   1.56759
 0.855671   0.23746 -0.397911   1.56914
  0.85439  0.236589 -0.400633   1.56736
 0.848287  0.238836 -0.407041   1.55757
 0.849807  0.236286 -0.406797   1.56019
 0.850516  0.238196 -0.404531    1.5611
 0.849579  0.237457 -0.406168   1.55962
 0.851109  0.234644 -0.405927    1.5622
 0.853534  0.234109 -0.402985     1.566
0.851907 0.236726 -0.40361  1.56333
 0.852156  0.235426 -0.403773   1.56369
 0.752857  0.144818 -0.499737   1.39366
 0.754813  0.144727 -0.500251   1.39758
  0.75316  0.146735 -0.501057   1.39513
 0.753303  0.145298 -0.500386   1.39474
0.749513 0.148508 -0.50106  1.38851
 0.751382  0.148341 -0.501767   1.39229
 0.749911  0.150324 -0.502304   1.39008
  0.74998  0.148983 -0.501766   1.38963
 0.750296  0.143911 -0.497863   1.38754
 0.75159 0.144296 -0.49903  1.39075
  0.75059  0.145182 -0.499176   1.38903
 0.750695  0.144666 -0.499013   1.38904
 0.748579  0.145947 -0.498402   1.38485
 0.749738  0.146157 -0.499432    1.3877
 0.748985  0.147283 -0.499945   1.38669
 0.748988  0.146433 -0.499506   1.38629
 0.747811  0.143139 -0.494558   1.38059
  0.74906  0.143395 -0.495815   1.38387
 0.748195  0.144383 -0.496078    1.3825
 0.748233  0.143724 -0.495843    1.3823
 0.749447  0.144222 -0.497815    1.3859
 0.749753  0.145488 -0.499191   1.38745
 0.748589  0.145233 -0.498129   1.38457
 0.749406  0.144906 -0.498088   1.38612
 0.751473  0.147782 -0.501327   1.39213
 0.749446   0.14785 -0.500649     1.388
 0.750243  0.146703 -0.500148   1.38908
 0.750531  0.147509 -0.500524   1.39003
 0.752503   0.14704 -0.501056   1.39388
0.751222 0.146016 -0.49989  1.39075
 0.752249  0.145106 -0.499727   1.39249
 0.751855   0.14582 -0.499828    1.3919
 0.861221  0.230197 -0.394304   1.57808
 0.863035  0.227166 -0.393991   1.58122
 0.863902  0.229331 -0.391022   1.58232
 0.862691  0.228506 -0.393539   1.58056
 0.863212  0.234954 -0.388356   1.58083
 0.865069  0.231624 -0.387801   1.58394
 0.866258  0.234554 -0.384323   1.58568
 0.864835  0.233592 -0.387647   1.58376
 0.857946  0.236847 -0.395141   1.57272
0.859616 0.233698 -0.39492  1.57558
 0.860433  0.235868 -0.392174   1.57662
 0.859405  0.235035 -0.394187   1.57503
 0.861112  0.231639 -0.393976   1.57794
 0.863846  0.230762 -0.390504   1.58221
 0.862027  0.233997 -0.391158   1.57921
 0.862274  0.232493 -0.391367   1.57956
 0.863233  0.243518 -0.383764   1.58106
0.866989 0.238584 -0.38121  1.58696
 0.868614  0.242521 -0.375907   1.58931
 0.866507  0.240909 -0.381875   1.58679
 0.852801  0.244651 -0.397431   1.56454
 0.856249  0.241035 -0.395426   1.57021
  0.85752  0.244429 -0.390864   1.57185
 0.855727  0.242801 -0.395657   1.56965
 0.858692  0.241893 -0.389948    1.5733
 0.857239  0.238575 -0.394642   1.57135
0.859843 0.237471 -0.39152  1.57539
 0.859096  0.239936 -0.392511   1.57487
 0.861335  0.243516 -0.387161   1.57837
 0.862338  0.238594 -0.389214    1.5802
 0.865388  0.238361 -0.384897   1.58498
 0.862588  0.239577 -0.385779   1.57946
0.890995  0.22955 -0.34667  1.62439
 0.893239  0.234438 -0.339335    1.6278
 0.886933  0.236925 -0.349824   1.61821
 0.890527  0.232385 -0.347358   1.62422
 0.878666  0.234846 -0.365061   1.60523
 0.880606  0.239255 -0.358861   1.60815
 0.874663  0.240961 -0.368031   1.59906
 0.878188  0.237487 -0.365844   1.60513
 0.888515  0.220676 -0.356378   1.62067
 0.890027  0.224242 -0.351291   1.62277
 0.886599  0.225296 -0.356564   1.61737
 0.888313   0.22295 -0.355832   1.62039
 0.882307  0.224347 -0.365435   1.61116
 0.883358   0.22694 -0.361395   1.61238
 0.880555  0.228822 -0.365167   1.60805
 0.882168  0.225877 -0.364132   1.61053
 0.885976  0.214782 -0.364578     1.617
 0.887024  0.217793 -0.360762    1.6185
 0.884029  0.219323 -0.364985    1.6138
 0.885635  0.216654 -0.364152   1.61646
 0.887014  0.219585 -0.359979   1.61844
0.885088 0.224114 -0.36031  1.61516
 0.883957  0.221172 -0.364427   1.61371
 0.885321   0.22232 -0.360911   1.61564
 0.881902  0.234911 -0.357849   1.60948
 0.879829  0.230922 -0.364232   1.60647
 0.882772  0.228772 -0.360306   1.61097
0.882011 0.232584 -0.36145  1.61071
 0.884645  0.236863 -0.354458   1.61486
 0.885493  0.230095 -0.357452   1.61634
 0.888916  0.229242 -0.351884   1.62165
 0.885935  0.231352 -0.352646    1.6157
 0.913105  0.196367 -0.322218   1.65902
 0.912671  0.193359 -0.326508   1.65898
 0.915761  0.190549 -0.321286   1.66374
  0.91341  0.193898 -0.322941   1.65954
 0.919554  0.189379 -0.310459   1.66854
0.918593 0.187201 -0.31584  1.66778
0.921297 0.184356 -0.31089  1.67186
 0.919572  0.187903 -0.312454   1.66905
 0.916888  0.205009 -0.310052   1.66509
 0.915104  0.200665 -0.316342   1.66239
 0.918372  0.197662 -0.310771   1.66747
 0.916869  0.202663 -0.311857    1.6654
0.915205 0.198234 -0.31769  1.66273
 0.916696  0.191046 -0.317496    1.6647
0.918589 0.194905 -0.31169  1.66786
 0.916532  0.192893 -0.316258   1.66419
 0.924746  0.183173 -0.300939   1.67637
 0.923873  0.181081 -0.305856   1.67559
 0.926791  0.178359 -0.300327   1.68012
 0.924876  0.181899 -0.302123   1.67688
  0.93051  0.178397 -0.289449   1.68535
 0.929764  0.176215 -0.294819   1.68497
 0.932314  0.173354 -0.289495   1.68879
 0.930522  0.177103 -0.291052   1.68573
 0.926416  0.196442 -0.292886   1.68001
 0.925875  0.189793 -0.297738    1.6792
 0.928774  0.187819 -0.291716   1.68368
 0.926844  0.191766 -0.292004   1.68002
 0.926592  0.185108 -0.296441   1.67965
  0.92778  0.179295 -0.296349   1.68135
 0.929495  0.182992 -0.290436   1.68416
0.927663 0.180917 -0.29545  1.68103
  0.92034  0.213849 -0.292917   1.66894
 0.918533  0.207961 -0.301234   1.66641
 0.922967  0.203643 -0.293172   1.67325
0.920671 0.210835 -0.29494     1.67
  0.92114  0.191448 -0.306672   1.67141
0.922091 0.185091 -0.30774  1.67281
 0.923615   0.18774 -0.302436   1.67509
 0.922108  0.186265 -0.305204   1.67216
 0.923946  0.202271 -0.297351   1.67685
 0.919506   0.20662 -0.305214   1.66994
 0.920967  0.199475 -0.305682   1.67222
 0.921058  0.200163 -0.302516   1.67129
 0.923955  0.188642 -0.299654   1.67504
 0.924585  0.194733 -0.295046   1.67601
 0.921522  0.192483 -0.303574   1.67135
  0.92367   0.19377 -0.301445   1.67599
 0.941882  0.184236 -0.253501   1.70229
 0.939606  0.195318 -0.252865   1.69845
 0.937341  0.189162 -0.263998   1.69536
 0.939789  0.193043 -0.255564   1.69959
  0.93857  0.177729 -0.270508   1.69853
 0.936235  0.186576 -0.272227    1.6949
0.935912 0.179626 -0.27684  1.69446
 0.936711  0.181604 -0.270644   1.69488
 0.937148  0.167804 -0.278624   1.69596
0.935158 0.172618 -0.27959  1.69232
 0.934585  0.170346 -0.284203   1.69201
 0.935332  0.171305 -0.280307   1.69277
  0.94212  0.163079 -0.267584   1.70378
 0.940322  0.168168 -0.267812   1.70032
 0.939846  0.165788 -0.273023   1.70038
 0.940386  0.166859 -0.269064   1.70071
 0.939332  0.172719 -0.268694   1.69904
 0.936712  0.174621 -0.274893   1.69498
 0.937927  0.168846 -0.274477   1.69677
 0.937768  0.170542 -0.273992   1.69648
 0.947414  0.167899 -0.248674   1.71183
 0.945272  0.176873 -0.250633   1.70854
 0.945038  0.169794 -0.255085   1.70823
 0.945738  0.171792 -0.248655   1.70849
  0.94641  0.157692 -0.256629    1.7101
 0.944488   0.16262 -0.257747   1.70654
 0.944047  0.160263 -0.262217    1.7064
 0.944667  0.161309 -0.258271   1.70697
 0.950686  0.153348 -0.245569   1.71673
 0.949042  0.158388 -0.245844   1.71354
0.948703 0.155971 -0.25089  1.71378
 0.949118  0.157162 -0.246934   1.71392
 0.948148  0.162959 -0.246646   1.71238
 0.945827  0.164771 -0.252863   1.70879
 0.946978  0.158967 -0.252224   1.71048
 0.946793  0.160686 -0.252031   1.71018
 0.941454  0.170272 -0.263729   1.70223
 0.942494  0.164205 -0.263844    1.7038
 0.943443  0.167014 -0.259052   1.70513
 0.942397  0.165202 -0.262416   1.70325
  0.94294  0.182495 -0.255406   1.70528
 0.938375   0.18751 -0.266064   1.69836
 0.940523  0.178971 -0.263934   1.70151
 0.94047 0.180214 -0.26317  1.70114
 0.943366  0.168006 -0.257449   1.70454
 0.943727  0.174413 -0.253312   1.70509
 0.941281   0.17155 -0.261999   1.70141
 0.943037  0.173805 -0.259296   1.70528
 0.957873  0.164278 -0.210045   1.72638
 0.956018  0.175546 -0.209668   1.72327
 0.954171  0.169507 -0.220751   1.72076
 0.956155  0.173713 -0.211981   1.72426
 0.955266  0.158101 -0.226802   1.72358
0.953399 0.166934 -0.22865  1.72068
 0.953166   0.16005 -0.233175   1.72041
 0.953797  0.162061 -0.226621   1.72064
   0.9544  0.148168 -0.234684   1.72213
 0.952708  0.153043 -0.235846   1.71901
 0.952396  0.150562 -0.240244   1.71905
  0.95288  0.151781 -0.236188   1.71939
 0.958222  0.143794 -0.223805   1.72809
 0.956725  0.148758 -0.224015   1.72513
  0.95645  0.146362 -0.229089   1.72544
  0.95679  0.147698 -0.225104   1.72551
 0.955938  0.153415 -0.224772   1.72415
 0.953895   0.15525 -0.230951   1.72101
 0.954903  0.149496 -0.230341   1.72248
 0.954745  0.151068 -0.230168    1.7222
 0.962192  0.148275 -0.205046   1.73388
 0.960576  0.156948 -0.206732   1.73134
 0.960338  0.150308 -0.211396   1.73111
 0.960917  0.152353 -0.204724   1.73133
 0.961409  0.138777 -0.213122   1.73267
  0.95993  0.143613 -0.214183   1.72993
 0.959632  0.141226 -0.218512   1.72992
 0.960073  0.142505 -0.214546   1.73027
  0.96475  0.134475 -0.202384   1.73786
 0.963462  0.139188 -0.202374   1.73525
 0.963221  0.136922 -0.207583   1.73559
 0.963513   0.13842 -0.203597   1.73565
 0.962792  0.143974 -0.203129   1.73448
0.960995 0.145876  -0.2093  1.73176
 0.961864  0.140213 -0.208773   1.73301
 0.961731  0.141542 -0.208519   1.73273
 0.957598  0.151042 -0.219833   1.72662
 0.958411  0.145217 -0.219944   1.72786
 0.959125  0.147859 -0.215299   1.72883
 0.958337  0.145941 -0.218665   1.72739
 0.958768  0.162754 -0.211448   1.72891
 0.955056  0.168051 -0.222265    1.7233
 0.956788   0.15948 -0.219989   1.72584
 0.956762  0.160468 -0.219405   1.72552
 0.959048  0.148423 -0.213557   1.72816
 0.959412  0.154314 -0.209235   1.72864
 0.957422  0.151912 -0.217987   1.72572
 0.958792   0.15441 -0.215406   1.72886
 0.739169  0.215761 -0.486812   1.37489
 0.741722  0.212514 -0.488118   1.37906
 0.743572  0.216455 -0.485598   1.38208
 0.740878  0.214656 -0.486287   1.37679
 0.742628   0.22486 -0.481686     1.381
0.745529 0.220864 -0.48291  1.38544
 0.747815   0.22534 -0.479736   1.38916
 0.744619  0.223318 -0.480654   1.38289
 0.732795  0.217675 -0.477088   1.35733
 0.730399  0.216089 -0.475181   1.35094
 0.731712  0.215215 -0.478043    1.3551
   0.7313  0.216251 -0.477167   1.35402
 0.737028  0.218038 -0.484396   1.37033
0.738303 0.222565 -0.48218  1.37273
 0.735481   0.21949 -0.480041   1.36504
 0.736271  0.220064 -0.482213     1.368
 0.732465  0.215601 -0.481029    1.3586
 0.734927  0.216375 -0.484582   1.36583
 0.733525  0.217982 -0.480222   1.36085
 0.733398  0.216513 -0.481106   1.36075
 0.738097  0.218028 -0.484935   1.37218
 0.742532  0.218785 -0.483653   1.37942
 0.739428  0.222433 -0.482382   1.37442
 0.740688  0.220049 -0.484411   1.37753
 0.741971  0.265067 -0.447416   1.37244
0.737999 0.262183 -0.44563  1.36247
 0.740724  0.261061 -0.449561   1.36984
 0.739562  0.262671 -0.447975   1.36712
 0.750179  0.265503 -0.455606   1.39357
 0.751537  0.273138 -0.450522   1.39599
 0.746684  0.268526 -0.450725   1.38503
 0.748117  0.268646 -0.451479    1.3881
 0.742085  0.262118 -0.453423   1.37522
  0.74671  0.263194 -0.456539   1.38641
 0.743311   0.26607 -0.451497   1.37787
 0.743929  0.263807 -0.453166   1.37933
 0.762565  0.261416 -0.452807   1.41347
 0.754989  0.260749 -0.457513   1.40199
 0.760282  0.254293 -0.458154   1.40963
 0.757977  0.257787 -0.454426   1.40394
0.767285 0.276668 -0.44067  1.42136
 0.758893  0.276082 -0.446206   1.40856
 0.764875  0.268841 -0.446893   1.41724
  0.76221  0.272566 -0.442677   1.41074
 0.753773  0.271874 -0.448096   1.39784
 0.752256  0.264466 -0.453551   1.39541
 0.760085  0.265187 -0.448701   1.40734
 0.756836  0.268236 -0.451916   1.40497
 0.978503  0.122762 -0.122464   1.75588
 0.977632   0.12044 -0.130366   1.75473
 0.978641  0.119251 -0.124222   1.75628
 0.978378  0.124343 -0.125574   1.75639
 0.980604  0.118866 -0.110033   1.75938
 0.980672  0.125573 -0.105216   1.75932
 0.979567  0.125457 -0.113392   1.75769
 0.980318  0.125202 -0.112713   1.75944
 0.979746  0.121682 -0.120436   1.75881
 0.980606  0.118701 -0.115569   1.76004
 0.979577  0.125271 -0.118528   1.75833
0.979829 0.121769 -0.11485  1.75832
 0.976798    0.1168 -0.150412    1.7556
 0.976098  0.117182 -0.156631   1.75494
 0.977163  0.116081 -0.152091   1.75672
 0.976765  0.118785 -0.153604   1.75629
  0.97826  0.115246 -0.140365   1.75756
 0.977492  0.119087 -0.137265   1.75545
 0.977165    0.1175 -0.143924   1.75557
  0.97762  0.119306 -0.140787   1.75645
 0.978094  0.117256 -0.149262   1.75872
0.978912 0.116097 -0.14433  1.75986
 0.977604  0.117989 -0.147681    1.7573
 0.977875   0.11615 -0.145739    1.7575
 0.979884  0.111885 -0.128862   1.75959
  0.9796 0.112575 -0.13599  1.75999
 0.980369   0.11203 -0.131838   1.76125
 0.979909  0.114518 -0.132791   1.76053
 0.981529  0.111392 -0.119669   1.76247
 0.981103  0.112462 -0.113924   1.76071
 0.980505  0.113006 -0.121287   1.76025
 0.981087  0.113363 -0.120395   1.76162
   0.9812  0.113292 -0.128861   1.76306
 0.981938  0.112217 -0.123741    1.7641
  0.98053  0.113642 -0.125777   1.76097
 0.980913  0.112376 -0.124842    1.7617
0.980304 0.117967 -0.12355  1.76055
0.980981 0.118365 -0.11673  1.76129
 0.980141  0.121894 -0.122555   1.76026
 0.980371  0.116217 -0.119816   1.75991
 0.978028  0.120683 -0.134307   1.75656
 0.978832  0.116883 -0.137294   1.75872
 0.979436  0.117779 -0.130238   1.75929
 0.978718  0.116401 -0.132982   1.75772
 0.979179  0.119893 -0.125171   1.75793
 0.978179  0.120114 -0.130631   1.75621
 0.979528  0.117119 -0.125581   1.75874
 0.979185  0.120546 -0.129174    1.7586
 0.873895  0.253092 -0.362995   1.59874
  0.87298  0.245337 -0.369098   1.59697
 0.878882  0.243819 -0.360253   1.60609
0.875114 0.247856  -0.3621   1.5995
 0.886382  0.250034 -0.343586   1.61815
 0.885171  0.241768 -0.351095   1.61601
 0.891388  0.239693 -0.341126   1.62564
 0.887559  0.244736 -0.343132   1.61907
0.875122  0.26767 -0.34613  1.59945
 0.874631  0.260956 -0.355729   1.59993
 0.880782  0.260057 -0.346019   1.60958
  0.87666  0.263882 -0.347945   1.60219
 0.876256  0.255677 -0.355599   1.60172
 0.881304  0.246262 -0.353028   1.60927
 0.882495  0.254458 -0.345592   1.61139
 0.880187  0.251526 -0.353629   1.60857
 0.984953 0.0460783   0.12928   1.76609
 0.981773 0.0530796  0.148871    1.7613
 0.984033 0.0680288  0.124353   1.76403
 0.983958 0.0487431  0.127458    1.7634
 0.984954  0.103383 0.0955771    1.7655
 0.983746 0.0941592  0.110691   1.76329
0.982796 0.114358 0.108009   1.7622
 0.983959 0.0965554  0.109052   1.76359
 0.990336 0.0304867 0.0763103   1.77378
 0.988008 0.0362891 0.0974798    1.7699
 0.989052  0.051395 0.0806696   1.77137
 0.989249 0.0303328  0.078341   1.77112
 0.990005 0.0874699 0.0668371   1.77488
 0.989295  0.078596 0.0837816   1.77361
  0.98807 0.0982127 0.0842602   1.77189
 0.989168 0.0796662 0.0821664   1.77308
  0.99274   0.05034 0.0140254   1.78064
 0.992446 0.0381976 0.0527611   1.77858
 0.991734 0.0745745  0.046184   1.77795
 0.992596 0.0339058 0.0375518   1.77855
 0.991637 0.0287187 0.0668803   1.77657
 0.990129 0.0533263 0.0811435   1.77417
 0.991194 0.0615771 0.0640902   1.77615
 0.991093 0.0613612 0.0695516   1.77631
 0.985089 0.0808174  0.111612   1.76569
 0.986666 0.0930793 0.0956732   1.76883
 0.987495 0.0731727 0.0964693   1.76975
 0.986745 0.0878277 0.0949114   1.76874
 0.984295 0.0635169  0.103356   1.76199
 0.986818 0.0503972 0.0846472   1.76606
  0.98595 0.0384721 0.0985682    1.7649
 0.98598 0.055874 0.107665  1.76632
 0.916002  0.213556 -0.302612   1.66223
 0.917863  0.219686 -0.294358   1.66499
 0.912358  0.222945 -0.305525   1.65669
 0.915601  0.217368 -0.303646   1.66228
 0.903823  0.222456 -0.325742   1.64415
 0.906563   0.22757 -0.316884   1.64836
 0.899883  0.231339 -0.328755   1.63824
  0.90341  0.225295 -0.326025   1.64383
0.913553 0.204101 -0.31721  1.65983
 0.915335   0.20888 -0.310923   1.66263
 0.911879  0.210251 -0.317585   1.65725
0.913426 0.206753 -0.31672  1.65975
 0.906972  0.209116 -0.328756   1.64976
  0.90834  0.212017 -0.323382   1.65146
 0.905542  0.214687 -0.327678   1.64712
0.906997 0.210604 -0.32664  1.64918
0.910339 0.196406 -0.32808  1.65476
 0.911688  0.200535 -0.323233   1.65699
 0.908571  0.202594 -0.328627   1.65214
 0.910032  0.198682 -0.327594    1.6543
 0.911724   0.20244 -0.321878   1.65685
 0.909987  0.208587 -0.322284   1.65414
 0.908552  0.204649 -0.327566   1.65201
 0.910144  0.206448 -0.322983   1.65446
  0.90772  0.219974 -0.315493   1.64865
 0.904943  0.216172 -0.324636   1.64481
 0.907914   0.21292 -0.320094   1.64933
 0.907317  0.218208 -0.321402   1.64965
 0.910369  0.222254 -0.311865    1.6541
 0.910667  0.214397 -0.317015   1.65501
0.914135 0.212661 -0.30978  1.66013
 0.911367  0.216036 -0.310157   1.65459
 0.983883  0.110236 -0.109473   1.76703
  0.98443  0.108947 -0.104191   1.76767
 0.983529  0.110914 -0.106206   1.76578
 0.983701  0.109252 -0.104878   1.76595
 0.981779  0.112951 -0.112813   1.76232
 0.982767  0.112176 -0.117799    1.7654
 0.983216  0.110978 -0.113242   1.76584
 0.982315  0.112279 -0.113326   1.76375
 0.982654  0.111329 -0.106108   1.76362
 0.981871  0.113736 -0.107392   1.76199
 0.982863  0.111062 -0.109724   1.76457
 0.982541  0.110989 -0.108356   1.76355
  0.985341    0.10605 -0.0890209    1.76818
  0.985663   0.106232 -0.0849632    1.76865
  0.985108   0.106802 -0.0854204    1.76729
   0.98523   0.106443 -0.0853335    1.76761
  0.984071   0.110861 -0.0922627    1.76561
  0.984957   0.107914 -0.0965147    1.76809
  0.985234   0.107099 -0.0923638    1.76829
 0.984502  0.109315 -0.092318   1.76669
  0.984781    0.10972 -0.0850468    1.76672
  0.984156   0.113368 -0.0872433    1.76561
 0.984851  0.108235 -0.089038   1.76714
  0.984577    0.10842 -0.0875523    1.76629
  0.98115  0.124433 -0.105141   1.76037
 0.981127  0.118841 -0.109497   1.76063
 0.981729  0.117687 -0.105312   1.76153
 0.981371  0.121161 -0.104341   1.76091
  0.981809   0.126464 -0.0996397    1.76162
  0.98252  0.119247 -0.100696   1.76315
  0.983174   0.118324 -0.0943897    1.76399
  0.982484   0.118837 -0.0950303    1.76236
 0.982398   0.11245 -0.101684   1.76245
0.981943 0.113624 -0.10612  1.76191
 0.982492  0.110571 -0.103365   1.76281
 0.982371  0.113189 -0.105506   1.76292
  0.983971   0.109302 -0.0969723    1.76581
  0.983735   0.113122 -0.0918918    1.76494
  0.983202   0.113259 -0.0976479     1.7642
  0.983613   0.111472 -0.0977794    1.76508
 0.983191  0.110676 -0.102419   1.76449
  0.983838   0.108417 -0.0999675    1.76569
 0.983071  0.112378 -0.100615   1.76408
 0.983276  0.111509 -0.099714   1.76451
0.960782 0.152325 0.209097   1.7265
0.960569 0.153833  0.21405  1.72608
0.960431 0.155976 0.212464  1.72584
 0.96076 0.154866 0.213673  1.72677
 0.977456   0.16134 0.0764496   1.75282
0.976921 0.166685 0.077794  1.75173
 0.977863  0.163407 0.0727173   1.75315
 0.977534  0.165098 0.0778209   1.75312
 0.979622  0.151847 0.0649793   1.75608
  0.97885   0.15825 0.0674996   1.75449
 0.979653  0.156588 0.0618749   1.75577
 0.979561  0.158196 0.0664426   1.75625
 0.977704  0.148628 0.0756301   1.75376
 0.977629  0.155684 0.0771853   1.75345
 0.978158  0.152499 0.0740162   1.75429
 0.977976  0.152879 0.0780428   1.75427
 0.978911  0.143946 0.0696266   1.75567
 0.978895  0.150116 0.0714551   1.75557
 0.979358  0.148937 0.0679372   1.75625
 0.979153  0.149163 0.0714937   1.75623
 0.977987  0.136215 0.0722666   1.75443
0.977812 0.141096 0.073587  1.75401
 0.978313  0.139539 0.0710088   1.75484
 0.978143  0.139718 0.0739134   1.75479
 0.978108  0.146494 0.0761815   1.75471
 0.978577   0.15037 0.0745958   1.75527
0.978597 0.144213 0.073253  1.75545
 0.978312  0.146149 0.0726738   1.75477
 0.978689  0.160094 0.0726028   1.75492
 0.979432  0.153559 0.0696709   1.75644
 0.978912  0.154941 0.0733917   1.75566
 0.978896  0.153857 0.0704796   1.75512
 0.978445  0.160121 0.0735157   1.75429
 0.978604  0.154803 0.0747042   1.75488
 0.978055  0.157524 0.0774612   1.75397
 0.978364  0.158395 0.0734853   1.75454
 0.846248  0.456656 0.0297261     1.549
0.833293 0.455638 0.031957  1.52003
 0.835596  0.459842 0.0144256   1.52709
 0.838463  0.458096 0.0258811   1.53252
 0.848534  0.467375 0.0134582    1.5598
   0.838453     0.47097 -0.00208045     1.53981
  0.843319   0.469673 -0.0184424    1.55006
   0.840765    0.460744 -0.00279893      1.5391
  0.868946     0.4378 -0.0216081    1.58805
  0.852868   0.456019 -0.0369399    1.56359
  0.865458   0.436795 -0.0557189    1.58148
  0.859925   0.432777 -0.0386064    1.56605
 0.877157  0.426892 0.0384801   1.60116
 0.863079  0.445376 0.0283687   1.57959
  0.873448   0.432352 0.00994639    1.59488
  0.86939  0.425445 0.0243214   1.58251
 0.853093  0.444545 0.0140486   1.55669
  0.848394   0.448825 -0.0169032    1.54893
   0.865341    0.430798 -0.00346953     1.57594
    0.85809     0.45096 -0.00156732     1.57127
0.960367 0.154226  0.22013  1.72618
0.960019 0.152656 0.223114  1.72572
 0.95979  0.15616 0.223334  1.72529
0.959963 0.154297  0.22062  1.72524
0.960184 0.102014  0.23037  1.72757
 0.959657 0.0919752  0.235202    1.7269
0.957345 0.102748 0.241102  1.72357
0.959263 0.097164 0.239715  1.72729
0.956842  0.12104 0.236934   1.7219
0.959455  0.11963 0.227174  1.72581
0.959316 0.112551 0.228353  1.72567
0.959119 0.116281  0.23484  1.72652
0.956423 0.109461 0.245856  1.72289
0.956304 0.118993 0.242966  1.72202
0.958888 0.109448 0.236865  1.72648
0.956784 0.112582 0.237342  1.72183
0.968799 0.120449 0.178352  1.73996
0.971455 0.116972 0.169458  1.74413
0.970711 0.110934 0.175065  1.74288
0.970485 0.120116 0.173432  1.74306
 0.96806 0.118791 0.179378  1.73812
0.969711 0.107413 0.175104  1.74011
0.968114 0.111144 0.187676   1.7389
0.968863 0.111346 0.186046  1.74053
 0.948918 0.0850413  0.268003   1.70986
 0.945358 0.0817373  0.277012   1.70413
0.945035 0.090386 0.276742  1.70386
 0.946268 0.0835822  0.276272   1.70602
 0.949144 0.0976145  0.276253   1.71391
0.945251  0.10168 0.283758  1.70754
0.945437 0.110126 0.281804  1.70787
0.946076 0.101167 0.275854  1.70678
 0.956432 0.0661992  0.250031   1.72172
 0.953638 0.0811397  0.257389   1.71783
0.958518 0.079512 0.240839  1.72488
 0.956742 0.0730741   0.25528   1.72411
   0.9439 0.0601477  0.289445   1.70409
 0.944585 0.0735299  0.284707   1.70436
 0.947276 0.0644214  0.278493   1.70821
 0.945739 0.0622922  0.283071   1.70581
 0.953629 0.0417949  0.262463   1.71784
  0.95213 0.0592818  0.266208   1.71589
 0.956365 0.0525832  0.253022   1.72183
 0.954492 0.0466275  0.264173   1.72024
 0.943149 0.0193611  0.282008   1.70139
 0.943647 0.0428953   0.29024   1.70417
0.949086 0.031899  0.27797  1.71251
 0.946159 0.0267152  0.287531   1.70867
  0.94613 0.0467971  0.286725   1.70785
 0.949753 0.0547352  0.275925   1.71282
 0.951247 0.0358988  0.274257   1.71558
  0.94861 0.0510812  0.277218   1.71087
 0.95202 0.079202 0.264677  1.71586
 0.954317 0.0625779  0.261767   1.71968
 0.951008 0.0672168  0.270063   1.71451
 0.951654 0.0712835  0.259997    1.7134
 0.949827 0.0780037  0.267749   1.71133
0.948048 0.066272 0.273645  1.70834
 0.946036 0.0747085  0.276947   1.70512
 0.947742 0.0753357  0.274794   1.70864
0.894378 0.312749 0.235733  1.62405
0.891344 0.314323 0.236288  1.61815
0.893148  0.31821 0.231631  1.62209
0.892804 0.313752 0.234628  1.62051
0.897774 0.317201 0.224959  1.62952
0.894962 0.320856 0.225932  1.62512
 0.89733 0.322375 0.219381  1.62891
0.896468    0.318 0.222714  1.62623
0.901013 0.305817 0.232604  1.63488
0.897714 0.309375 0.234241  1.62955
0.899537 0.311759 0.228708  1.63265
0.899234 0.307152 0.231861  1.63115
0.895867  0.31061 0.233041  1.62544
0.894635 0.316151  0.22901  1.62354
0.897554  0.31307  0.22764  1.62829
0.896228 0.315102 0.230186   1.6271
0.904816 0.321061 0.214203  1.64346
0.900576 0.328032 0.212334  1.63636
0.903259 0.330982 0.202652  1.64085
0.902163 0.322099  0.20801  1.63632
0.908323 0.299655 0.232906  1.64871
 0.90468 0.305643 0.231726  1.64259
0.907099 0.308259 0.224077  1.64657
0.906094    0.301 0.227787  1.64275
0.904675 0.309988 0.223676  1.64151
0.902067  0.30749 0.231719  1.63722
0.900864 0.312047 0.227226  1.63496
0.902055  0.31115 0.227047  1.63729
0.904341 0.311983 0.219092  1.64033
0.900355 0.313958 0.223099  1.63343
0.900102 0.318733 0.217264  1.63306
0.901622 0.316173 0.221514   1.6367
 0.95902 0.164662  0.22223  1.72406
0.958887 0.164649 0.222615  1.72382
0.958944 0.164793 0.222084  1.72385
0.958949 0.164785 0.222289  1.72391
0.958562 0.122366 0.230722  1.72418
0.956191 0.123707 0.239161  1.72052
0.957359 0.130731 0.233796  1.72195
0.957212 0.128394 0.232997  1.72203
 0.92484 0.110614 0.299749  1.66927
0.924848 0.118679 0.296928  1.66931
 0.92851 0.116905   0.2998  1.67751
0.926553 0.116356  0.29938  1.67386
0.932846 0.103429 0.298072  1.68417
0.932033 0.112715 0.296855  1.68291
0.935778 0.108392 0.291323   1.6887
 0.93371 0.109634 0.298354  1.68697
 0.926222 0.0882017  0.303928   1.67169
0.925149 0.100621 0.302138  1.66976
 0.929888 0.0980452  0.303594   1.68001
 0.927613 0.0974492  0.304726   1.67614
0.926828 0.107957 0.302364  1.67454
0.929958 0.114059 0.301957   1.6812
0.930583 0.104858  0.30421  1.68246
0.928947 0.108251 0.301746  1.67821
 0.942471 0.0904557  0.281628   1.69923
 0.942792 0.0810846   0.28397   1.70012
 0.940291 0.0881978  0.288972   1.69647
 0.941575 0.0892209   0.28379   1.69792
0.939299 0.108846 0.288306  1.69558
0.942565 0.110387 0.285028  1.70208
0.941848 0.102571 0.285959  1.70016
 0.94125 0.108797 0.286343  1.69958
 0.93906 0.097179 0.287996  1.69415
0.938556 0.106057 0.286292  1.69315
 0.941182 0.0979537  0.281026   1.69673
 0.939878 0.0981334  0.286978   1.69563
 0.931011 0.0564957  0.301945    1.6801
 0.928089 0.0737454  0.304211   1.67505
 0.933507 0.0724544  0.303066   1.68618
 0.930993 0.0709476  0.304943   1.68201
 0.941684 0.0589975  0.293549   1.70013
 0.938446 0.0717691  0.297695   1.69469
 0.942708 0.0724747  0.288368   1.70096
 0.940786 0.0712729  0.295508   1.69946
 0.940695 0.0183024  0.288484   1.69745
 0.935632 0.0385358  0.297939    1.6889
 0.940813 0.0420185  0.294542   1.69877
 0.937994 0.0383235  0.293951   1.69329
 0.933888 0.0542886  0.301342   1.68667
 0.936046 0.0704388  0.302637   1.69185
 0.939457 0.0568089   0.29748   1.69727
 0.936693 0.0571024  0.300434   1.69179
0.934285 0.100527  0.29957  1.68769
0.936962 0.106158 0.292363  1.69156
 0.937134 0.0971371  0.294857     1.692
0.935784 0.100928 0.292758  1.68853
 0.938014 0.0806767  0.298698   1.69475
 0.939205 0.0883494  0.294303   1.69607
 0.941772 0.0810554  0.289688   1.69987
 0.939691 0.0805875   0.29336    1.6962
 0.928836 0.0850721  0.305976    1.6783
 0.931865 0.0949941  0.305214   1.68483
  0.93356 0.0831069  0.304994   1.68774
0.931296 0.085985 0.304018  1.68235
 0.933964 0.0945467  0.299028   1.68654
 0.937268 0.0906487  0.293838   1.69154
 0.935749 0.0830727  0.298501   1.68957
0.935864 0.091398 0.300614  1.69121
 0.948938 0.0982796  0.269145   1.71106
0.945662 0.109846 0.273106  1.70548
0.949139 0.110989 0.263799  1.71074
0.947716 0.109558 0.271282  1.70987
 0.95427 0.106794 0.249302  1.71828
0.951788 0.112679 0.255216  1.71439
0.954689 0.116276 0.245985  1.71857
0.953673 0.114782 0.252354  1.71843
 0.958349 0.0857518  0.246811   1.72629
 0.953671 0.0869534  0.261817   1.71934
 0.955836 0.0974623   0.25198   1.72237
 0.955835 0.0930055  0.249086   1.72148
 0.951233 0.0997608  0.265155   1.71562
0.950884 0.111467 0.261469  1.71436
0.953789 0.105431 0.254379  1.71882
0.952372 0.102206 0.259404  1.71643
 0.795513   0.12706 -0.468907   1.45962
 0.796572  0.130901 -0.468487   1.46188
0.792642 0.130312 -0.47312  1.45608
 0.795199  0.128961 -0.471079   1.46016
 0.784426   0.12879 -0.480938    1.4435
    0.788  0.130501 -0.478285   1.44927
 0.783942  0.132495 -0.482054   1.44304
 0.78471 0.129976 -0.47967  1.44312
 0.792697  0.119608 -0.470473   1.45393
 0.794783  0.123052 -0.469915   1.45832
 0.791322  0.122996 -0.473236   1.45297
 0.792763  0.121711 -0.472125   1.45516
 0.785657  0.121771 -0.476975   1.44326
 0.787694  0.123621 -0.476488   1.44737
 0.784515  0.125282 -0.479578   1.44275
 0.785853  0.123101 -0.477695   1.44415
 0.787403  0.114984 -0.471858   1.44324
 0.790216  0.116799 -0.470724   1.44866
 0.786761  0.118281 -0.473604    1.4433
 0.787986  0.116311 -0.472266    1.4448
 0.790446  0.118628 -0.472471   1.45022
 0.789287  0.122131 -0.475047   1.44965
0.787002 0.120033 -0.47553  1.44498
 0.789129  0.120593 -0.473997   1.44862
 0.788913  0.129173 -0.476349   1.44995
 0.784981  0.127014 -0.478814   1.44321
 0.788168  0.125499 -0.475408   1.44772
  0.78806  0.127845 -0.477646    1.4491
 0.791865   0.12858 -0.475167   1.45537
 0.791427  0.124708 -0.474105   1.45369
 0.794651  0.125049 -0.471279   1.45886
 0.792246  0.125854 -0.472285   1.45449
 0.787324  0.159383 -0.488738    1.4556
 0.786457  0.163913 -0.488898   1.45471
 0.784831  0.162413 -0.492773   1.45318
 0.785526  0.161061 -0.489392   1.45249
 0.832385  0.234809 -0.428837   1.53283
 0.833297   0.23379 -0.429649     1.535
 0.833583  0.234511 -0.428197   1.53507
 0.832883  0.234179 -0.428523   1.53363
0.834804  0.23513 -0.42593  1.53668
 0.834776  0.234415 -0.427145   1.53709
 0.836834  0.234224 -0.425463   1.54065
0.835085 0.234407  -0.4263  1.53733
 0.832255  0.238238 -0.427545   1.53269
 0.832296  0.236439 -0.428282   1.53271
 0.833576  0.236771 -0.426692   1.53475
 0.832635  0.237079 -0.427165   1.53304
 0.832666  0.235364 -0.427841   1.53308
  0.83374  0.234523 -0.427643   1.53513
 0.833905  0.235602 -0.426398    1.5351
 0.833436  0.235117 -0.427445   1.53448
 0.837943  0.235206 -0.422313   1.54169
  0.83745  0.234544 -0.423685   1.54118
 0.840296  0.233749 -0.421918   1.54626
 0.838165  0.234314 -0.422964    1.5423
 0.841647  0.234659 -0.418034   1.54747
 0.841261  0.233938 -0.419625   1.54727
 0.843785  0.233191 -0.417715   1.55163
 0.841881    0.2338 -0.418669   1.54811
 0.838974  0.239086 -0.418977   1.54315
 0.838429  0.237173 -0.420712   1.54237
  0.84031   0.23697 -0.418596   1.54535
0.839212  0.23786 -0.41918  1.54349
 0.838703  0.235895 -0.420713   1.54272
 0.840204  0.234122 -0.420162   1.54528
 0.840581  0.235633 -0.418624    1.5457
 0.839749  0.235021 -0.420144   1.54448
 0.831721  0.243569 -0.424275   1.53144
 0.831566  0.240444 -0.426646   1.53137
0.833242  0.24067 -0.42454  1.53397
 0.832586   0.24174 -0.425275   1.53325
 0.833618  0.245122 -0.422333   1.53501
 0.834982  0.241822 -0.422944   1.53726
 0.837074  0.242571 -0.420212   1.54063
 0.834888  0.242709 -0.421071   1.53636
 0.835247  0.235769 -0.424666   1.53717
 0.836649  0.234559 -0.424083   1.53964
 0.836857    0.2359 -0.422882    1.5398
 0.836183  0.235345 -0.424182   1.53884
 0.835773  0.239403 -0.421995   1.53781
 0.837332  0.237651 -0.421222   1.54037
 0.837892  0.239874 -0.419483   1.54127
  0.83699  0.239079 -0.421431   1.54007
 0.832528  0.238965 -0.426354   1.53288
 0.834022   0.23744 -0.425452   1.53527
 0.834083  0.239236 -0.424395   1.53532
 0.833638  0.238482 -0.425605   1.53476
 0.834987  0.236739 -0.424802   1.53684
 0.836659  0.236931 -0.422789    1.5395
 0.835197   0.23857 -0.423638   1.53716
 0.835552  0.237421 -0.423382   1.53754
 0.832313  0.232654 -0.431124   1.53331
 0.831486  0.233896 -0.430346   1.53147
 0.830962  0.233507 -0.430971   1.53049
 0.831519   0.23317 -0.430322   1.53132
 0.829674   0.23259 -0.433366    1.5286
 0.829945  0.233969 -0.432338   1.52903
 0.828536  0.234422 -0.434073   1.52699
 0.829245  0.233341 -0.432671   1.52752
 0.832089  0.230721 -0.431613   1.53254
 0.831306  0.232065 -0.431606   1.53122
 0.830809  0.231223 -0.432299   1.53021
0.831333 0.231103 -0.43158  1.53099
 0.831153  0.232135 -0.431646   1.53093
 0.830481  0.233037 -0.431206   1.52944
 0.830296  0.231699 -0.432031   1.52909
   0.8308  0.232453 -0.431794   1.53027
 0.822601  0.232384 -0.440539   1.51721
 0.825137  0.227837 -0.440965   1.52154
 0.825758  0.230569 -0.438781   1.52245
 0.824624  0.230168 -0.439418   1.52025
   0.8237  0.234396 -0.438519   1.51905
 0.826475  0.232344 -0.437108   1.52359
 0.826828  0.234695 -0.435434   1.52412
 0.825563   0.23324 -0.436333   1.52147
 0.834497  0.226845 -0.429791   1.53576
 0.832734  0.229132 -0.431144   1.53325
 0.832655  0.227005 -0.432196   1.53299
 0.833327    0.2273 -0.430852   1.53389
 0.832605  0.220747 -0.436824   1.53355
 0.831375  0.225256 -0.435604   1.53144
 0.828823  0.224162 -0.439946   1.52791
  0.83068  0.222548 -0.435931   1.52939
0.843838 0.216243 -0.41994  1.54849
 0.837327  0.223425 -0.426498   1.53933
 0.837921  0.217586 -0.431144   1.54141
 0.840616  0.217352 -0.424961   1.54418
 0.835767  0.223916 -0.429179   1.53742
 0.832765  0.224288 -0.432147   1.53247
 0.834919  0.219205 -0.431473   1.53547
 0.834713  0.223547 -0.431583   1.53621
 0.828997  0.231469 -0.433693     1.527
 0.827699  0.233545 -0.434461   1.52514
  0.82745  0.231222 -0.435617   1.52457
0.828256 0.232582 -0.43523  1.52648
 0.830024   0.22638 -0.435143   1.52858
 0.827806  0.228779 -0.436952   1.52537
0.827611 0.225709 -0.43879   1.5251
0.828813 0.227374 -0.43806  1.52774
 0.831953  0.229459 -0.431654   1.53192
 0.830522  0.229959 -0.432429    1.5293
 0.831297  0.227548 -0.432526   1.53037
 0.831435  0.229417 -0.432476   1.53115
 0.829851  0.230627 -0.434203   1.52888
 0.828505  0.230046 -0.436458   1.52696
 0.830398  0.228181 -0.434835   1.52972
 0.829353  0.229087 -0.434411   1.52748
0.960209   0.1556 0.218204  1.72555
0.959736 0.157412 0.221434   1.7249
0.959932  0.15847 0.219568  1.72515
0.960056 0.157405 0.221062  1.72564
  0.992486 0.00117194  0.0451105    1.77851
   0.994349 -0.00101272  0.00466325     1.78462
   0.99341 -0.0365669  0.0342417    1.78342
  0.992846 0.00604167  0.0390705    1.78042
  0.986928 -0.0406852  0.0978082    1.76977
  0.989683 -0.0587698  0.0666734    1.77678
  0.984308 -0.0724875   0.109241     1.7682
  0.986266 -0.0494939   0.105286     1.7709
 0.987724 0.0138157 0.0955194   1.76879
  0.990175 0.00252663   0.073448    1.77323
  0.988065 -0.0122812  0.0931433    1.77003
 0.988755 0.0114709 0.0950386    1.7715
  0.991173 0.00599689  0.0662079    1.77578
 0.990371 -0.029135 0.0652074   1.77655
  0.988624 -0.0181168  0.0967924    1.77268
  0.990523 -0.0273433  0.0660339    1.77551
  0.974271 -0.0497062   0.179078    1.75126
  0.976118 -0.0747228   0.155216    1.75474
  0.965515 -0.0650405   0.201474    1.73702
  0.972109 -0.0599369    0.19483    1.75156
  0.958741 -0.0213216   0.242036    1.72625
  0.954279 -0.0424476   0.239896    1.71746
  0.944754 -0.0131508   0.264946    1.70055
  0.954666 -0.0263864   0.262063    1.72399
   0.973201 0.000289312    0.188477     1.74667
  0.973419 -0.0248014   0.186092    1.74785
  0.967381 -0.0115968    0.21162    1.73814
  0.971772 -0.0110963   0.208126    1.74816
  0.971919 -0.0365865   0.207443    1.75058
  0.962783 -0.0491696   0.235157    1.73738
   0.96493 -0.0237389   0.237003    1.73987
  0.966382 -0.0368697   0.212078     1.7381
 0.980968 0.0379454  0.152462   1.75933
 0.984149 0.0254112  0.133855   1.76426
 0.981906 0.0178476   0.14888   1.76099
 0.982325 0.0370467   0.14486   1.76169
0.979318 0.035026 0.153482  1.75543
 0.979589 0.0142043   0.14955   1.75532
 0.976576 0.0216479   0.17222   1.75183
 0.978805 0.0205715  0.168834   1.75667
  0.984608 -0.0296063   0.132228    1.76767
  0.980117 -0.0601644   0.149485    1.76262
  0.978714 -0.0360002   0.174106    1.76038
  0.981601 -0.0490332   0.136144    1.76199
  0.979673 0.00193505   0.164373    1.75816
  0.976554 -0.0146522   0.183454    1.75474
  0.97588 0.0100976  0.186332   1.75285
    0.977605 -5.61929e-05     0.166053      1.75333
 0.986594 0.0258789  0.124175    1.7694
   0.986387 0.000775914    0.122974     1.76918
 0.984221 0.0130246  0.150122   1.76718
  0.985997 0.00233048   0.125462     1.7681
  0.98459 -0.022533  0.125024   1.76562
  0.979481 -0.0248065   0.160363    1.75831
   0.982422 -0.00330982    0.151923     1.76308
   0.982239 -0.00956861    0.157784     1.76427
0.914664 0.198172 0.295289  1.65652
0.912066 0.198841 0.295661  1.65147
0.913619 0.203058 0.294334  1.65484
  0.9134 0.199257 0.294905  1.65372
0.917188 0.204656 0.290814  1.66073
0.915091 0.206479 0.291974  1.65724
0.916793 0.209065 0.288972  1.66012
 0.91632 0.205779  0.28976  1.65862
0.920536 0.194784 0.291798  1.66664
0.917659 0.196543 0.293378  1.66151
0.918889 0.200359  0.29123  1.66397
0.918833 0.196109 0.291832  1.66309
0.915981 0.197793 0.293334   1.6579
0.914911 0.202711 0.292543  1.65625
0.917137 0.201617 0.291278  1.66018
0.916096 0.201748 0.292775  1.65883
0.921715 0.209396 0.283274  1.66872
0.918902 0.213648 0.285362  1.66439
0.920328 0.217255 0.280677  1.66655
0.920007 0.211207 0.281579  1.66468
0.926485   0.1919 0.283992  1.67595
0.923156 0.194675 0.288541  1.67092
0.923975 0.199616 0.284254  1.67205
0.924352 0.193515 0.285896  1.67212
0.922084 0.200951 0.285831  1.66849
0.921122 0.195999 0.290824  1.66728
0.919673  0.20097 0.289938  1.66483
0.920575 0.200443 0.288168  1.66613
0.921397 0.202933 0.284208  1.66682
0.918906 0.202978 0.288343  1.66298
0.918565 0.207295 0.286318  1.66245
0.919581 0.205133 0.287865  1.66483
0.927676 0.129962 0.296674   1.6762
0.925113 0.125109 0.294735     1.67
0.925376 0.129737 0.293228   1.6707
0.926309 0.128649 0.294295  1.67311
0.926776 0.138562 0.295481  1.67485
0.925433 0.133535 0.292917  1.67118
0.924961 0.137285 0.293356  1.67067
0.925677 0.136857 0.293009   1.6722
0.931087  0.13638 0.292835  1.68172
0.929466 0.132985 0.295342  1.67905
0.928888 0.137823 0.294816  1.67823
0.929861 0.136753 0.295202  1.68043
0.928157   0.1332 0.296599  1.67767
0.926143 0.132952 0.293059  1.67284
0.927655 0.137777 0.295721  1.67682
0.927316  0.13442  0.29568  1.67563
0.925055 0.146737 0.296146  1.67216
0.924162 0.141361 0.294227  1.66958
 0.92317 0.145539 0.295145   1.6681
0.923993 0.145116 0.294494  1.66978
0.922913 0.155609 0.297183  1.66881
0.922053 0.150048 0.296085  1.66641
0.920867 0.154706 0.296965  1.66459
0.921829 0.154179 0.296289  1.66657
0.927427 0.155073 0.294016  1.67631
0.926183 0.151122 0.295863  1.67418
0.925204 0.155609 0.296008  1.67265
0.926227 0.154985  0.29573  1.67482
0.925027 0.150505 0.296251  1.67265
0.922961  0.14956 0.295409  1.66827
0.923995 0.155095 0.296701  1.67107
0.924035 0.151028 0.296592  1.67055
0.932953 0.148652 0.291844  1.68667
0.931886 0.142877 0.293985  1.68444
 0.93082 0.147245  0.29377  1.68258
0.931619 0.147087 0.292675  1.68405
0.932409 0.151005 0.290688  1.68539
0.930275 0.149307 0.292803  1.68132
0.929737 0.154008 0.292485  1.68061
0.930748 0.151843  0.29317  1.68287
0.926892 0.142037 0.295573  1.67558
0.924935 0.140958 0.293629  1.67117
0.925997 0.146227 0.295864  1.67417
0.925985 0.142621 0.295688  1.67362
0.928827 0.149787 0.294004  1.67883
0.927081 0.150619 0.295557  1.67606
0.928276  0.15449 0.293844  1.67813
0.928057 0.150616 0.293726  1.67705
0.931309 0.140596 0.292724  1.68284
0.929104 0.141499 0.294684  1.67924
0.930101  0.14554 0.293186  1.68101
0.930098 0.141359 0.293154  1.68035
0.927995 0.142322  0.29478  1.67685
0.927066 0.146681  0.29527  1.67548
0.928873 0.146216  0.29371  1.67841
0.928039 0.146092 0.294987  1.67754
 0.770579  0.166503 -0.493951    1.4271
 0.770541  0.166558 -0.493567   1.42693
  0.77048  0.166662 -0.494002   1.42696
 0.770568  0.166628 -0.493957   1.42711
 0.770784  0.166313 -0.493469   1.42734
 0.770656  0.166511 -0.493533   1.42714
 0.770686  0.166453 -0.493914   1.42729
 0.770669  0.166367 -0.493523   1.42713
 0.770973  0.166643 -0.493613   1.42795
 0.770935  0.166296 -0.493341   1.42765
 0.771157  0.166439 -0.493634   1.42829
 0.771024  0.166502 -0.493598   1.42801
 0.770211  0.165779 -0.495218   1.42699
 0.770252  0.165854 -0.495544   1.42718
  0.77024  0.165792 -0.495308   1.42707
 0.770213  0.165818 -0.495302   1.42702
 0.770162  0.165841 -0.494982   1.42682
 0.770143  0.165922 -0.495365   1.42695
 0.770185  0.165795 -0.495106    1.4269
 0.770137  0.165865 -0.495083    1.4268
  0.77027  0.165835 -0.495375   1.42715
 0.770362   0.16589 -0.495578   1.42737
 0.770299  0.165905 -0.495413   1.42721
 0.770298  0.165882 -0.495426   1.42721
 0.770128  0.166252 -0.494476   1.42656
 0.770012  0.166296 -0.494745    1.4265
 0.770127  0.166124 -0.494591    1.4266
 0.770068  0.166233 -0.494549   1.42648
 0.770256  0.165837 -0.495379   1.42712
 0.770266  0.165864 -0.495591   1.42721
0.770335 0.165867  -0.4956  1.42732
0.770309 0.165859 -0.49558  1.42729
 0.779027  0.171037 -0.493624   1.44378
 0.780714  0.169212 -0.493062   1.44642
 0.780679  0.170697 -0.491471   1.44573
0.780366 0.170619 -0.49318  1.44608
 0.770173  0.165828 -0.495203   1.42691
 0.770131  0.165936 -0.495458   1.42694
 0.770196  0.165887 -0.495543   1.42708
 0.770196  0.165876 -0.495471   1.42707
 0.755034  0.144138 -0.499707   1.39761
 0.752859  0.144114 -0.499243   1.39324
 0.753824  0.142913 -0.498601   1.39457
 0.754087  0.143802 -0.499056   1.39554
 0.756252  0.143308 -0.499375    1.3997
 0.754956  0.142161 -0.498292   1.39652
0.756154  0.14121 -0.49801  1.39854
 0.755626  0.141995 -0.498153   1.39771
 0.751238  0.142323 -0.497259   1.38876
 0.751617  0.143682 -0.498809   1.39055
 0.750395  0.143281 -0.497596   1.38746
 0.751211  0.143003 -0.497512   1.38899
 0.748485  0.141694 -0.494032   1.38133
 0.749095  0.142736 -0.495584   1.38367
0.747574 0.142674 -0.49428  1.37984
 0.748683  0.142127 -0.494308   1.38199
  0.75027  0.139652 -0.493461   1.38417
 0.750867  0.140734 -0.494997   1.38648
  0.74931  0.140665 -0.493777   1.38263
0.750455 0.140121 -0.49378  1.38484
 0.750794   0.14142 -0.495255   1.38662
 0.749936  0.142397 -0.495557   1.38528
 0.749543  0.141148 -0.494074   1.38339
 0.749961  0.141721 -0.495316   1.38505
 0.755302  0.138226 -0.495571   1.39511
 0.755593  0.139693 -0.497099   1.39672
 0.754282  0.139233 -0.496026   1.39352
 0.755199  0.138969 -0.495875   1.39522
 0.752269  0.137542 -0.492749   1.38735
0.752878 0.138658 -0.49424  1.38966
 0.751245  0.138613 -0.493113   1.38572
 0.752452  0.138045 -0.493099   1.38805
 0.754428  0.135357 -0.491902   1.39078
0.755012  0.13653  -0.4934  1.39304
 0.753323  0.136455 -0.492354   1.38903
0.754585 0.135893  -0.4923  1.39145
 0.754861  0.137297 -0.493719   1.39308
 0.753822  0.138329 -0.494148   1.39144
  0.7535 0.136972 -0.49272  1.38972
  0.75392  0.137582 -0.493853   1.39132
 0.753313  0.142315 -0.498019   1.39324
0.752396 0.143494 -0.49865  1.39198
 0.752064  0.142065 -0.497134   1.39029
 0.752467  0.142581 -0.498146   1.39167
  0.75278  0.139392 -0.494525   1.38978
 0.751751  0.140438 -0.494906   1.38814
 0.75143 0.139105 -0.49345   1.3864
 0.751852  0.139713 -0.494618   1.38803
 0.755502  0.140362 -0.497365   1.39682
 0.754334  0.141287 -0.497627   1.39483
 0.754112  0.139927 -0.496341    1.3935
  0.75451  0.140721 -0.497421   1.39495
 0.753394  0.141575 -0.497721   1.39308
 0.752135  0.141287 -0.496807   1.39009
 0.753161  0.140219 -0.496373   1.39168
 0.753051   0.14097 -0.496703   1.39181
 0.770058  0.166079 -0.495078   1.42671
 0.770144  0.165913 -0.494849   1.42673
 0.770133  0.166009 -0.494717   1.42666
 0.770086  0.166012 -0.494813   1.42661
 0.772896  0.166515 -0.495383   1.43208
 0.772611  0.166259 -0.495755   1.43176
 0.773012  0.165964 -0.495474   1.43223
0.772761 0.166161 -0.49543  1.43176
 0.775539  0.165965 -0.488653   1.43466
 0.776205   0.16483 -0.488952   1.43592
 0.776921  0.166885 -0.490788   1.43838
 0.776242  0.165607 -0.488928   1.43614
 0.777806  0.166425 -0.491366   1.44029
 0.776916  0.164348 -0.489508   1.43753
 0.778604  0.164939 -0.492312   1.44199
 0.777709  0.165551 -0.491412   1.43993
 0.781642  0.166859 -0.494011   1.44847
 0.780511  0.165046 -0.494402   1.44637
 0.782547  0.164279 -0.494691   1.45007
 0.781246  0.165265 -0.494185   1.44742
 0.777072  0.128789 -0.486179   1.43159
 0.775018  0.128145 -0.486382   1.42754
 0.776975   0.12687 -0.484753   1.43042
 0.776761   0.12814 -0.485753   1.43076
0.782264 0.128483 -0.48182  1.43947
0.781973 0.132092  -0.4829  1.43938
 0.779371  0.130078 -0.483869   1.43486
 0.781453  0.130322 -0.482936   1.43866
0.778694 0.126796 -0.48421  1.43364
 0.781361  0.127169 -0.482917   1.43835
 0.778597  0.128868 -0.485652   1.43444
 0.778926  0.127255 -0.483702   1.43377
0.773968 0.124938 -0.48481  1.42425
 0.773576  0.127162 -0.486589   1.42469
 0.771978  0.125948 -0.486187   1.42115
 0.773294  0.126025 -0.485491   1.42344
 0.769729  0.123071 -0.483727   1.41483
 0.770144   0.12481 -0.485362   1.41688
 0.767827  0.124483 -0.484986   1.41191
 0.769686  0.123935 -0.484562    1.4154
 0.774136  0.120469 -0.480813   1.42174
 0.774397  0.122409 -0.482563   1.42357
 0.772141  0.121876 -0.482304   1.41874
 0.773959  0.121431 -0.481773   1.42211
 0.773646  0.123663 -0.483302   1.42266
  0.77161  0.124746 -0.484717    1.4195
 0.771864  0.122578 -0.483106   1.41877
 0.772241  0.123591 -0.484041    1.4202
  0.78407  0.121348 -0.477996   1.44048
 0.783023  0.124728 -0.480636   1.44018
0.781363 0.122184  -0.4801  1.43622
0.782823 0.122696 -0.47889  1.43861
 0.779147  0.117958 -0.477302   1.42963
0.779277 0.120096 -0.47928  1.43133
0.776786 0.119273 -0.47908    1.426
 0.778832  0.118893 -0.478347   1.42975
0.784856 0.115356 -0.47287  1.43854
  0.78486  0.117785 -0.474962   1.44005
 0.781787  0.116611 -0.475205   1.43368
 0.784393  0.116308 -0.474107   1.43844
 0.783628  0.119348 -0.476051   1.43834
0.780846 0.120367 -0.47825  1.43401
 0.781425  0.117605 -0.476413    1.4338
 0.781875  0.118919 -0.477333   1.43539
 0.776793   0.12601 -0.484372   1.42983
 0.774849  0.127249 -0.485936   1.42693
 0.775303  0.124956 -0.484175   1.42663
 0.775578  0.125934 -0.484998   1.42769
 0.778323  0.121443 -0.480124   1.43006
  0.77591  0.122475 -0.481766   1.42621
  0.77638  0.120039 -0.480038   1.42585
 0.776771  0.121273 -0.481048   1.42738
 0.781739  0.125917 -0.481502   1.43821
 0.779012  0.125584 -0.482908   1.43342
 0.780071  0.123419 -0.480976   1.43424
 0.780343  0.125255 -0.482392   1.43582
 0.777597  0.125021 -0.483752   1.43097
 0.776104  0.123816 -0.483509    1.4277
 0.778476  0.122862 -0.481878   1.43147
 0.777429  0.123953 -0.482637   1.42993
  0.77007  0.166046 -0.495743   1.42693
 0.769986  0.166144 -0.496007   1.42686
  0.77008  0.165993 -0.495995   1.42698
 0.770094  0.166079 -0.496008   1.42707
 0.774451  0.163632 -0.489119   1.43194
 0.774045  0.163544 -0.490935   1.43182
 0.774424   0.16249 -0.489058   1.43173
 0.774084  0.162868 -0.489247   1.43111
 0.788317  0.158036 -0.485111   1.45548
 0.790373  0.160282 -0.480034   1.45759
 0.787288  0.163303 -0.485834    1.4547
 0.789546  0.161719 -0.484413   1.45837
  0.79273  0.132145 -0.472934   1.45605
 0.796439  0.133008 -0.468948   1.46179
 0.794899  0.136633 -0.471482   1.46005
 0.795372  0.134582 -0.470898   1.46084
 0.790333  0.139188 -0.477274   1.45356
 0.793475   0.13976 -0.474161   1.45855
0.791212  0.14328 -0.47764  1.45578
 0.791857  0.140829 -0.475738   1.45614
 0.784119  0.133574 -0.481037   1.44262
 0.788034  0.131891 -0.476789   1.44833
 0.787409  0.135463 -0.478616   1.44804
 0.787339   0.13434 -0.479727   1.44869
 0.791606  0.133602 -0.474775   1.45492
 0.793717  0.137614 -0.473128   1.45859
 0.790382  0.137143 -0.476847    1.4535
 0.791379  0.135527 -0.474861   1.45432
0.778585  0.13893 -0.48725  1.43484
 0.781307  0.136013 -0.484621   1.43901
 0.782398  0.139085 -0.484183   1.44084
 0.781277  0.138121 -0.486176   1.43962
 0.778566  0.144946 -0.490591   1.43664
 0.77421 0.144335 -0.49315  1.42932
  0.77645  0.141653 -0.489317   1.43154
 0.776684  0.143956 -0.492263   1.43378
0.782771 0.141412 -0.48551   1.4422
 0.781658    0.1452 -0.489282   1.44227
 0.779186  0.141235 -0.487948   1.43627
 0.781602  0.142254 -0.486339   1.44043
 0.796052  0.147712 -0.471004   1.46325
 0.792461  0.145875 -0.476242   1.45805
 0.794979   0.14277 -0.472504   1.46129
  0.79404  0.144409 -0.472954   1.45953
 0.801501  0.139836 -0.464665   1.47109
   0.7971  0.138769 -0.470346   1.46441
 0.799257   0.13508 -0.467589   1.46733
0.798546 0.136726 -0.46627  1.46518
0.803778 0.151601  -0.4617  1.47596
 0.799734  0.149852 -0.467478   1.46973
 0.803571  0.145365 -0.463387    1.4754
 0.801635  0.147819 -0.462344   1.47104
 0.798051  0.147102 -0.467973   1.46593
 0.797005  0.141231 -0.469177   1.46366
 0.800991  0.142325 -0.464235   1.46984
 0.799782   0.14453 -0.467831   1.46936
  0.77977  0.163771 -0.494673   1.44475
 0.779443  0.161601 -0.496251    1.4444
  0.78147   0.16252 -0.495085   1.44773
 0.780704  0.162836 -0.495829   1.44699
0.770225 0.167009 -0.49417   1.4266
 0.770278  0.167055 -0.494401   1.42679
0.770301 0.167121  -0.4945  1.42688
 0.770282  0.167045 -0.494407    1.4268
 0.770153  0.166918 -0.494067   1.42645
 0.770247  0.166976 -0.494313    1.4267
  0.77019  0.166951 -0.494103   1.42652
 0.770183  0.166951 -0.494106   1.42651
 0.772665  0.167387 -0.493818   1.43097
 0.772205  0.167812 -0.494184   1.43033
 0.772356  0.167669 -0.494941   1.43099
 0.772361  0.167477 -0.494138   1.43054
 0.771032  0.167494 -0.494734   1.42866
 0.771018  0.167063 -0.494138   1.42834
 0.771326  0.167368 -0.494795   1.42923
 0.771159  0.167415 -0.494696   1.42888
 0.773763   0.16756 -0.488864   1.43154
 0.774688  0.166863 -0.488656   1.43315
 0.774803  0.168686 -0.490468   1.43448
 0.774347  0.167418 -0.488765   1.43263
0.772675 0.167385 -0.48872  1.42916
 0.771835  0.167773 -0.489323   1.42783
 0.772315  0.167315 -0.489752   1.42869
 0.772271  0.167421 -0.489185   1.42856
 0.772245  0.166829 -0.495436   1.43104
 0.772388  0.166426 -0.495594   1.43129
 0.772628  0.166682 -0.495367   1.43159
 0.772479  0.166688 -0.495564   1.43151
 0.745254  0.164724 -0.503734    1.3822
 0.747292  0.164523 -0.504827   1.38648
 0.746157   0.16622 -0.504483   1.38442
 0.745965  0.165327 -0.504397   1.38378
 0.743639  0.168526 -0.503391   1.37964
 0.745465  0.168106 -0.504195    1.3833
  0.74501  0.170113 -0.504153   1.38274
 0.744408  0.168835 -0.503949    1.3812
 0.740922  0.166043 -0.504451   1.37599
 0.743171  0.165329 -0.503846   1.37905
 0.742254  0.167271 -0.503758    1.3776
 0.741829  0.166111 -0.503647   1.37645
 0.743973  0.165451 -0.503439   1.37969
 0.744956  0.166954 -0.504088   1.38198
 0.743083  0.167337 -0.503307   1.37824
 0.744297  0.166556 -0.503585   1.38065
 0.770108  0.165927 -0.494951    1.4267
 0.770023  0.166093 -0.495198   1.42668
 0.770072  0.166005 -0.495341   1.42681
 0.770097  0.165991 -0.495231   1.42683
 0.777555   0.17347 -0.493024   1.44091
 0.778355  0.172108 -0.493845   1.44277
 0.779937  0.172166 -0.491719   1.44468
 0.778555  0.172427 -0.492697   1.44252
 0.771482  0.166532 -0.494273    1.4292
  0.77161  0.166274 -0.494454   1.42948
  0.77185  0.166746 -0.494979   1.43018
0.771649 0.166432 -0.49444  1.42959
 0.773527  0.166812 -0.488207   1.43053
 0.773712  0.166053 -0.488557   1.43074
 0.774344  0.166047 -0.487831   1.43188
0.773811 0.166239 -0.48812  1.43094
 0.770944  0.166134 -0.493338   1.42763
 0.771045  0.165905 -0.493328    1.4278
 0.771177  0.166292 -0.493628   1.42829
  0.77106  0.166064 -0.493319   1.42786
0.771497 0.176363 -0.48256   1.4255
 0.768529  0.176875 -0.482063   1.42018
 0.768945  0.175736 -0.485475   1.42172
 0.769327  0.176458 -0.483272   1.42152
0.770737 0.166051 -0.49386   1.4273
  0.77077  0.166148 -0.493467   1.42727
 0.770661  0.166306 -0.493916   1.42721
 0.770768  0.166238 -0.493854    1.4274
0.769932 0.166389  -0.4952  1.42657
 0.769882   0.16649 -0.495739    1.4267
  0.76997  0.166274 -0.495385    1.4267
 0.769885  0.166402 -0.495341   1.42652
 0.770783  0.166261 -0.494444   1.42765
 0.770695  0.166501 -0.494488   1.42754
0.770667 0.166442  -0.4948   1.4276
 0.770673  0.166338 -0.494471   1.42745
 0.772051  0.166626 -0.495157   1.43063
 0.771776  0.166151 -0.494666   1.42988
 0.772188  0.166289 -0.495396   1.43092
 0.771993  0.166431 -0.495177   1.43048
 0.770677  0.165822 -0.494835   1.42751
0.770606  0.16606 -0.49508  1.42753
 0.770572  0.165963 -0.495275   1.42754
 0.770636  0.165932 -0.495147   1.42761
 0.770326  0.165998 -0.495421   1.42726
 0.770452  0.166023 -0.495461   1.42746
 0.77035 0.166113  -0.4954  1.42729
 0.770376  0.166046 -0.495429   1.42735
 0.770426  0.165807 -0.495639   1.42744
 0.770404  0.165681 -0.495624   1.42733
 0.770508  0.165649 -0.495408   1.42742
 0.770469  0.165748 -0.495564   1.42744
 0.770365  0.166242 -0.495354    1.4273
 0.770491   0.16624 -0.495238   1.42743
 0.770377  0.166374 -0.495285   1.42729
 0.770424  0.166282 -0.495323   1.42739
 0.770689  0.166092 -0.494451   1.42742
 0.770587  0.166279 -0.494803   1.42741
 0.770596  0.166161 -0.494909   1.42745
 0.770668  0.166193 -0.494837   1.42757
 0.770443  0.166417 -0.495254   1.42741
0.770555 0.166252 -0.49517  1.42753
 0.770559  0.166361 -0.495063    1.4275
 0.770511  0.166357 -0.495127   1.42743
 0.808881  0.162532 -0.449122   1.48349
 0.807182  0.156107 -0.455701   1.48144
 0.813578  0.153721 -0.448076   1.49126
 0.808909  0.156148 -0.448798   1.48203
 0.820933  0.157361 -0.431388   1.50001
 0.819928  0.149761 -0.438199   1.49954
 0.826768  0.147519 -0.429161   1.50973
 0.821699  0.149908 -0.430803   1.49989
 0.831263  0.165063 -0.415653   1.51734
  0.83587  0.147211 -0.417264   1.52421
 0.851445  0.150072 -0.401132   1.55277
 0.837297  0.153191 -0.411014   1.52652
 0.814745  0.173008 -0.431345    1.4906
 0.818888  0.165027 -0.427603   1.49567
 0.821625   0.16978 -0.424429   1.50145
 0.819026  0.168901 -0.429144   1.49804
 0.821838  0.159309 -0.426411   1.50031
 0.828719  0.149471 -0.421359   1.51086
 0.826658  0.164003 -0.421797   1.51012
 0.826126  0.158822 -0.422794   1.50777
 0.802869  0.178455 -0.443024   1.47205
 0.806296  0.170087 -0.441977   1.47657
 0.808895  0.175654 -0.437484   1.48145
 0.806899   0.17463 -0.441498   1.47911
  0.81089  0.162812 -0.441794   1.48442
 0.816613  0.153091 -0.437576   1.49257
 0.817234  0.158897 -0.432671    1.4929
 0.816636  0.160391 -0.440221   1.49556
 0.809077  0.164183 -0.441344   1.48094
 0.815761  0.162992 -0.433933   1.49152
 0.812321  0.170932 -0.436192   1.48723
 0.811477  0.165312 -0.435109   1.48334
 0.801211  0.163872 -0.456866   1.47089
  0.80381  0.158043 -0.455906   1.47469
 0.805003  0.163677 -0.450759   1.47629
 0.804107  0.162772 -0.456004   1.47638
 0.797106  0.173526 -0.452175   1.46302
 0.803597  0.169362 -0.446609     1.473
 0.800986  0.176438 -0.447879    1.4702
 0.800856  0.173517 -0.448051   1.46887
0.793598 0.169863 -0.46371  1.45922
 0.797884  0.168356 -0.460074   1.46627
0.795081 0.172946 -0.45983  1.46171
 0.794846  0.170158 -0.460526   1.46049
 0.800381  0.168314 -0.456889   1.47009
 0.803455  0.168991 -0.451012   1.47426
 0.797245  0.173048 -0.455703   1.46441
 0.800605  0.169385 -0.454672   1.47016
 0.742987  0.158322 -0.503907   1.37898
 0.741147  0.158433 -0.502957   1.37514
 0.741768  0.157334 -0.502623   1.37595
0.742092 0.158065 -0.50291  1.37691
 0.743855  0.157633 -0.503743   1.38046
 0.742604  0.156716 -0.502462   1.37738
 0.743406   0.15589 -0.502523   1.37879
 0.743151  0.156491 -0.502544   1.37842
 0.739566   0.15684 -0.500355   1.37039
 0.740063  0.158125 -0.502042   1.37252
 0.738968  0.157723 -0.500458   1.36946
 0.739636  0.157415 -0.500502   1.37074
 0.737131  0.155989 -0.496088   1.36285
 0.737778  0.157086 -0.497904    1.3655
 0.736394  0.156918 -0.496155   1.36163
 0.737372  0.156384 -0.496284   1.36354
0.738507 0.154181 -0.49594  1.36511
0.739111 0.155261 -0.49777  1.36767
   0.7378  0.155066 -0.496035   1.36395
 0.738727  0.154569 -0.496146   1.36576
 0.739125  0.155826 -0.497929   1.36792
 0.738506  0.156718 -0.498003   1.36693
 0.738055  0.155467 -0.496229   1.36467
 0.738448  0.156143 -0.497858    1.3666
 0.742267   0.15334 -0.499874    1.3747
 0.742714  0.154584 -0.501543    1.3767
 0.741668  0.154169 -0.500012   1.37377
 0.742309   0.15389 -0.500032   1.37499
 0.739936  0.152471 -0.495731   1.36746
 0.740532  0.153522 -0.497514   1.36996
 0.739244  0.153329 -0.495829   1.36632
 0.740147  0.152844 -0.495931   1.36809
 0.741281  0.150811 -0.495543   1.36968
 0.741847  0.151826 -0.497318    1.3721
 0.740618  0.151626 -0.495644   1.36859
 0.741479  0.151167 -0.495738   1.37027
 0.741842  0.152356 -0.497481    1.3723
 0.741225  0.153189 -0.497585   1.37131
 0.740827  0.151988 -0.495837   1.36921
 0.741196  0.152646 -0.497432   1.37104
 0.741283  0.156805 -0.501627   1.37444
0.740696 0.157887   -0.502   1.3737
 0.740215  0.156569 -0.500334   1.37161
 0.740634  0.157087 -0.501638   1.37321
 0.740523  0.154081 -0.497682   1.37017
0.739797 0.154964 -0.49781  1.36899
 0.739435  0.153696 -0.496035   1.36692
 0.739815  0.154395 -0.497636    1.3688
 0.742755  0.155094 -0.501679   1.37697
 0.741974  0.155879 -0.501596   1.37557
 0.741615   0.15468 -0.500195   1.37388
 0.742022  0.155468 -0.501506   1.37552
 0.741242  0.156212 -0.501463   1.37413
 0.740183  0.155922 -0.500134   1.37129
 0.740891  0.155007 -0.499984   1.37241
 0.740896  0.155591 -0.500176   1.37266
 0.733885  0.176398 -0.502652   1.36464
 0.735614  0.175641 -0.503795   1.36811
 0.735206  0.178169 -0.503282   1.36758
 0.734518  0.176653 -0.503134   1.36579
 0.733231  0.181654 -0.501436   1.36381
 0.734921  0.180718 -0.502611   1.36715
 0.734781  0.183404 -0.501855   1.36705
 0.733897  0.181817 -0.501783   1.36489
0.730905 0.176143 -0.49916  1.35691
 0.732274  0.176293 -0.501051   1.36064
 0.731831  0.177482 -0.500538   1.35976
  0.73148    0.1769 -0.500572   1.35895
 0.730459  0.178926 -0.498281   1.35615
 0.731656  0.178845 -0.500059   1.35946
 0.731703  0.180361 -0.499957    1.3598
0.731066 0.179356 -0.49979  1.35824
 0.728392  0.175762 -0.494174   1.34875
0.729665 0.175848 -0.49628  1.35265
 0.729373  0.177182 -0.495944   1.35217
 0.728929  0.176422 -0.495921    1.3511
 0.730163  0.176718 -0.498587   1.35524
0.731104 0.178053 -0.50006  1.35819
 0.729897  0.178066 -0.498257   1.35482
0.730608 0.177481 -0.49863  1.35633
 0.734027  0.179895 -0.502605   1.36526
 0.732279  0.180727 -0.501376   1.36171
0.732262 0.179244  -0.5015  1.36144
 0.732909  0.180031 -0.501639   1.36296
0.734558 0.179015  -0.5026  1.36609
 0.732808  0.178422 -0.501483    1.3623
0.733267 0.177211 -0.50194  1.36316
 0.733513     0.178 -0.501787   1.36373
 0.774448  0.175506 -0.490685   1.43404
 0.776286  0.174686 -0.492021   1.43812
 0.777388  0.175016 -0.488396    1.4386
 0.776092  0.174863 -0.490144   1.43692
 0.784424  0.167528 -0.489585   1.45163
 0.782278  0.170196 -0.490525   1.44833
  0.78219  0.168552 -0.492737   1.44906
 0.782648  0.168322 -0.490416   1.44861
 0.773656    0.1654 -0.493015   1.43219
 0.773379  0.165392 -0.494503   1.43233
 0.773712  0.164554 -0.492894   1.43212
0.773416 0.164824  -0.4931  1.43163
  0.76497  0.143417 -0.497301    1.4137
  0.76427  0.146505 -0.498985   1.41334
 0.762605  0.144655 -0.498235   1.40981
 0.763602   0.14462 -0.497655   1.41137
 0.759723  0.141775 -0.498568   1.40514
 0.759988   0.14377 -0.498826    1.4055
 0.757746  0.143662 -0.499587   1.40212
 0.759359   0.14324 -0.499233   1.40506
 0.764811  0.138646 -0.495783   1.41302
   0.7647  0.141124 -0.496561   1.41291
  0.76234  0.140334 -0.497171   1.40918
 0.764087   0.14016 -0.496498   1.41224
  0.76413  0.142273 -0.497114   1.41228
 0.761707  0.143552 -0.498203   1.40842
  0.76166  0.141595 -0.497795    1.4084
 0.762287  0.142524 -0.497756   1.40911
 0.769902  0.166619 -0.494788   1.42638
 0.769823  0.166751 -0.495332   1.42648
 0.769908  0.166506 -0.494998   1.42646
 0.769844  0.166647 -0.494939   1.42633
 0.775899   0.16264 -0.488127   1.43465
 0.774947   0.16164 -0.488036   1.43244
0.775793 0.161306 -0.48892  1.43465
 0.775375  0.161857 -0.488305   1.43352
 0.769854   0.16697 -0.494856   1.42638
 0.769915  0.166729 -0.494583   1.42632
 0.769945  0.166805 -0.494369   1.42629
 0.769891  0.166859 -0.494518   1.42626
 0.777586  0.173792 -0.491589   1.44031
 0.780116  0.172387 -0.489859   1.44414
  0.77892  0.173824 -0.487875   1.44115
 0.778976  0.173722 -0.490256   1.44235
 0.773255  0.166212 -0.489041   1.43003
 0.773052  0.166921 -0.488601   1.42976
 0.772622  0.166859 -0.489656   1.42916
 0.773029  0.166771 -0.489111   1.42974
 0.769942  0.167016 -0.494266   1.42628
 0.769985  0.166855 -0.494175   1.42626
  0.77004  0.166901 -0.494041   1.42629
 0.769996   0.16694 -0.494126   1.42627
 0.772619  0.167056 -0.492619   1.43028
 0.772352  0.167146 -0.491373   1.42929
 0.772142  0.167539 -0.493122   1.42967
0.772451 0.167479 -0.49267  1.43006
 0.772089  0.167746 -0.495109   1.43057
 0.771936  0.167862 -0.494499   1.42997
 0.771704  0.168034 -0.495316      1.43
 0.771942  0.167992 -0.495154   1.43036
 0.770957  0.168325 -0.495713   1.42885
 0.771321  0.168223 -0.495522   1.42942
 0.771094  0.168299 -0.495201   1.42878
 0.771116  0.168339 -0.495586   1.42906
 0.769852  0.166757 -0.494726   1.42627
 0.769785  0.167013 -0.495026   1.42632
 0.769766  0.166902 -0.495265   1.42635
 0.769824  0.166865 -0.495098   1.42641
 0.772022  0.167744 -0.495417   1.43068
 0.771646  0.167978 -0.495493   1.43005
  0.77167  0.167625 -0.495308   1.43006
0.771789 0.167809 -0.49545  1.43028
 0.770313  0.166883 -0.493775   1.42666
 0.770196  0.167003 -0.493806   1.42653
 0.770218  0.166913 -0.493925   1.42653
  0.77022  0.166928 -0.493796   1.42649
 0.770568  0.166932 -0.493638    1.4272
 0.770603  0.166683 -0.493438    1.4271
 0.770773   0.16681 -0.493629   1.42759
 0.770657  0.166851 -0.493613   1.42735
 0.772093  0.167556 -0.491453    1.4289
 0.771496  0.167892 -0.492096   1.42808
 0.771918  0.167876 -0.493191   1.42933
 0.771795  0.167577 -0.492004   1.42857
 0.770479  0.166951 -0.493639   1.42702
 0.770384  0.166838 -0.493604   1.42672
0.770508 0.166724  -0.4935  1.42692
 0.770448  0.166812 -0.493514   1.42683
  0.77059  0.167904 -0.495244   1.42808
 0.770861  0.167893 -0.495238   1.42858
 0.770783   0.16818 -0.495681   1.42859
 0.770699  0.167917 -0.495289   1.42829
 0.770359  0.166935 -0.494053   1.42681
 0.770281  0.166984 -0.494166   1.42671
 0.770352  0.167084 -0.494508   1.42698
 0.770281   0.16695 -0.494163    1.4267
 0.770333  0.166896 -0.493619   1.42664
 0.770385  0.166999 -0.493667   1.42685
 0.770224  0.167017 -0.493739   1.42656
 0.770328  0.166996 -0.493708   1.42675
 0.968739  0.184743 0.0859703   1.74049
0.965853 0.174593 0.094742  1.73382
 0.964726  0.187047 0.0822958   1.73232
 0.967183   0.18644 0.0873348   1.73848
 0.970986  0.192291 0.0523377    1.7451
 0.965829  0.194603 0.0614677   1.73508
 0.969598  0.193054 0.0345859   1.74272
 0.969119  0.201969 0.0537475   1.74416
 0.974125  0.181397 0.0696251   1.74856
 0.971437  0.186145 0.0763509   1.74467
 0.972571  0.187565 0.0628828   1.74675
 0.972793  0.189612 0.0715172   1.74813
 0.969889  0.193282 0.0788096   1.74401
 0.967238  0.198085 0.0737203   1.73987
 0.970949  0.197269 0.0653129   1.74656
 0.968976  0.191493 0.0718456   1.74128
 0.979412  0.165177 0.0140741   1.75932
  0.975633    0.17975 0.00774632    1.75443
    0.9819   0.152641 -0.0144136    1.76553
 0.978055  0.171627 0.0117356   1.75896
   0.988802    0.110209 0.000779242      1.7741
  0.988924   0.120997 -0.0256628    1.77869
  0.993426   0.078363 -0.0267871    1.78573
   0.988671    0.100569 0.000690909     1.77466
 0.983736  0.144544 0.0376557   1.76423
 0.982254  0.155092 0.0245188   1.76285
 0.985677  0.137624 0.0210445   1.76853
 0.983549  0.145486 0.0354391   1.76462
 0.981615   0.15557 0.0219489   1.76299
   0.983453    0.138324 -0.00264171     1.76695
 0.985939  0.123265 0.0184768   1.76842
    0.984326     0.141609 -2.42172e-06      1.76766
  0.97826  0.167149 0.0655828   1.75451
 0.976215  0.173707 0.0674607   1.75144
0.977338  0.16955 0.058447  1.75306
  0.97743  0.173407 0.0649831    1.7542
 0.979553  0.165423 0.0675221   1.75752
 0.979038  0.168356 0.0574099   1.75697
 0.981166  0.158638 0.0551578   1.76041
 0.979488  0.159169 0.0631727   1.75674
 0.973483  0.192639 0.0490798   1.75084
 0.972936  0.193402 0.0308554    1.7509
 0.977232  0.176695 0.0330192   1.75625
 0.974708  0.182817 0.0309239   1.75149
  0.97947  0.167726 0.0545095   1.75843
 0.980305  0.162288 0.0394707   1.75969
 0.982232  0.150764 0.0499166   1.76198
 0.980878  0.161576 0.0413008   1.76026
 0.975203  0.181448 0.0681877   1.75098
 0.974175  0.187797 0.0606358   1.75035
0.976512 0.178279  0.05897   1.7532
 0.975344   0.17839 0.0603194   1.75047
  0.97486  0.182482 0.0487642   1.75065
 0.978236  0.170799 0.0337702   1.75615
 0.977726  0.173977 0.0505482   1.75513
 0.976846  0.178919 0.0497441   1.75475
 0.872667  0.426111 0.0822642   1.59425
 0.881021  0.418091 0.0645134   1.60692
 0.884567  0.409052 0.0877057   1.61255
 0.878078  0.409614 0.0767862   1.59712
0.881277 0.402691 0.124953  1.60721
0.887996 0.398499 0.108748  1.61767
0.891309 0.387824 0.127346  1.62282
0.885816 0.389462 0.118925  1.60988
0.870355 0.408144  0.13011  1.58658
0.862208 0.406493 0.133279   1.5681
0.863056  0.41346 0.121768  1.57164
0.865354 0.410242  0.12922  1.57628
0.871681 0.419693 0.120153  1.59377
0.864687 0.425451  0.11159  1.57996
 0.867213  0.429978 0.0992127   1.58629
0.866325 0.418556 0.109188  1.57978
 0.870208  0.415477 0.0959209   1.58474
  0.88209  0.399901 0.0997157   1.60384
0.874419 0.404858 0.116421  1.59155
0.876969  0.41388 0.105163  1.60027
 0.819773  0.469739 -0.106486   1.50655
 0.804053  0.466284 -0.104199   1.47039
 0.807555  0.465333 -0.122608   1.48018
  0.81057  0.467191 -0.111711   1.48592
 0.823324  0.474816 -0.126408   1.52036
 0.811568  0.470245 -0.141745   1.49511
 0.816849  0.467639 -0.157505   1.50812
 0.813974  0.463806 -0.140322   1.49634
 0.843433  0.436992 -0.152738   1.54639
 0.826354   0.44904 -0.169277   1.52008
 0.838054  0.430995 -0.181901   1.53766
 0.833392  0.430806 -0.164703   1.52356
  0.860691    0.43734 -0.0897247    1.57463
 0.841705  0.456238 -0.105154     1.546
 0.851982  0.439767 -0.122064   1.56132
 0.848762  0.436268 -0.102013   1.54929
 0.827196  0.452767 -0.119191   1.51441
 0.821066  0.448416 -0.150144   1.50424
 0.839384  0.435953 -0.134752   1.53357
0.832164 0.454026 -0.13764   1.5291
  0.885606   0.392037 -0.0882937    1.60633
 0.872706  0.413706 -0.083391   1.58775
0.877647 0.401386 -0.10593  1.59531
  0.879905   0.404442 -0.0884511    1.59956
 0.902266  0.366081 -0.114694   1.63616
  0.910289   0.360167 -0.0827192    1.64812
   0.89971   0.374928 -0.0938134    1.63132
  0.902738   0.361943 -0.0902985    1.63228
 0.883792  0.394135 -0.112849   1.60631
 0.893728   0.37534 -0.118797     1.621
  0.891045   0.387213 -0.0967917    1.61725
 0.887864  0.382434 -0.113041   1.61007
 0.983149  0.139134 0.0323575   1.76162
 0.982575  0.146953 0.0345637   1.76046
  0.98297  0.145221 0.0285433   1.76109
 0.983013  0.146585 0.0339743   1.76164
 0.983896  0.135403 0.0209342    1.7629
 0.983371  0.143197 0.0224881   1.76178
 0.983751  0.140659 0.0168287   1.76245
 0.983784  0.142095 0.0225588   1.76289
 0.983806  0.124744 0.0303948   1.76369
   0.9839  0.123022 0.0319905   1.76413
 0.983656  0.124696 0.0330061   1.76349
  0.9838 0.125146  0.03216  1.76391
 0.983417  0.131601 0.0299097   1.76219
 0.983705  0.130755 0.0250476   1.76274
 0.983649  0.126982 0.0273151   1.76292
 0.983698  0.132185 0.0286746   1.76317
  0.98345  0.128108 0.0335204   1.76302
 0.983316  0.133227 0.0339101   1.76248
 0.983584    0.1285 0.0309406    1.7632
 0.983424  0.128111 0.0331317   1.76278
 0.983571  0.138769 0.0317734   1.76279
0.983418 0.144594 0.028194  1.76229
   0.9839  0.136815 0.0265647    1.7633
 0.983525  0.137555 0.0266624   1.76227
  0.981711   0.151705 -0.0753068    1.76084
 0.980201  0.165266 -0.076095    1.7587
  0.980286   0.156937 -0.0846855     1.7588
   0.98076    0.16076 -0.0743212    1.75965
  0.982145   0.134669 -0.0896315    1.76189
  0.980559    0.14869 -0.0938488     1.7597
 0.980749   0.13687 -0.101414   1.75998
  0.981189   0.139517 -0.0891288    1.76005
  0.983768   0.128575 -0.0716316    1.76377
  0.982798   0.134631 -0.0713872    1.76157
 0.982999  0.129685 -0.079153   1.76249
  0.983246   0.132928 -0.0713508    1.76286
  0.982517   0.144461 -0.0703413     1.7619
  0.981054   0.151194 -0.0813291    1.76001
  0.982552   0.137006 -0.0784697     1.7621
 0.982104  0.141954 -0.081781   1.76151
 0.984304  0.134523 0.0208785   1.76401
  0.98418  0.139532 0.0169876   1.76358
 0.984573   0.13223 0.0161729   1.76446
 0.984267  0.133411 0.0157533   1.76362
 0.984687  0.123215 0.0175165   1.76498
0.984666 0.126088 0.015187  1.76473
 0.984819  0.122718 0.0150169   1.76528
 0.984708  0.123536 0.0146381   1.76499
 0.985178  0.121176 0.0162087   1.76649
 0.985061    0.1213 0.0142498   1.76603
 0.985358  0.120439 0.0135738   1.76677
 0.985143  0.120136 0.0142006   1.76621
 0.984849  0.121819 0.0213976    1.7659
 0.984683  0.122911 0.0196303   1.76534
    0.985  0.121509 0.0188783   1.76614
 0.984787  0.121221 0.0194559   1.76559
 0.984645  0.122181 0.0174196   1.76508
 0.984829  0.121247 0.0147493   1.76542
  0.98493  0.120877 0.0168671   1.76584
 0.984831  0.122074 0.0171439   1.76559
 0.984008  0.125784 0.0276696    1.7638
0.984031  0.12947 0.025409  1.76358
 0.984161  0.125269 0.0249897   1.76412
  0.98403  0.126257 0.0245445   1.76379
 0.984459  0.122848 0.0263227   1.76527
  0.98437   0.12337 0.0242711   1.76484
 0.984647  0.122171 0.0238189   1.76555
 0.984442  0.122091 0.0241413   1.76504
  0.98411  0.123331 0.0314533   1.76468
 0.983952  0.124923 0.0298565   1.76411
 0.984273  0.123188 0.0289565   1.76494
 0.984045  0.122911 0.0294907   1.76435
 0.983921  0.124335 0.0273899   1.76384
 0.984122  0.123481 0.0245606    1.7642
 0.984204  0.122698 0.0267657   1.76462
 0.984119  0.124143 0.0271878   1.76439
 0.984545  0.122692 0.0202294   1.76494
 0.984654  0.121512 0.0219658   1.76538
 0.984422  0.122871 0.0227734   1.76478
 0.984548  0.123242 0.0220105   1.76515
  0.98413   0.12821 0.0192972   1.76345
 0.984364  0.127104 0.0149459   1.76394
 0.984351  0.124314 0.0171707   1.76417
  0.98437  0.128573 0.0182568   1.76432
 0.984225  0.125636 0.0230743   1.76431
 0.98407 0.129929 0.023087  1.76374
 0.984323  0.125884 0.0205515   1.76445
 0.984187  0.125558 0.0226099   1.76407
0.985149 0.120549 0.011181  1.76601
 0.985305  0.119806 0.0123357   1.76651
 0.985065  0.120823 0.0133017    1.7659
 0.985173  0.121096 0.0123121   1.76621
  0.984745   0.124754 0.00952768    1.76468
  0.984978   0.122832 0.00534551     1.7652
  0.984943    0.12171 0.00815834    1.76532
  0.984941   0.124491 0.00903545     1.7654
 0.984869  0.122967 0.0134272   1.76543
  0.98469  0.126408 0.0132484   1.76485
 0.984925  0.123132 0.0113082   1.76551
 0.984823  0.122907 0.0130508   1.76522
  0.98445  0.135258 0.0063536   1.76381
 0.984581  0.130959 0.0105798   1.76421
0.984147 0.138307 0.011453  1.76324
 0.984469  0.136559 0.0121338    1.7641
   0.985016    0.129732 -0.00120367     1.76504
  0.985128   0.126179 0.00216516    1.76542
  0.984788   0.132498 0.00238623    1.76454
   0.98504   0.130693 0.00350934    1.76523
 0.985157  0.127071 0.0066215   1.76563
 0.984932  0.129557 0.0110186   1.76518
   0.98482   0.133454 0.00712408    1.76478
  0.984906   0.128572 0.00594429    1.76492
   0.985657    0.122686 -0.00434606     1.76647
   0.985359     0.12837 -0.00359271     1.76578
   0.985384    0.128217 -0.00797126     1.76577
   0.985525       0.129 -0.00574538     1.76635
  0.985731      0.122 -0.0144655     1.7666
  0.985348   0.128435 -0.0121694    1.76571
  0.985297   0.128431 -0.0175783    1.76561
  0.985516   0.129139 -0.0159526    1.76637
   0.986157    0.116402 -0.00987216     1.76786
   0.985877    0.117926 -0.00746291     1.76704
  0.985869   0.118342 -0.0124721    1.76707
  0.986016   0.119654 -0.0101246     1.7677
   0.985766     0.12377 -0.00780126     1.76702
 0.985467   0.12902 -0.010796   1.76625
  0.985804   0.122928 -0.0127821    1.76705
  0.985585   0.122306 -0.0102536    1.76628
 0.979377   0.16854 0.0566806   1.75544
 0.979713  0.162242 0.0593775   1.75595
 0.978946  0.168489 0.0618655   1.75476
 0.979413   0.16925 0.0602757   1.75598
 0.977302  0.182019 0.0571284   1.75169
 0.977939  0.181422 0.0462171   1.75267
 0.978554  0.173783 0.0509429   1.75353
 0.978189   0.18419 0.0539187   1.75423
 0.978195  0.175683 0.0633507   1.75384
 0.977247   0.18483 0.0645289    1.7526
 0.978509  0.176643 0.0583285   1.75439
 0.978014   0.17576 0.0625804   1.75324
  0.985915    0.12289 -0.0190331    1.76732
  0.985456    0.12926 -0.0219842    1.76631
  0.985832   0.122884 -0.0239173    1.76713
  0.985663   0.122255 -0.0204681    1.76649
  0.986634   0.116413 -0.0230849    1.76919
  0.986595   0.116758 -0.0205176     1.7691
  0.986421   0.116377 -0.0215624    1.76856
  0.986482   0.115822 -0.0214399     1.7687
  0.986149   0.118081 -0.0258002    1.76792
 0.986733  0.116603 -0.027658   1.76948
  0.986711   0.116351 -0.0251285    1.76936
  0.986436   0.116288 -0.0256585    1.76864
  0.986345   0.116309 -0.0216341    1.76829
  0.986154   0.117875 -0.0229727     1.7678
 0.986495  0.116083 -0.023555   1.76875
 0.986308  0.116397 -0.023657   1.76826
  0.986033   0.118738 -0.0155323    1.76765
  0.986564   0.117322 -0.0174533    1.76903
 0.986592  0.117126 -0.014799   1.76906
  0.986278   0.116983 -0.0154739    1.76824
  0.986085   0.118419 -0.0129292    1.76767
  0.986421    0.11666 -0.0127626    1.76855
  0.986429   0.116411 -0.0101929    1.76855
0.986307 0.116557 -0.01255  1.76825
  0.986135   0.117093 -0.0179104    1.76747
  0.985987   0.118449 -0.0230371    1.76725
  0.986134   0.116037 -0.0210416    1.76765
  0.986131   0.119704 -0.0219134    1.76794
  0.985901   0.117525 -0.0172913     1.7672
  0.986089   0.116357 -0.0205757    1.76768
  0.986261   0.116421 -0.0190673    1.76819
  0.986132   0.117711 -0.0187663    1.76792
  0.986096   0.116585 -0.0280326    1.76743
 0.985966  0.117244 -0.033045   1.76725
  0.986126   0.115332 -0.0310853    1.76771
  0.986105   0.118502 -0.0320212    1.76789
  0.985972    0.11705 -0.0274364     1.7674
  0.986158   0.115928 -0.0305413    1.76794
  0.986368   0.115845 -0.0292126    1.76852
  0.986209   0.117085 -0.0289262    1.76815
 0.985125  0.127428 -0.030333   1.76527
  0.985674   0.121708 -0.0258183    1.76649
  0.985197   0.128337 -0.0237906    1.76542
 0.985392  0.128889 -0.027937   1.76619
  0.985083   0.124513 -0.0419867     1.7653
  0.985612   0.119584 -0.0370474    1.76639
   0.98517   0.126431 -0.0356307    1.76543
  0.985333   0.126821 -0.0384242    1.76614
  0.985823   0.121476 -0.0341477     1.7671
  0.985895   0.122184 -0.0294581    1.76727
  0.985394   0.127697 -0.0333668    1.76617
  0.985636   0.121153 -0.0314247    1.76645
  0.985591   0.116307 -0.0477943    1.76658
   0.98512   0.122498 -0.0472897    1.76551
  0.985166   0.120022 -0.0512467    1.76572
  0.985337   0.122113 -0.0482674    1.76626
  0.985437   0.116759 -0.0583718     1.7668
  0.985062   0.122146 -0.0558627    1.76594
   0.98464   0.123085 -0.0613246    1.76522
  0.985047   0.121048 -0.0615749    1.76616
   0.98638   0.110203 -0.0534017    1.76871
  0.986012   0.112007 -0.0503134    1.76764
 0.985837  0.111252 -0.056587   1.76746
  0.986137   0.113233 -0.0546824    1.76839
  0.985832   0.116751 -0.0522858    1.76756
  0.985378   0.120517 -0.0561095    1.76669
  0.985655    0.11559 -0.0583774    1.76736
  0.985558    0.11501 -0.0538309    1.76668
 0.981518  0.162537 0.0339085   1.75886
 0.981972  0.155032 0.0374059    1.7595
 0.981217  0.162776 0.0398833   1.75841
 0.981651  0.163532 0.0381197   1.75959
 0.979039  0.176959 0.0337995   1.75422
 0.979651  0.175029 0.0224606   1.75522
 0.980434  0.168373 0.0279815   1.75654
 0.979952  0.178388 0.0304133   1.75678
 0.980381  0.170884 0.0411081   1.75734
 0.979209  0.180213 0.0414206   1.75554
 0.980588  0.171512 0.0352083    1.7577
 0.980115  0.170687 0.0398301   1.75651
  0.985441    0.11513 -0.0662509    1.76718
  0.984593   0.121568 -0.0688978     1.7655
  0.984852    0.11572 -0.0734035    1.76622
  0.984919   0.117124 -0.0663022    1.76599
  0.986321    0.10675 -0.0728384    1.76941
  0.986475   0.107522 -0.0691383    1.76962
   0.98608   0.106997 -0.0697267    1.76856
  0.986182   0.106748 -0.0696262    1.76883
  0.985281   0.110135 -0.0765376    1.76726
  0.986129   0.107534 -0.0801339    1.76954
  0.986298   0.107208 -0.0760747    1.76961
  0.985698   0.108403 -0.0761423    1.76823
  0.985866    0.10893 -0.0693685    1.76817
  0.985343   0.111734 -0.0717357    1.76719
  0.985964   0.107894 -0.0728797     1.7686
  0.985717   0.107958 -0.0720932    1.76789
  0.985922   0.110683 -0.0617741    1.76798
  0.986625   0.109079 -0.0648267    1.76986
  0.986763   0.109663 -0.0610221    1.77004
  0.986263   0.109648 -0.0615582    1.76881
  0.986067   0.111511 -0.0579381    1.76817
   0.98668   0.109979 -0.0577693    1.76966
  0.986739   0.110317 -0.0541852    1.76967
  0.986471   0.109612 -0.0568412    1.76905
  0.985934   0.110306 -0.0632163    1.76786
 0.985305  0.111929 -0.071106   1.76693
  0.985786   0.108614 -0.0678465    1.76778
  0.985737   0.111834 -0.0702206    1.76808
  0.985707   0.109381 -0.0627034    1.76735
  0.985772   0.107334 -0.0673832    1.76765
  0.986113   0.107693 -0.0660997    1.76852
  0.985891   0.109124 -0.0662889    1.76807
  0.974595   0.210853 0.00359804    1.74858
  0.977847   0.195931 0.00357769    1.75383
 0.976321  0.202955 0.0166326   1.75125
  0.976253   0.203445 0.00179225    1.75119
 0.976013  0.143243 -0.133896   1.75352
  0.97715   0.13226 -0.133283   1.75526
 0.978107  0.135303 -0.125434   1.75676
 0.977074  0.132642 -0.130598   1.75454
 0.979444  0.137483 -0.119077   1.75943
 0.980729  0.139774 -0.111951   1.76179
 0.979215   0.14681 -0.121052   1.75993
 0.979618   0.13684 -0.116149   1.75913
0.978247 0.135428 -0.12271  1.75658
 0.977682  0.143389 -0.125293   1.75616
   0.9764   0.14333 -0.132029   1.75395
 0.977743  0.144064 -0.130068   1.75714
 0.971858  0.147191 -0.156741   1.74754
0.973803 0.150058 -0.14636  1.75075
 0.970804  0.159515 -0.158067    1.7466
 0.971918  0.146713 -0.152805   1.74663
 0.975143  0.123305 -0.154143   1.75285
 0.975467  0.120048 -0.158073   1.75395
0.976362 0.119338 -0.15136  1.75497
 0.975575  0.119107 -0.152362   1.75315
 0.975339  0.129111 -0.152758   1.75365
 0.976982  0.128815 -0.144493   1.75624
 0.975673  0.134712 -0.150947   1.75459
 0.975819  0.128028 -0.145915   1.75346
 0.974059  0.131482 -0.153627   1.75087
  0.97421  0.134945 -0.151761   1.75111
  0.97286  0.137011 -0.156445   1.74882
 0.973904  0.134042 -0.156406   1.75101
 0.976562  0.118008 -0.144451   1.75421
0.977018     0.12 -0.13783  1.75446
 0.975442  0.122128 -0.147598   1.75236
 0.976436   0.12121 -0.146709   1.75458
 0.974285  0.136997 -0.141706   1.74953
0.972301 0.135655 -0.15254  1.74649
 0.973715  0.132251 -0.146716   1.74863
  0.97357   0.13979 -0.149638   1.74972
 0.975225  0.140558 -0.139286   1.75197
 0.974839  0.134864 -0.144556   1.75142
 0.976264  0.129314 -0.139238   1.75354
 0.975371   0.13798 -0.138867    1.7523
 0.973651  0.200541 0.0584407   1.74538
  0.97535  0.191495 0.0635418    1.7485
 0.973032  0.199213 0.0732533   1.74449
 0.974315  0.203359 0.0666161   1.74812
 0.966211    0.1588 -0.178751   1.73933
 0.967776  0.164388 -0.168863   1.74177
 0.964737  0.170153 -0.179294   1.73719
 0.966186   0.16017 -0.176975   1.73869
 0.959671  0.168867 -0.200923    1.7295
 0.961341  0.174915 -0.190043   1.73186
0.957876 0.179907 -0.20082   1.7266
 0.959514  0.170552 -0.198818   1.72848
0.964246 0.141538 -0.19821  1.73662
 0.964931  0.136003 -0.198574   1.73771
 0.965596  0.138395 -0.193755   1.73858
 0.964888  0.136458 -0.197059   1.73726
 0.965374  0.152613 -0.189312   1.73868
 0.962041   0.15819 -0.200248   1.73367
  0.96356  0.149735 -0.198167   1.73594
 0.963543  0.150326 -0.197235   1.73551
 0.965553  0.138628 -0.191734   1.73793
 0.965931  0.143711 -0.186824   1.73825
 0.964119     0.142 -0.195999   1.73574
0.965333 0.144493 -0.19361  1.73858
 0.964552  0.153969 -0.188033   1.73634
  0.96293  0.165717 -0.188176   1.73379
 0.961221  0.159522 -0.198947   1.73133
  0.96302  0.163963 -0.190077   1.73458
  0.984758   0.136308 -0.0330144    1.76503
  0.984955   0.135825 -0.0260081    1.76528
  0.984407    0.14276 -0.0294962     1.7643
  0.984649   0.135262 -0.0273692    1.76432
  0.983676   0.144426 -0.0422052    1.76291
  0.984551   0.136261 -0.0439886    1.76487
  0.984801   0.137176 -0.0373065    1.76522
  0.984347   0.135906 -0.0405972      1.764
  0.984179   0.142025 -0.0312019    1.76344
  0.983544   0.144017 -0.0392599    1.76227
  0.984663   0.136726 -0.0340053    1.76455
  0.984277   0.143207 -0.0380292    1.76415
 0.796251  0.439719 -0.232876   1.46759
 0.782307  0.433237 -0.230041    1.4337
 0.786025  0.429824 -0.244332   1.44413
 0.787914   0.43325 -0.236671   1.44751
 0.799554    0.4397 -0.248103   1.47935
 0.789491  0.430255 -0.259079   1.45657
 0.795177  0.426708 -0.271014   1.47078
  0.79166  0.427513 -0.257714   1.45926
 0.821161  0.406106 -0.260416   1.51015
 0.804932  0.411565 -0.276337   1.48481
 0.815737  0.395867 -0.282835   1.50106
0.811175 0.398649 -0.26982  1.48815
 0.832307   0.42395 -0.210051   1.52846
 0.815395  0.432256 -0.226915   1.50207
 0.826633  0.415162 -0.236082   1.51891
 0.821958  0.416721 -0.221057   1.50528
 0.803858  0.424767 -0.238003   1.47674
 0.799425  0.414501 -0.261957   1.46967
0.816594 0.408596 -0.24579  1.49687
 0.809816  0.422114 -0.251972   1.49245
  0.891722   0.396466 -0.0449059    1.61859
  0.878579   0.415224 -0.0647594    1.59985
  0.890232   0.393819 -0.0707278    1.61584
  0.885992   0.393106 -0.0627844     1.6053
  0.912779   0.360501 -0.0464377    1.65084
  0.912118   0.365326 -0.0162552    1.64993
  0.903197   0.378472 -0.0333663    1.63577
  0.907733   0.359422 -0.0354263    1.63819
  0.896582   0.372892 -0.0687701    1.62045
  0.908341   0.357229 -0.0571356    1.63989
  0.897386   0.375985 -0.0442123    1.62182
 0.901441   0.37704 -0.056485   1.63242
 0.786185   0.36601 -0.352049   1.45351
  0.79607  0.354045 -0.354699    1.4686
 0.800579  0.364604 -0.339323   1.47616
 0.791796  0.357843 -0.345824   1.45743
 0.795029  0.388936 -0.317975   1.46836
  0.80539  0.374971 -0.322345   1.48404
 0.810493  0.385743 -0.303507    1.4926
 0.800964  0.378482 -0.311407   1.47196
 0.777622  0.392227 -0.323774   1.43656
  0.76509  0.386457 -0.320187   1.40622
0.768366 0.382401 -0.33083  1.41555
 0.769901  0.385656 -0.325867   1.41815
 0.780745  0.389941 -0.334624   1.44656
0.771593 0.380607 -0.34174  1.42619
 0.777087  0.376973 -0.350475   1.43968
 0.773717  0.379556 -0.340918   1.42969
 0.781061  0.370092 -0.342561   1.44055
 0.796254  0.368437 -0.329282   1.46455
 0.784826  0.381417 -0.325721   1.44654
 0.790225  0.377392 -0.335658   1.46011
  0.979259   0.163981 -0.0841565     1.7573
  0.979233   0.175369 -0.0747814    1.75798
  0.977109   0.182213 -0.0878457    1.75526
  0.978506   0.172934 -0.0886315    1.75706
 0.974485  0.175774 -0.114648   1.75093
 0.97412   0.1834 -0.10414  1.74983
 0.97102 0.189237  -0.1172  1.74493
 0.973501   0.18033 -0.116952   1.74932
 0.979659  0.142333 -0.100949   1.75789
   0.97946   0.153461 -0.0936546    1.75758
 0.977565  0.155382 -0.107358   1.75473
 0.979058  0.151591 -0.106768   1.75782
  0.978663   0.161276 -0.0982372    1.75686
 0.976231  0.179421 -0.103326   1.75427
 0.976376  0.166622 -0.114573    1.7541
  0.977176   0.169861 -0.0979313    1.75459
  0.94924  0.255734 -0.152372   1.71254
0.954573 0.234311 -0.15689  1.72073
 0.956199  0.242793 -0.133302   1.72267
 0.953014  0.235587 -0.150177   1.71591
 0.931827  0.180388 -0.285551   1.68764
 0.932877  0.174302 -0.285961    1.6892
 0.934046  0.177036 -0.280986    1.6909
 0.932817  0.175351 -0.284162   1.68862
 0.933726  0.192399 -0.276903   1.69148
0.928856 0.197401 -0.28697  1.68407
0.931019 0.189077 -0.28547  1.68727
 0.930986  0.190175 -0.284052   1.68672
 0.934067  0.178058 -0.279115   1.69044
 0.934523  0.184381 -0.274781   1.69114
 0.931773  0.181658 -0.283503   1.68698
 0.933738    0.1836 -0.280929   1.69125
 0.932908  0.209388 -0.265449   1.68912
 0.935236  0.197833 -0.266058   1.69272
 0.937538  0.204287 -0.254968     1.696
 0.935053  0.200318 -0.263346   1.69162
 0.922807  0.216589 -0.286469   1.67332
 0.925544  0.206521 -0.286365   1.67779
0.927768 0.213372 -0.27605  1.68102
 0.925155  0.209511 -0.284376   1.67656
 0.927794  0.199022 -0.284338   1.68084
 0.932648  0.194015 -0.274292   1.68821
 0.930148  0.205488 -0.273933   1.68424
 0.930439  0.202615 -0.276401   1.68542
  0.76499  0.345215 -0.383753   1.41598
 0.752398  0.340307 -0.381607   1.38715
0.757792 0.337499 -0.38887  1.40053
 0.757229   0.33972 -0.386166   1.39896
 0.768292  0.342307 -0.388063   1.42339
 0.761013  0.335439 -0.394229   1.40887
 0.767616  0.332204 -0.396606   1.42173
 0.763644  0.335387 -0.392852   1.41333
 0.785409  0.325431 -0.391614   1.45133
 0.775773  0.325487 -0.399495   1.43653
 0.782292  0.316734 -0.401054   1.44599
 0.779348  0.320376 -0.395097   1.43843
 0.791955   0.34408 -0.368323   1.46178
  0.77925  0.344274 -0.378893   1.44175
 0.788243  0.334464 -0.380325   1.45552
 0.784283  0.338166 -0.373473   1.44564
0.771734 0.339115 -0.38356  1.42629
0.770934  0.33002 -0.39264  1.42504
 0.781145  0.329818 -0.384741   1.44095
 0.776684  0.334838 -0.388796   1.43698
 0.953441   0.20205 -0.199215   1.71929
 0.955555   0.19146 -0.200657   1.72279
 0.956758  0.196302 -0.190433   1.72431
 0.955251  0.192656 -0.197127   1.72131
 0.953891  0.225467 -0.180393    1.7215
0.945757 0.237005 -0.20155  1.70936
  0.95072   0.21994 -0.198662   1.71653
 0.949971  0.221051 -0.195796   1.71424
 0.955914  0.196708 -0.185541   1.72123
0.955431 0.208338 -0.17658   1.7205
0.952293  0.20339 -0.19473  1.71574
 0.954998  0.209041 -0.188758   1.72226
 0.894521  0.228806 -0.338127    1.6288
 0.892151  0.224541 -0.345701   1.62537
 0.895167  0.221807 -0.341377   1.62995
 0.894477  0.226432 -0.342644      1.63
 0.897306  0.231103 -0.334427   1.63439
 0.897915  0.223285 -0.338355   1.63549
0.901473 0.221972 -0.33201  1.64095
 0.898535  0.224779 -0.332603   1.63508
 0.893086  0.216171 -0.351571   1.62809
 0.891566  0.221267 -0.350702   1.62531
 0.890114  0.218288 -0.355713   1.62346
 0.891577  0.219473 -0.352295   1.62572
 0.891419  0.210577 -0.359011   1.62615
 0.888669  0.214862 -0.359909    1.6212
 0.888456  0.212725 -0.363231   1.62161
 0.889023  0.212867 -0.360339   1.62175
 0.897424  0.206076 -0.350445   1.63547
 0.894718  0.210419 -0.351255   1.63052
 0.894439  0.208313 -0.354782   1.63084
 0.895006  0.208502 -0.351826     1.631
0.893235 0.213795 -0.35205  1.62823
  0.89022  0.216014 -0.356389   1.62359
 0.892042  0.210694 -0.356116   1.62643
 0.891757  0.212614 -0.355578   1.62597
0.905461 0.207567 -0.33268  1.64735
 0.904104  0.213244 -0.331396   1.64482
 0.902459  0.210027 -0.337269   1.64269
 0.904028  0.211482 -0.333429   1.64521
 0.903577   0.20115 -0.341262   1.64501
 0.900798  0.206233 -0.342212   1.64003
 0.900491  0.203724 -0.345942   1.64024
 0.901122  0.203979 -0.342726   1.64052
 0.909671  0.195991 -0.331634   1.65442
 0.906961  0.201059 -0.332507   1.64948
 0.906595   0.19854 -0.336486   1.64962
 0.907219  0.198911 -0.333183   1.64992
 0.905578  0.205062 -0.333363   1.64748
  0.90251  0.207653 -0.338247    1.6428
 0.904238  0.201423 -0.337929   1.64533
 0.903977  0.203559 -0.337357   1.64493
 0.895696  0.220198 -0.343255   1.63162
 0.892848  0.222521 -0.347334   1.62722
 0.894493  0.217441 -0.348072   1.63024
 0.894413  0.218972 -0.346287   1.62955
 0.899224  0.209777 -0.343092   1.63755
 0.896153  0.211637 -0.347799   1.63274
 0.898036  0.206269 -0.347366   1.63571
 0.897712  0.208385 -0.346927   1.63523
0.902665 0.216923 -0.33197  1.64259
 0.899117  0.218319 -0.337904     1.637
0.900928 0.212979 -0.33794   1.6401
 0.900765  0.215348 -0.337163   1.63981
 0.897401  0.216928 -0.342157   1.63435
 0.896116  0.213629 -0.347016   1.63267
 0.899256  0.211672 -0.342032    1.6375
0.897606 0.215028 -0.34301  1.63487
 0.747879  0.299524 -0.421783    1.3823
 0.742514  0.296415 -0.420465    1.3696
 0.745823   0.29469 -0.425373   1.37831
 0.744563  0.296717 -0.422913   1.37517
 0.757822   0.29857 -0.430024   1.40627
 0.760046  0.307175 -0.422655   1.41006
  0.75389  0.302996 -0.424524   1.39729
 0.755689  0.302174 -0.424365    1.4002
 0.747536    0.2956 -0.429208   1.38425
  0.75336  0.296057 -0.431639   1.39723
 0.749544  0.300321 -0.425947   1.38827
  0.74993  0.297448 -0.428564   1.38942
 0.772586  0.292858 -0.426506   1.43024
 0.763406  0.292705 -0.432718   1.41615
 0.769851  0.284625 -0.433765   1.42558
 0.767048  0.288532 -0.428931   1.41864
 0.778739  0.309288 -0.410192   1.44048
  0.76887   0.30984 -0.416953   1.42527
 0.775548  0.300959 -0.418535   1.43507
 0.772778  0.304945 -0.413039   1.42801
 0.762776   0.30511 -0.419741   1.41249
 0.760402  0.296768 -0.427439   1.40867
 0.76993 0.296914 -0.42113  1.42341
 0.766094   0.30113 -0.424931   1.42054
 0.761552  0.377737 -0.334297   1.40075
 0.758354  0.382109 -0.323644   1.39167
0.756404 0.375979 -0.33297  1.38874
 0.759177  0.377723 -0.331578   1.39467
0.757877 0.365772 -0.35035  1.39477
 0.769353  0.371361 -0.353697    1.4225
 0.763726  0.374048 -0.344568   1.40806
 0.764333  0.371308 -0.348356   1.40974
 0.754584  0.370689 -0.335688   1.38368
 0.752862  0.364705 -0.343102   1.38067
 0.761161  0.371873 -0.339508   1.39943
 0.758194   0.36961 -0.339916   1.39242
 0.754686  0.354065 -0.366054   1.39026
 0.751124  0.358048 -0.357199   1.38059
 0.749583  0.352103 -0.364703   1.37833
 0.752436  0.354026 -0.363493   1.38443
 0.751801  0.342675 -0.378722   1.38552
 0.763553  0.347941 -0.380801   1.41275
 0.757336  0.350511 -0.373955   1.39793
 0.758673  0.348068 -0.376828   1.40098
 0.748436  0.347492 -0.366413   1.37473
 0.746727  0.341979 -0.372227   1.37167
 0.754693  0.348667 -0.370131    1.3898
 0.751719  0.346227 -0.370126   1.38263
 0.787719   0.34799 -0.360413   1.45101
0.777081 0.359112 -0.35828  1.43427
  0.77427  0.348354 -0.371621   1.42984
 0.782212  0.354969 -0.366117   1.44661
 0.769946  0.367834 -0.357598   1.42389
 0.757856  0.362509 -0.354199   1.39501
  0.76121   0.35868 -0.363082   1.40429
0.762355 0.361485 -0.35928   1.4061
0.773077 0.365133  -0.3656   1.4328
 0.764361  0.356564 -0.371677   1.41394
0.770383 0.353123 -0.37815  1.42773
 0.766719  0.356161 -0.370978   1.41818
 0.869885  0.239296 -0.375027   1.59087
 0.868109  0.235631 -0.380483   1.58834
 0.870918  0.234004 -0.376969   1.59266
 0.870128  0.237099 -0.378003   1.59218
  0.87259  0.240992 -0.371929   1.59608
  0.87357   0.23518 -0.374342   1.59781
 0.876831  0.234644 -0.369432    1.6029
 0.873889  0.236261 -0.370272   1.59705
 0.869392   0.22883 -0.383759   1.59107
 0.867776  0.232685 -0.383698    1.5883
 0.866633  0.230162 -0.387127   1.58674
0.867882 0.231031 -0.38449  1.58858
 0.868138   0.22449 -0.389516    1.5899
 0.865491  0.227414 -0.390191     1.585
 0.865172  0.225987 -0.392878   1.58517
0.865807 0.225976 -0.39074  1.58561
 0.873755  0.221605 -0.382562   1.59868
 0.871095  0.224619 -0.383209    1.5937
 0.870779  0.223202 -0.386026   1.59393
 0.871378  0.223203 -0.383814   1.59429
 0.869583  0.226882 -0.383993   1.59124
 0.866803  0.228286 -0.387453   1.58692
 0.868632  0.224605 -0.387143   1.58996
 0.868303  0.226044 -0.386686   1.58935
  0.88101  0.223275 -0.368538   1.60925
 0.879397  0.227755 -0.368138   1.60641
  0.87812  0.224992 -0.372289   1.60474
 0.879463  0.225992 -0.369263   1.60674
 0.879561  0.218337 -0.375064   1.60772
 0.876842  0.221913 -0.375864   1.60276
 0.876606  0.220151 -0.378833   1.60311
 0.877187  0.220199 -0.376329   1.60335
 0.885401  0.214687 -0.367289   1.61679
 0.882721  0.218304 -0.368059   1.61186
 0.882508  0.216519 -0.371206   1.61231
 0.883032  0.216625 -0.368571   1.61241
 0.881192  0.221084 -0.368844    1.6094
 0.878267  0.222888 -0.372748   1.60489
 0.880135  0.218409 -0.372464   1.60792
0.879827 0.220098 -0.37196  1.60739
  0.87153  0.232177 -0.377695   1.59395
 0.868837   0.23363 -0.381102   1.58977
 0.870592  0.229769 -0.381047    1.5928
 0.870418  0.231244 -0.380106   1.59225
 0.875185  0.224304 -0.376708   1.59999
 0.872305  0.225507 -0.380484   1.59545
 0.874255  0.221715 -0.380068   1.59874
 0.873893   0.22334 -0.379678   1.59812
 0.877834  0.230126 -0.368741   1.60374
 0.874569  0.230857 -0.373377   1.59857
 0.876497  0.226883 -0.372962   1.60184
 0.876278   0.22904 -0.372653   1.60164
 0.873231  0.229825 -0.376642    1.5967
 0.872213  0.227178 -0.380073   1.59536
 0.875146   0.22594 -0.376109   1.59991
 0.873471  0.228149 -0.377004   1.59709
 0.838934  0.246341 -0.414781   1.54308
 0.834686  0.245417 -0.420384   1.53642
 0.838075  0.242967 -0.418056   1.54183
 0.837429  0.244615 -0.418688   1.54127
 0.841607  0.239564 -0.415182   1.54714
 0.839604  0.239836 -0.417466   1.54398
 0.841122  0.237693 -0.416986   1.54651
 0.840826  0.238821 -0.416627   1.54594
 0.844563  0.235113 -0.413973   1.55196
 0.842465  0.235326 -0.416393   1.54862
 0.844041  0.233377 -0.416056   1.55142
 0.843653  0.234388 -0.415752   1.55065
 0.846312  0.239303 -0.409358   1.55449
0.843802 0.239273 -0.41232  1.55044
 0.845394  0.236983 -0.411757   1.55309
0.845123 0.238492 -0.41169  1.55281
 0.842876  0.238423 -0.414321   1.54917
 0.842288  0.236443 -0.416195   1.54834
 0.844415   0.23624 -0.413659   1.55168
 0.843172  0.237197 -0.414366   1.54957
 0.848092  0.245737 -0.403382   1.55732
 0.843549  0.245992 -0.409334   1.55034
 0.846847  0.242642 -0.407391   1.55563
  0.84631  0.244154 -0.407467   1.55493
 0.839832  0.244298 -0.413836   1.54395
  0.83884  0.241301 -0.417302   1.54263
 0.840972  0.240942 -0.414863   1.54595
0.840361 0.242568 -0.41571  1.54552
 0.841996  0.245807 -0.411772   1.54809
 0.842986  0.242057 -0.413139   1.54982
 0.845488  0.242308 -0.409972   1.55381
 0.843147  0.242972 -0.410803   1.54928
 0.888759  0.253112 -0.335393   1.62123
  0.89408  0.242718 -0.332672   1.62935
 0.895381  0.252245 -0.323571   1.63164
 0.892811  0.248537 -0.333187   1.62834
 0.890189  0.270511 -0.316029   1.62286
 0.896513  0.260186 -0.312295   1.63261
 0.897053  0.272274 -0.300907   1.63381
 0.894586  0.267948 -0.313791   1.63136
  0.87693  0.270507 -0.338675   1.60143
 0.882934  0.263117 -0.337809   1.61212
 0.883303  0.270031 -0.328803   1.61183
 0.881373  0.266822 -0.336248   1.60935
 0.887444  0.257839 -0.335182   1.61973
 0.894184  0.256629 -0.322642   1.63001
  0.88806  0.266818 -0.326259   1.62068
 0.889754   0.26131 -0.325151   1.62219
  0.82501  0.239279 -0.433388   1.52053
 0.822984  0.235314 -0.437499   1.51724
 0.826123  0.235532 -0.434439   1.52232
 0.825201  0.237209 -0.436528   1.52201
 0.829122  0.236383 -0.431569   1.52749
 0.828247  0.235233 -0.433187   1.52613
 0.829784  0.234624 -0.431571   1.52847
 0.829225  0.235535 -0.432553   1.52799
 0.831621  0.234788 -0.429212   1.53136
 0.830863  0.233971 -0.430403   1.53011
  0.83178   0.23375 -0.430353   1.53207
  0.83154  0.234228 -0.430078   1.53148
 0.831299  0.238356 -0.427974   1.53088
  0.82996  0.237277 -0.429798   1.52863
 0.831404  0.236327 -0.428684   1.53095
 0.830962  0.237579 -0.429347   1.53065
0.829991  0.23643 -0.43098  1.52907
 0.830476   0.23475 -0.431103   1.52976
  0.83129  0.235643 -0.429749   1.53107
 0.830458  0.235427 -0.430157   1.52942
0.830817 0.244322 -0.42502  1.53011
 0.827659  0.242121 -0.429722   1.52512
0.830826 0.240903  -0.4272   1.5302
 0.830095  0.242508 -0.428403   1.52978
 0.825942  0.240048 -0.432881   1.52247
 0.826899   0.23676 -0.434102   1.52416
 0.827952  0.237832 -0.432306   1.52577
  0.82721  0.238208 -0.432904   1.52461
 0.827374  0.241624 -0.431101   1.52507
0.829191  0.23906 -0.43086  1.52804
 0.830521  0.240374 -0.428756   1.53019
  0.82877  0.239883 -0.429573    1.5267
0.751162 0.333857 -0.39182    1.387
 0.745056  0.336668 -0.384324   1.37207
 0.744077  0.330863 -0.390034   1.37051
 0.748186  0.333363 -0.388779   1.37924
 0.749774  0.322507 -0.401887   1.38462
 0.743482   0.32522 -0.395313   1.36965
 0.742952  0.319622 -0.400236   1.36882
 0.746667  0.321959 -0.399213   1.37675
 0.763479  0.328864 -0.398858   1.41302
  0.75675  0.331958 -0.396516   1.39988
 0.756327  0.326222 -0.401598   1.39922
0.759979 0.329526 -0.39959  1.40699
0.753196 0.331225  -0.3955   1.3919
 0.747244  0.327604 -0.394246   1.37769
 0.752842  0.325428 -0.400536   1.39135
 0.750122  0.328287 -0.396907   1.38515
 0.746257  0.311378 -0.410703   1.37767
 0.741754  0.313593 -0.404613   1.36625
 0.741101  0.308298 -0.409309   1.36532
 0.744394   0.31071 -0.408397   1.37243
 0.745731  0.301998 -0.419125   1.37746
 0.740852  0.303945 -0.413637   1.36544
 0.739928  0.299123 -0.417684   1.36392
0.743354 0.301302 -0.41684  1.37119
 0.757867  0.310907 -0.416674   1.40384
 0.751574  0.311297 -0.414489    1.3904
 0.751616   0.30655 -0.418784    1.3909
 0.754415  0.309477 -0.416842   1.39666
 0.747972  0.309268 -0.413883   1.38201
 0.743612  0.305816 -0.412986   1.37138
  0.74809  0.304493 -0.418144   1.38266
 0.745596  0.306892 -0.414975   1.37686
 0.776427  0.313305 -0.404059   1.43412
 0.769524  0.321412 -0.402666   1.42368
 0.766195  0.313849 -0.410978   1.41822
 0.772375  0.317859 -0.407982   1.43089
 0.752444  0.319462 -0.405004   1.39041
 0.745862  0.316479 -0.403385   1.37506
 0.749736  0.314166 -0.409276   1.38506
 0.748567  0.316497 -0.406429   1.38211
 0.762995  0.316218 -0.413417   1.41459
 0.766183   0.32418 -0.405414   1.42005
 0.759127  0.321876 -0.407558   1.40628
 0.761428  0.320191 -0.407424   1.40979
 0.751888  0.314451 -0.413192   1.39161
 0.758334  0.313981 -0.415356   1.40531
 0.754593  0.319436 -0.409256   1.39698
 0.754452  0.316191 -0.412374   1.39706
0.953039 0.133868 0.180943  1.72028
0.953024 0.137966  0.18448  1.71914
0.957138 0.143012 0.186466   1.7214
0.953371 0.138618 0.181529     1.72
0.959394 0.150681 0.212284  1.72708
0.954634 0.138294 0.186262  1.71906
0.955276 0.133954 0.182723  1.71967
0.955011 0.133728 0.186375  1.71859
0.959295 0.158906 0.216782  1.72589
0.959917   0.1579 0.218887  1.72684
0.959815 0.161189 0.220761  1.72601
0.959539 0.159079 0.217461  1.72572
0.953717 0.187414 0.225217   1.7161
0.953342 0.185983 0.227667   1.7155
0.952692 0.189191  0.22782  1.71461
0.953194 0.186399 0.226219  1.71488
0.955203 0.184745 0.221509  1.71829
0.954915  0.18388 0.223272  1.71784
 0.95453 0.185969 0.223181  1.71729
 0.95484 0.184143 0.222148  1.71744
0.951322 0.191484 0.231349  1.71263
0.950785  0.18843 0.235358  1.71173
0.949348 0.194648 0.236484  1.70981
0.950398 0.189267 0.233347  1.71046
0.957248 0.180869 0.216587  1.72135
0.957011 0.180354  0.21794  1.72099
0.956788 0.181759 0.217673  1.72065
 0.95698 0.180525 0.217003  1.72073
0.952019 0.187746 0.229188  1.71303
0.952843 0.184317 0.229027  1.71431
 0.95162 0.184701 0.232819  1.71237
0.952247  0.18718 0.230893  1.71389
0.954102 0.185208 0.223961   1.7163
0.954559 0.183001 0.224064    1.717
0.953791 0.183706  0.22623   1.7158
0.954205 0.184883 0.225221  1.71678
 0.95898 0.164746 0.222628  1.72408
0.959093 0.164342 0.222281  1.72418
0.959005 0.164223 0.222849  1.72409
0.959025 0.164501 0.222349  1.72407
0.956058 0.182063  0.22028  1.71955
0.955785 0.183664 0.220086  1.71915
0.956306 0.182684 0.218825  1.71993
0.956013  0.18226 0.219306  1.71925
0.959077 0.163413 0.223006  1.72417
0.959329 0.162768 0.222088  1.72449
0.959191 0.162287 0.223165  1.72432
0.959181 0.162845 0.222248  1.72417
0.959774 0.159775 0.221629  1.72518
0.959555 0.158823 0.223439   1.7249
0.959355 0.160795 0.223304  1.72457
 0.95952 0.159791 0.221913  1.72461
0.899657 0.278569 0.259351  1.63153
0.897656  0.27501 0.262624  1.62719
0.896832 0.279641 0.259695  1.62585
0.898253 0.278836 0.260634  1.62917
0.897994 0.288049 0.252995  1.62884
0.895947  0.28448 0.256613  1.62442
0.895081 0.289229 0.253463  1.62303
0.896552 0.288416 0.254395  1.62644
0.903879 0.282067 0.250349  1.63843
0.901609 0.280652 0.255226  1.63477
0.900915 0.285259 0.251764  1.63364
0.902207 0.284186 0.253162  1.63666
0.900109 0.282228 0.257433  1.63314
0.897437 0.283644 0.257557  1.62788
0.899342 0.287037 0.254144  1.63194
0.898845 0.283217 0.256177  1.63019
0.896055 0.298022 0.246282  1.62574
0.894105 0.294299 0.250221   1.6215
0.893071 0.299244  0.24688  1.61981
0.894594 0.298413 0.247781  1.62331
0.893969 0.308304 0.238755  1.62237
 0.89193 0.304536 0.243213  1.61796
0.890868  0.30966 0.239447  1.61625
0.892456 0.308822 0.240397  1.61988
0.900409 0.301571 0.235731  1.63283
0.898025 0.300208 0.241416  1.62901
0.897153 0.305164  0.23732   1.6276
0.898622 0.304104 0.238772  1.63098
0.896468 0.302064 0.243797  1.62735
0.893572 0.303648 0.244173  1.62172
0.895503 0.307286 0.239906  1.62585
0.895045 0.303037 0.242553  1.62408
0.908027 0.289724 0.240324  1.64671
0.905526 0.287281  0.24727   1.6426
0.904563 0.291517 0.243451  1.64077
0.905637 0.290761 0.243449  1.64295
0.907797 0.291795 0.236461  1.64584
0.904227 0.293452 0.239978  1.63971
0.904145 0.297733 0.235249  1.63961
 0.90534 0.295237 0.238762  1.64248
0.898451 0.292017 0.250742  1.63053
0.895651 0.293424 0.251065  1.62503
 0.89748  0.29702 0.247364  1.62898
0.897061 0.293018 0.249618  1.62735
0.901862 0.296055 0.241725  1.63599
0.899326 0.299259 0.242644  1.63199
0.901631 0.300644 0.237212  1.63571
0.900761  0.29698 0.239646  1.63319
0.904479 0.285909  0.24794  1.64039
0.901486 0.289061  0.24939  1.63554
0.903274 0.291295 0.244726  1.63857
 0.90292 0.287134 0.247141  1.63706
0.899878 0.290243 0.248212  1.63191
0.898916 0.295272 0.244867  1.63042
0.901546 0.292536 0.243668  1.63471
0.900292 0.294253 0.246059  1.63356
0.960181 0.150191 0.219522  1.72562
0.960501 0.151902 0.216398  1.72604
0.960851  0.14704 0.214169  1.72671
0.960685 0.150021 0.218903  1.72681
0.956999 0.160496  0.23307  1.72122
0.957706 0.157297 0.231861  1.72228
0.956615 0.157658 0.235538  1.72068
0.957051 0.158872 0.232164  1.72103
0.960595 0.138578 0.217431  1.72675
0.961263 0.141164 0.211887  1.72763
0.961991 0.132768 0.209522  1.72907
0.961483 0.137312 0.216374   1.7287
 0.95914 0.164286 0.221464  1.72411
0.959045 0.164637 0.221434  1.72393
0.959192 0.164212 0.220708  1.72409
0.959139 0.164546  0.22144  1.72415
0.960553 0.134525 0.222549  1.72732
0.962234 0.127514 0.215754  1.73041
0.960643 0.125577   0.2236  1.72792
0.960881 0.130413 0.217272  1.72761
0.958189 0.164582 0.226103  1.72295
 0.95772 0.165091 0.227543  1.72226
0.957889 0.165949 0.226284  1.72255
0.957929 0.165584 0.226275  1.72255
 0.967157 0.0912108   0.20097    1.7373
0.967815 0.100075 0.193433  1.73816
 0.969902 0.0865489  0.187146   1.74087
 0.968508 0.0945759  0.199951   1.74072
  0.97134 0.0567923  0.194756   1.74403
 0.972727 0.0729018  0.184293   1.74623
 0.975864 0.0539768  0.172271   1.75072
 0.973457 0.0654391  0.193261   1.74943
 0.962506 0.0816955   0.22609   1.73095
 0.965389 0.0855323  0.212261   1.73499
 0.966297 0.0685593  0.212696   1.73622
 0.964956 0.0767876  0.223825     1.736
 0.967386 0.0842204  0.210467   1.73938
0.970625 0.079629 0.196015  1.74391
 0.968962 0.0663843  0.210367   1.74209
 0.968952 0.0758191  0.197341   1.73978
0.960145 0.158824   0.2152  1.72537
0.959969 0.159678 0.218206  1.72516
0.959877 0.160987 0.217311  1.72499
0.960092 0.160356 0.217988  1.72558
0.907803  0.28571 0.247327  1.64735
0.910136 0.288213 0.240641  1.65114
0.911075 0.280155 0.248144  1.65281
0.909144 0.281715  0.24346   1.6476
0.910457 0.267113 0.260257  1.65141
0.912629 0.269673 0.254319  1.65491
  0.9135 0.261928 0.260618  1.65646
0.911723 0.263685 0.256447   1.6517
 0.90275 0.279696 0.256449  1.63742
0.904943 0.281118 0.251767  1.64097
0.905086 0.276824 0.255584  1.64113
0.904111 0.277835 0.253669  1.63864
0.904578 0.270201 0.262177  1.64047
  0.9063 0.272415 0.258092  1.64338
0.907371 0.267336 0.260785    1.645
0.905944 0.268519 0.260013  1.64193
0.899104 0.274169 0.263525  1.63056
0.900932 0.277561 0.260457  1.63447
0.901739 0.272848 0.263391  1.63577
0.900475 0.273872  0.26224  1.63283
0.902308 0.276118 0.258161  1.63589
0.904741 0.273629 0.257088  1.63987
0.903116  0.27138 0.261036  1.63715
0.903545 0.275091 0.259343  1.63875
0.910745 0.271036 0.254101  1.65093
0.908394 0.268528 0.260237  1.64708
0.907545 0.272596 0.256948  1.64546
0.908542 0.271907 0.257026  1.64753
0.910557 0.273188  0.25074  1.65022
0.907297 0.274592 0.253902  1.64464
0.907274 0.278635 0.249906  1.64464
0.908292 0.276137 0.252936  1.64708
0.965052 0.106869 0.212501   1.7357
0.966873 0.106061 0.203631  1.73842
 0.966184 0.0981456  0.211684   1.73773
0.965945 0.101841 0.204699  1.73592
 0.961861 0.0986384  0.229082     1.731
 0.964463 0.0921545  0.221771    1.7353
 0.961989 0.0880631   0.23348   1.73179
 0.962524 0.0941043  0.223384   1.73111
0.960782 0.117977 0.225673  1.72869
0.962618 0.109577 0.216645   1.7308
0.960855 0.107174 0.226481  1.72853
0.961255 0.112403 0.217996  1.72804
0.963691 0.106791 0.213665  1.73261
 0.964565 0.0977258  0.213137   1.73403
0.962058  0.10314  0.22177  1.73013
0.963594 0.102537 0.220456  1.73353
0.960851 0.172006 0.208948  1.72688
0.960799 0.173705 0.208743  1.72687
  0.9615 0.172111 0.207225  1.72798
0.960969 0.172147 0.207646  1.72679
0.959979 0.172854 0.210885  1.72527
0.960384 0.173367 0.209246  1.72592
0.960442 0.171585 0.209489  1.72593
 0.96032 0.173233 0.210421  1.72606
 0.95894 0.165479 0.222423  1.72411
0.958829 0.166084 0.222375  1.72408
0.959021 0.165601 0.222113  1.72435
0.958921  0.16555 0.222357  1.72415
0.957754 0.159314 0.213078  1.72379
0.958499 0.158941 0.214885  1.72472
0.959065 0.162751 0.218715  1.72497
0.958238 0.159879 0.213787  1.72393
0.958542 0.163205 0.225543  1.72344
0.958931 0.161916 0.224632  1.72397
0.958537 0.161727  0.22642  1.72341
0.958647 0.162438 0.224859  1.72342
0.958336 0.165066 0.224959  1.72312
0.958065 0.166337  0.22526  1.72281
0.958418 0.165799 0.224228  1.72331
0.958281  0.16544 0.225114  1.72312
0.959098  0.16429 0.222367  1.72427
0.958925 0.164479 0.222583  1.72389
 0.95904 0.164594 0.222235  1.72411
0.959037 0.164453 0.222485  1.72414
0.957193 0.177177 0.219385   1.7212
0.956987 0.176616 0.220213  1.72084
0.956816 0.177885 0.220444  1.72065
0.956971 0.176798 0.219773  1.72069
0.955463 0.183174 0.220626  1.71841
0.955768 0.181521 0.220824  1.71887
0.955205 0.182268 0.222305    1.718
0.955521 0.182947 0.221661  1.71874
0.956684 0.155406 0.234068  1.72045
 0.95788  0.15492 0.229918  1.72214
0.957662 0.150583 0.231049  1.72181
0.957545 0.153561 0.233629  1.72214
0.959406 0.162352  0.22196  1.72483
0.959047 0.163046 0.223306  1.72421
 0.95922 0.163613 0.222351  1.72453
0.959276 0.163155 0.223057  1.72475
0.958643 0.163746 0.224321  1.72348
0.958916 0.163681 0.223155  1.72386
0.958974 0.162537 0.223368  1.72388
0.958869 0.163213 0.224129  1.72389
0.959846 0.157278 0.219651  1.72597
0.959428 0.159018 0.223142  1.72476
0.959653 0.160403 0.221154  1.72528
0.959812 0.159363 0.222615  1.72584
0.951339 0.165668 0.247693  1.71281
0.948897 0.170834 0.250612  1.70885
0.951148 0.171694  0.24584   1.7126
0.950388 0.170861 0.247017  1.71129
0.959825 0.147376 0.220457  1.72606
0.959373 0.150094 0.213758  1.72581
0.955478 0.127245 0.183137   1.7182
0.960255 0.147121 0.217754  1.72858
0.956787 0.179803 0.219246  1.72064
0.956587 0.179178 0.220456  1.72033
0.956331 0.180563 0.220402  1.71995
0.956532 0.179367   0.2197  1.72005
0.960326 0.142481 0.229025  1.72861
0.956639 0.125966 0.181465  1.72142
0.958362 0.108151  0.18626  1.72476
0.955482 0.112981 0.185513  1.71657
 0.95912 0.164012 0.222815  1.72439
0.958915  0.16356 0.223744  1.72401
0.958874 0.164231 0.223089  1.72384
0.958957  0.16397 0.222974  1.72401
0.952352 0.159905 0.245096  1.71311
0.948911 0.150896 0.256607  1.70723
0.948066 0.171985 0.252755  1.70686
0.949382 0.161529 0.257428  1.70954
0.946173 0.199409 0.244823  1.70536
0.945604 0.189007 0.252573  1.70399
0.940116 0.207493 0.260611  1.69707
0.943821 0.191566 0.251063  1.69984
0.951701 0.180427  0.23588  1.71252
0.953056 0.177997 0.233319  1.71468
0.952425 0.175686 0.237282  1.71373
0.952493 0.179508 0.234992  1.71403
0.923769  0.22481 0.299555  1.67543
0.938936 0.130781 0.283661  1.69164
 0.826873 -0.173064   0.17241   1.51937
 0.90912 0.152368  0.35405  1.64802
0.958975 0.142366 0.231351  1.72487
 0.953291 0.0800371  0.196834   1.71002
0.954406 0.133391 0.246772  1.71739
0.959282 0.138905 0.241458  1.72867
  0.892415 -0.0078074  0.0166211    1.63237
 0.95275 0.127962 0.274579  1.72176
 0.951805 0.0642896   0.15883   1.71479
  0.939961 0.00038349   0.210201    1.68821
0.913227 0.253169 0.265501  1.65479
0.911075 0.250437 0.271055  1.65127
0.910246 0.254467 0.268276  1.64972
0.911191 0.253811 0.268269  1.65167
0.913023 0.255394 0.262549  1.65409
0.910003  0.25653 0.265584  1.64895
0.909965 0.260521 0.262159  1.64893
0.910901 0.258011 0.264793  1.65115
0.906944 0.248398  0.27462  1.64341
  0.9096 0.245762 0.273163  1.64769
0.907576 0.243953 0.277144  1.64444
0.908077 0.247279 0.275762  1.64605
0.903153 0.242265 0.280576  1.63612
0.905771 0.241461 0.280326  1.64141
0.903938 0.237671 0.282687  1.63741
0.904448  0.24142 0.281335  1.63915
0.901585  0.25157 0.275994  1.63356
0.904288 0.250621 0.275709    1.639
0.902368 0.246945 0.278359  1.63485
0.902928 0.250724 0.276845  1.63671
0.905465 0.249569 0.276698  1.64173
0.906155 0.244947 0.279063  1.64281
  0.9037 0.246089 0.279134  1.63796
0.905028 0.245988 0.278034  1.64018
0.904026 0.266612 0.264097  1.63867
0.906808 0.263696 0.262727  1.64317
0.904649 0.262135 0.267094  1.63968
0.905218 0.265505 0.265415  1.64147
0.900012 0.260914 0.270984  1.63099
0.902748  0.25993 0.270727  1.63652
0.900803 0.256314 0.273554  1.63231
 0.90138 0.260084 0.271899  1.63421
0.898466  0.27022 0.265487  1.62848
0.901268 0.269137 0.265185  1.63411
0.899229 0.265617 0.268284  1.62972
0.899866 0.269402 0.266443  1.63177
0.902504   0.2681 0.266322  1.63699
0.903187 0.263448 0.269173  1.63806
0.900638 0.264778 0.269213  1.63303
0.902009 0.264478 0.267962  1.63529
 0.90906  0.25426 0.269373  1.64779
0.910099 0.249324  0.27156  1.64936
0.907435 0.251905 0.273036  1.64505
0.908746  0.25048 0.270938  1.64646
0.903947 0.258896 0.271761   1.6393
0.904714 0.254258  0.27425  1.64053
0.902181 0.255457 0.274377  1.63553
0.903517 0.255307 0.273212  1.63775
0.907783 0.262715 0.264035   1.6455
0.907918  0.25852 0.267313  1.64566
0.905704  0.26115 0.268244  1.64215
0.907012   0.2596 0.265579  1.64335
0.907597 0.255465  0.26851  1.64449
0.906055 0.253088 0.272036  1.64192
0.905284 0.257737 0.269607  1.64072
0.906448 0.256691 0.270677  1.64341
0.922823 0.159547 0.297227  1.66921
0.920626 0.158821 0.297135  1.66473
0.921646 0.164061 0.297708  1.66737
0.921715 0.160102 0.297676  1.66689
0.924615 0.167662 0.295327  1.67238
0.922711 0.168268 0.296933  1.66928
0.923927 0.171948 0.295214  1.67144
0.923791 0.168322 0.295318  1.67056
0.927463 0.159074 0.293741  1.67699
0.925184 0.159402 0.295766  1.67317
0.926088 0.163842 0.294379  1.67491
 0.92621 0.159631 0.294568  1.67452
0.923949 0.160028 0.296347  1.67063
0.922762 0.164583 0.296887  1.66882
0.924748 0.164421 0.295219  1.67216
 0.92385 0.164057 0.296341  1.67105
0.928514 0.173575 0.290856  1.68007
0.925699 0.175502 0.293302  1.67515
0.926215  0.17934 0.291692  1.67626
0.926454 0.175013 0.291959  1.67606
0.928462 0.175694 0.290138  1.67957
0.926268 0.181914 0.291606  1.67637
0.928001 0.183687  0.28555  1.67814
0.927041   0.1806 0.286146  1.67592
0.932322 0.158265 0.291577  1.68659
0.929686  0.16144 0.293615  1.68203
0.930574 0.166734 0.290808  1.68359
0.930565  0.16036 0.290108  1.68234
0.928917 0.167573 0.292229  1.68032
0.927885 0.162201 0.295395  1.67852
0.926735 0.166187 0.295159   1.6765
0.927475 0.166096 0.293762  1.67772
 0.92834 0.168975 0.291419  1.67896
0.926059 0.167438  0.29456  1.67494
0.925514 0.171438 0.293822   1.6741
0.926477 0.169937 0.294412  1.67629
 0.92053 0.164726 0.297996  1.66499
0.919576 0.159446 0.297658  1.66252
0.918302  0.16438 0.298168  1.66049
0.919421 0.163671 0.297794  1.66289
0.918257 0.174252 0.298108  1.66137
0.917054 0.169315  0.29841  1.65847
0.915812 0.174437 0.298425  1.65646
0.917089 0.173541 0.298419   1.6593
0.922981 0.172632 0.295319  1.66941
0.921738  0.16894 0.297059   1.6672
0.920703 0.173545 0.296935  1.66558
0.921823 0.172666 0.296956  1.66801
 0.92052 0.168617 0.298005  1.66561
0.918233 0.168526 0.298229  1.66105
0.919435 0.173374 0.298096  1.66393
0.919382 0.169394 0.298137  1.66315
0.916326  0.18407 0.297361  1.65835
0.914756 0.179562 0.298307  1.65484
0.913637 0.184584 0.297755  1.65298
0.914988 0.183603 0.298043  1.65606
0.914449 0.194199 0.295877   1.6554
0.912707 0.189741 0.297206  1.65161
0.911698 0.194662 0.296351  1.64995
0.913026 0.193729 0.296654  1.65298
0.920235 0.190548 0.292556  1.66527
0.918137 0.187503 0.295268  1.66135
 0.91734  0.19248 0.294125  1.66012
0.918549 0.191078 0.294811  1.66286
0.916553  0.18796 0.297069  1.65947
0.914015 0.188833 0.297374  1.65456
0.915689 0.193138 0.296164  1.65814
0.915374 0.189143 0.296533   1.6568
0.924148 0.180523 0.292873  1.67203
0.923776  0.17659 0.294415  1.67125
0.922612 0.180382 0.294551  1.66937
0.923469 0.179999 0.293739  1.67097
0.923235 0.188292 0.290472  1.67035
0.926494  0.18482 0.286178  1.67516
0.924492 0.183427 0.291295  1.67247
0.924784 0.187165 0.290317  1.67362
0.922222  0.18422   0.2934  1.66885
0.922372  0.18883 0.291621   1.6693
 0.92364 0.183881 0.291978  1.67122
0.922798 0.184529 0.292919  1.66984
0.918364 0.178152 0.298067  1.66225
0.91599  0.1787 0.29838 1.65761
0.917466 0.183045 0.297647  1.66087
0.917237 0.179192  0.29778  1.65973
0.920882 0.184626 0.294976  1.66658
0.919028 0.186413 0.295848  1.66337
0.920991 0.189418 0.293331  1.66704
0.920145  0.18624 0.293799  1.66479
0.923026 0.175993 0.295155   1.6701
0.920793 0.176836 0.296742  1.66635
0.921826 0.179951 0.295347  1.66821
0.921816 0.176761  0.29548  1.66762
 0.91961 0.178011 0.296338  1.66369
0.918742 0.182777 0.295816  1.66234
0.920688 0.181136 0.294871  1.66563
0.919784 0.181529 0.296515  1.66475
0.959413  0.14205 0.223241  1.72446
0.958558 0.146312 0.227465  1.72316
0.959479 0.147767 0.223238  1.72442
0.959323 0.145748 0.226865  1.72481
0.920527 0.287398 0.208842  1.66454
0.924976 0.284984 0.198081  1.67097
0.924567 0.278606 0.208198  1.67037
0.923059 0.280297 0.202135  1.66602
0.923479 0.270324 0.223702   1.6697
0.926705 0.271612 0.214887   1.6749
0.928395 0.261466 0.222203  1.67735
0.925789 0.264114 0.219201  1.67151
 0.91294 0.290418 0.231422  1.65524
0.916858 0.290303 0.220402   1.6607
0.918114 0.281191 0.228361  1.66267
0.915654 0.283349  0.22467  1.65675
 0.91937 0.281642 0.212719  1.66104
0.923662 0.274077 0.211313  1.66769
0.920522 0.272824 0.220613  1.66286
 0.92153 0.279712 0.216627  1.66634
0.959417  0.15252 0.223651  1.72433
0.958721 0.155378 0.226689  1.72339
0.959329 0.156091 0.223747  1.72424
0.959265 0.154853 0.226237  1.72454
0.957654 0.178157 0.217165  1.72196
0.957415  0.17768 0.218343  1.72157
0.957225    0.179 0.218184  1.72131
0.957397 0.177848 0.217551  1.72137
0.955565 0.143176 0.237955  1.71867
0.957492 0.143756 0.231851  1.72141
0.957115 0.138074 0.233278  1.72112
0.956972  0.14289 0.236998  1.72179
0.958237 0.175781 0.216186  1.72277
0.958085  0.17725 0.216147  1.72261
0.958519 0.176304 0.215078  1.72325
0.958255 0.175982 0.215486  1.72265
0.959869 0.161659 0.214354  1.72519
0.960192 0.159875 0.214985  1.72572
0.959915 0.161861  0.21716  1.72526
0.959905 0.160465 0.214498  1.72498
0.958829 0.164196 0.223703  1.72386
0.958556 0.164289  0.22479  1.72348
0.958595 0.165095 0.224102  1.72357
0.958656 0.164717 0.223842  1.72357
0.959001 0.173518 0.213355  1.72378
0.958945 0.175298 0.213895  1.72386
0.959363 0.174112 0.212637  1.72443
0.959086 0.173762 0.213087   1.7238
0.958859 0.165322 0.222825  1.72398
0.958645 0.165651 0.223455  1.72369
0.958711 0.165962 0.222775  1.72386
0.958753 0.165875 0.222894  1.72386
0.958994 0.165429 0.221662  1.72433
0.958756 0.165895 0.221828  1.72401
0.958708 0.165211 0.220277  1.72405
0.958894 0.165893 0.221615   1.7243
0.956043 0.160263 0.210949  1.72113
0.957851 0.163791 0.217081  1.72316
0.957242 0.163809 0.216624  1.72236
0.957428 0.163523 0.216744  1.72284
0.957822 0.176977 0.216522  1.72201
0.957974 0.175493  0.21657  1.72217
0.957572 0.176505 0.217683   1.7216
0.957824 0.176803 0.217303  1.72218
0.959118 0.165362 0.221585  1.72461
0.958865 0.165054 0.220282  1.72443
0.959178 0.164557 0.220574  1.72484
0.959025 0.164775 0.220445  1.72447
0.960018 0.165433  0.20667  1.72506
0.959593 0.166943 0.208969  1.72442
0.960372 0.168861 0.208762  1.72547
0.959956 0.167756 0.207456  1.72505
0.953833 0.147723 0.189343  1.71846
0.954249 0.143813   0.1877  1.71902
0.956971 0.151509 0.205543  1.72325
0.953733 0.143645 0.189016  1.71783
0.958496  0.16633 0.223549   1.7235
0.958254 0.167054 0.223371  1.72327
0.958572  0.16656 0.222816  1.72372
0.958434 0.166396 0.223319  1.72347
0.954137 0.150192  0.19231  1.71921
0.957956 0.157366 0.198107  1.72258
0.953817 0.145438 0.188608  1.71947
0.954573 0.151605 0.189648  1.71994
0.953151 0.151792 0.195826  1.71717
0.954983 0.154735 0.202907  1.71999
0.954331  0.15529 0.203008  1.71905
0.954576 0.155165 0.202595  1.71969
0.960388 0.166036  0.20546  1.72573
 0.96067 0.169613 0.207339    1.726
0.961451 0.169567 0.205644  1.72717
 0.96095 0.168724 0.207195   1.7265
0.958011 0.161004 0.199173  1.72216
0.954786  0.15466 0.193295  1.71941
0.957956 0.162916 0.202236  1.72197
0.957791 0.159791 0.201395  1.72202
0.774651 0.132207  -0.4892  1.42879
 0.774673  0.129351 -0.487428   1.42763
 0.776537  0.129654 -0.487116   1.43115
 0.774989   0.12992 -0.487537   1.42825
 0.775208   0.13324 -0.487718   1.42867
 0.777051  0.130949 -0.485183   1.43089
 0.779324  0.133073 -0.484792   1.43498
 0.777371   0.13249 -0.487021   1.43259
 0.767594  0.133438 -0.491851   1.41647
0.770568 0.133983 -0.49134  1.42195
 0.767179    0.1361 -0.493572   1.41681
 0.768024  0.134205 -0.492395   1.41748
 0.771403  0.127045 -0.486826   1.42053
 0.773036  0.128212 -0.487192   1.42411
 0.771163  0.129052 -0.488357   1.42112
0.771721 0.128181 -0.48785  1.42181
 0.767637  0.129342 -0.489403   1.41476
 0.769315  0.130075 -0.489655    1.4183
0.767511 0.131382 -0.49101  1.41563
 0.767997  0.130152 -0.490142   1.41591
 0.767771  0.125211 -0.485703   1.41237
 0.769621  0.125972 -0.485997   1.41639
 0.767728  0.127173 -0.487184   1.41342
  0.76822  0.126068 -0.486558   1.41387
 0.769962  0.127053 -0.487478   1.41798
  0.76979  0.129053 -0.489017   1.41872
  0.76807  0.128247 -0.488738   1.41506
0.769482 0.128165 -0.48817  1.41759
 0.771568   0.13341 -0.490268    1.4233
  0.76819  0.132615 -0.490865   1.41695
 0.770036  0.131257 -0.489473   1.41967
 0.770219  0.132602 -0.490318   1.42078
 0.773509  0.132446 -0.489477   1.42664
 0.771877  0.130369 -0.488733   1.42286
  0.77369  0.129512 -0.487699   1.42579
0.772887 0.130468  -0.4881  1.42454
 0.783311  0.150699 -0.492137   1.44791
0.786029   0.1547 -0.49009  1.45293
 0.782426   0.15525 -0.495813   1.44875
0.783025 0.152375 -0.49109  1.44687
 0.761495  0.137233 -0.495489   1.40701
 0.763863  0.137576 -0.495517   1.41154
  0.76139  0.139503 -0.496987   1.40783
 0.761926  0.137908 -0.496151   1.40811
 0.756818  0.141002 -0.497916   1.39977
 0.758944  0.141022 -0.498299   1.40399
0.756984 0.143066 -0.49928  1.40104
 0.757261  0.141563 -0.498564   1.40088
 0.758685  0.135758 -0.494286   1.40068
 0.760172  0.136306 -0.495164   1.40414
 0.758803  0.137242 -0.495577   1.40182
 0.759076  0.136622 -0.495321    1.4021
 0.756229  0.137984 -0.495383   1.39682
 0.757581  0.138316 -0.496125   1.39991
 0.756452  0.139539 -0.496873   1.39829
 0.756624  0.138566 -0.496319   1.39814
0.755756 0.134786 -0.49182  1.39332
 0.757243  0.135139 -0.492706   1.39687
 0.756008   0.13625 -0.493233    1.3949
 0.756191   0.13544 -0.492884   1.39491
 0.757618  0.136008 -0.494424   1.39868
 0.757753  0.137497 -0.495766   1.39989
 0.756388  0.137132 -0.495001   1.39675
 0.757412  0.136837 -0.494816   1.39865
   0.7593  0.140419 -0.497684   1.40425
0.756943 0.140265 -0.49735  1.39955
 0.758116  0.139012 -0.496587   1.40123
0.758347 0.139982 -0.49709  1.40217
 0.760647  0.139525 -0.497322   1.40659
 0.759408  0.138182 -0.496239   1.40348
 0.760804  0.137227 -0.495814   1.40583
 0.760077   0.13808 -0.496003   1.40463
 0.776587  0.163539 -0.489627   1.43676
 0.776577  0.162182 -0.490741   1.43701
 0.778116  0.163992 -0.492484    1.4409
0.777235 0.162948 -0.49052  1.43839
 0.785145  0.139581 -0.483257   1.44607
 0.784274  0.136332 -0.483623   1.44463
 0.787439  0.138061 -0.481125   1.44972
0.785236 0.137732 -0.48188  1.44552
  0.78757  0.145014 -0.482577   1.45092
0.783535 0.146055 -0.48851  1.44584
 0.784958  0.142431 -0.484585   1.44637
 0.784626  0.143433 -0.483888   1.44528
 0.788291  0.140138 -0.478924   1.45032
 0.789182  0.144038 -0.479421   1.45257
 0.786045  0.141317 -0.481808   1.44716
 0.788161  0.142068 -0.481134    1.4513
 0.748367  0.151381 -0.502447   1.38732
 0.746475  0.151448 -0.501637   1.38341
  0.74717  0.150357 -0.501224   1.38434
 0.747461  0.151106 -0.501549   1.38526
0.749309 0.150665 -0.50223  1.38893
 0.748058  0.149706 -0.501018   1.38586
 0.748964  0.148833 -0.500966   1.38742
 0.748639  0.149497 -0.501026   1.38694
 0.744947  0.149876 -0.499288   1.37894
 0.745397  0.151113 -0.500906   1.38091
0.744337 0.150727 -0.49945    1.378
  0.74499  0.150446 -0.499458   1.37925
 0.742595  0.149121 -0.495337   1.37182
 0.743201  0.150127 -0.497043   1.37427
 0.741924  0.149975 -0.495438   1.37072
 0.742813  0.149492 -0.495535   1.37246
 0.743892  0.147375 -0.495131   1.37393
 0.744506  0.148378 -0.496815   1.37637
 0.743231  0.148246 -0.495248   1.37286
 0.744117  0.147761 -0.495341    1.3746
 0.744511  0.148936 -0.496988   1.37661
 0.743889  0.149793 -0.497107   1.37561
 0.743468  0.148628 -0.495446   1.37354
  0.74385  0.149236 -0.496946   1.37532
 0.747851  0.146211 -0.498477   1.38349
0.748289  0.14749 -0.50005  1.38541
 0.747152  0.147119 -0.498706   1.38241
0.747876  0.14683 -0.49868  1.38379
 0.745312  0.145554 -0.494846   1.37623
 0.745944  0.146564 -0.496467   1.37866
 0.744571  0.146472 -0.494992   1.37502
 0.745538  0.145955 -0.495071   1.37691
0.746814 0.143664  -0.4945  1.37865
 0.747424  0.144684 -0.496105   1.38103
 0.746008  0.144594 -0.494695   1.37734
 0.747022  0.144076 -0.494749   1.37931
 0.747406  0.145297 -0.496311   1.38124
0.746692 0.146219  -0.4965  1.38011
 0.746261  0.145029 -0.494935   1.37809
 0.746667  0.145606 -0.496308   1.37982
  0.74668  0.149835 -0.500395   1.38293
0.746029 0.150906 -0.50083  1.38208
 0.745598  0.149621 -0.499242   1.38017
 0.746005  0.150107 -0.500436   1.38166
 0.745942  0.147163 -0.496659    1.3789
 0.745192  0.148085 -0.496832    1.3777
 0.744802  0.146879 -0.495219   1.37571
 0.745203  0.147487 -0.496637   1.37747
 0.748307  0.148052 -0.500228   1.38566
 0.747432  0.148897 -0.500256   1.38413
 0.747093  0.147688 -0.498928   1.38255
 0.747497  0.148433 -0.500132   1.38409
 0.746666  0.149217 -0.500196   1.38265
 0.745583  0.148961 -0.499012   1.37986
 0.746325  0.148011 -0.498792   1.38102
  0.74632  0.148636 -0.499018   1.38127
 0.746581  0.152075 -0.501992   1.38396
 0.748334  0.151928 -0.502831   1.38756
 0.747041  0.153804 -0.503209   1.38562
 0.747054  0.152557 -0.502769   1.38513
 0.743902  0.155542 -0.502698    1.3798
 0.745616  0.155385 -0.503618   1.38335
 0.744415  0.157254 -0.503894   1.38155
 0.744384   0.15603 -0.503504     1.381
 0.744288  0.151248 -0.499643   1.37813
 0.745432  0.151635 -0.501054   1.38118
 0.744637  0.152426 -0.501009   1.37976
  0.74469  0.152007 -0.500908   1.37971
 0.742892  0.153093 -0.499838   1.37587
 0.743937   0.15333 -0.501079   1.37862
0.743327 0.154375 -0.50148  1.37784
 0.743296  0.153596 -0.501106   1.37741
 0.742134  0.150346 -0.495641   1.37135
 0.743201  0.150685 -0.497214   1.37449
 0.742497  0.151547 -0.497349   1.37335
 0.742515  0.150993 -0.497172   1.37316
 0.743572  0.151568 -0.499456   1.37668
 0.743914  0.152747 -0.500904   1.37835
 0.742878  0.152466 -0.499628   1.37559
 0.743574  0.152149 -0.499656   1.37692
 0.745598  0.154844 -0.503273   1.38303
0.743766 0.154919 -0.50237  1.37921
 0.744414  0.153851 -0.502004   1.38007
 0.744715  0.154573 -0.502302   1.38099
 0.746478  0.154159 -0.503091   1.38453
 0.745252  0.153235 -0.501828    1.3815
 0.746076  0.152409 -0.501849   1.38294
 0.745798  0.153022 -0.501885   1.38253
0.789456 0.171192 -0.47251  1.45489
 0.784685  0.174515 -0.474838    1.4471
  0.78642  0.171636 -0.478971   1.45161
 0.786515   0.17176 -0.473984   1.44972
 0.741341  0.159085 -0.503266   1.37584
 0.743062  0.158882 -0.504225    1.3794
 0.741948  0.160815 -0.504412   1.37775
 0.741843  0.159562 -0.504058   1.37705
 0.738946  0.162881 -0.503629   1.37217
 0.740701  0.162572 -0.504624   1.37577
 0.739685  0.164646 -0.504686   1.37428
 0.739477  0.163327 -0.504366   1.37338
0.738946 0.158262 -0.50063  1.36964
 0.740132  0.158656 -0.502167   1.37285
 0.739366  0.159497 -0.502035   1.37146
 0.739376  0.159061 -0.501958   1.37134
 0.737605  0.160299 -0.500656   1.36746
 0.738715  0.160494 -0.502004   1.37039
0.738181 0.161651 -0.50232  1.36975
0.738053 0.160813 -0.50198  1.36913
 0.736654  0.157337 -0.496359   1.36237
 0.737807  0.157686 -0.498063   1.36579
 0.737102  0.158653 -0.498141   1.36465
 0.737067  0.158041 -0.497983   1.36434
0.738196 0.158625 -0.50038   1.3681
 0.738616  0.159866 -0.501859   1.36997
 0.737514  0.159615 -0.500475   1.36702
 0.738247  0.159244 -0.500557   1.36844
 0.740525  0.161974 -0.504344   1.37517
 0.738654  0.162182 -0.503347   1.37128
  0.73922  0.161014 -0.503068   1.37199
 0.739591  0.161764 -0.503337   1.37304
0.741371 0.161255  -0.5042   1.3766
 0.740045  0.160363 -0.502923   1.37339
 0.740826  0.159484 -0.503035   1.37477
 0.740618   0.16011 -0.503036   1.37449
0.794676 0.176951  -0.4541  1.45976
0.798236 0.181824 -0.45144  1.46701
 0.792994  0.185126 -0.457124    1.4594
 0.794736  0.180747 -0.454343     1.461
 0.791645  0.176943 -0.460392   1.45625
 0.786488   0.17987 -0.463535   1.44819
 0.788988  0.176837 -0.464341   1.45241
0.788523 0.177214  -0.4616  1.45045
 0.791927  0.174109 -0.460579   1.45573
 0.789102  0.174191 -0.463929   1.45138
 0.791234  0.171177 -0.464115   1.45476
 0.791311  0.173372 -0.463424   1.45555
 0.789949   0.18322 -0.459535   1.45395
 0.785944  0.180799 -0.461593   1.44642
 0.79112 0.177101 -0.45548  1.45305
 0.790167  0.181609 -0.459412   1.45421
 0.736822  0.167019 -0.503701   1.36894
 0.738586  0.166579 -0.504741   1.37255
 0.737735    0.1688 -0.504642   1.37132
0.737387 0.167414 -0.50437  1.37015
 0.735103  0.171523 -0.503394   1.36638
 0.736861   0.17093 -0.504486   1.36995
 0.736211  0.173307 -0.504192   1.36904
 0.735703  0.171855 -0.503977   1.36757
 0.734117  0.166454 -0.500716   1.36198
 0.735415  0.166728 -0.502386   1.36546
 0.734758  0.167742 -0.502093   1.36424
 0.734617  0.167233 -0.502062   1.36383
 0.733114  0.168871 -0.500363   1.36034
 0.734292  0.168924 -0.501871   1.36347
 0.733993   0.17026 -0.502003   1.36324
 0.733641  0.169341 -0.501739    1.3622
 0.731669  0.165763 -0.496122   1.35419
0.732902 0.166002 -0.49801  1.35788
 0.732345  0.167157 -0.497913   1.35698
 0.732136  0.166466 -0.497809   1.35634
 0.733347   0.16692 -0.500331   1.36035
 0.733995  0.168212 -0.501787   1.36268
 0.732816  0.168094 -0.500247   1.35951
 0.733564  0.167615 -0.500454   1.36101
0.736376 0.170225 -0.50432  1.36878
 0.734518  0.170715 -0.503206   1.36495
 0.734849  0.169388 -0.503099   1.36526
 0.735346  0.170165 -0.503313   1.36653
 0.737112  0.169425 -0.504232   1.36999
 0.735577  0.168651 -0.503007   1.36647
 0.736248  0.167606 -0.503268   1.36767
 0.736223  0.168314 -0.503204   1.36774
0.801496 0.198767 -0.47475   1.4837
 0.803924  0.193147 -0.467621   1.48557
0.807108 0.199314 -0.47087  1.49308
 0.804555  0.198171 -0.473445    1.4892
  0.80087  0.207392 -0.472145    1.4824
 0.807313  0.204663 -0.468722   1.49317
 0.806085  0.210318 -0.465959   1.49047
0.806043 0.207865 -0.47024  1.49226
 0.791163  0.200869 -0.482874   1.46703
 0.797106  0.200419 -0.478595   1.47667
 0.796312  0.204011 -0.477103   1.47498
 0.796341  0.202655 -0.480744   1.47694
  0.80112  0.202012 -0.476839    1.4844
 0.806589  0.203013 -0.472359   1.49342
 0.800554  0.205872 -0.475195   1.48318
 0.801638  0.203329 -0.474087   1.48412
 0.733174   0.18733 -0.499699   1.36396
 0.734841  0.186183 -0.500876   1.36717
  0.73496  0.189077 -0.499847   1.36747
 0.733874  0.187381 -0.499852   1.36492
 0.733706  0.193546 -0.497371   1.36506
 0.735362  0.192139 -0.498525   1.36813
0.735793 0.195303 -0.49718  1.36893
 0.734444  0.193452 -0.497274   1.36587
0.729904 0.187273 -0.49551  1.35531
 0.731333  0.187392 -0.497779   1.35939
0.731142 0.188773   -0.497  1.35891
 0.730554  0.188095 -0.497116   1.35766
 0.730079  0.190447 -0.493935   1.35545
  0.73129   0.19034 -0.496216   1.35913
 0.73169 0.192114 -0.49584  1.36009
 0.730747  0.190951 -0.495774   1.35792
  0.72738   0.18716 -0.490183   1.34691
 0.728679  0.187142 -0.492509   1.35098
 0.728682  0.188681 -0.491884   1.35096
 0.727976  0.187816 -0.491962    1.3494
 0.729198  0.187953 -0.494676   1.35358
 0.730454  0.189438 -0.496317   1.35733
 0.729232   0.18949 -0.494026    1.3536
 0.729899  0.188796 -0.494614   1.35513
0.733979 0.191168 -0.49872  1.36536
 0.732309  0.192451 -0.497467   1.36213
 0.731938  0.190733 -0.497888   1.36128
 0.732771  0.191555 -0.497937   1.36313
 0.734292  0.190154 -0.498823   1.36578
 0.732309  0.189783 -0.497967   1.36182
  0.73252  0.188377 -0.498642   1.36225
 0.733068   0.18928 -0.498373   1.36338
 0.784046  0.171951 -0.480876   1.44778
 0.782406  0.174271 -0.477611   1.44382
 0.780441  0.174138 -0.483484    1.4423
 0.782657  0.174059 -0.481478   1.44575
 0.734793  0.197732 -0.495727   1.36667
 0.732941  0.199848 -0.494166   1.36318
 0.732413  0.197594 -0.495092   1.36218
0.733374 0.198435 -0.49504  1.36424
 0.735022  0.196586 -0.495886   1.36693
  0.73275  0.196457 -0.495226   1.36263
 0.732945   0.19478 -0.496081   1.36304
 0.733682  0.195825 -0.495727   1.36453
 0.729959  0.197644 -0.489582   1.35426
 0.731715  0.200086 -0.491393   1.35947
 0.729879  0.199048 -0.488416   1.35372
 0.730648  0.198456 -0.489278   1.35563
 0.726918   0.19715 -0.484797   1.34504
 0.728285  0.198469 -0.486101   1.34893
 0.727104   0.19891 -0.483916    1.3453
 0.727856   0.19801 -0.484768    1.3471
 0.726743  0.194181 -0.486546   1.34506
  0.72836  0.195602 -0.488179   1.34967
 0.727023   0.19574 -0.485746   1.34549
 0.727817  0.194947 -0.486478   1.34733
 0.729013  0.196426 -0.488072   1.35111
 0.728909  0.197821 -0.486981   1.35056
 0.727763  0.196367 -0.485748   1.34712
 0.728304  0.197129 -0.487138   1.34928
 0.729388  0.191132 -0.493478   1.35396
 0.730937  0.192828 -0.495375   1.35848
 0.729484  0.192685 -0.492769   1.35409
 0.730183  0.191992 -0.493357   1.35567
 0.726552  0.191036 -0.488109    1.3449
 0.728179  0.192452 -0.489826   1.34958
 0.726657  0.192627 -0.487405   1.34505
 0.727566  0.191779 -0.488083   1.34707
 0.726461  0.188018 -0.489534   1.34489
 0.728046  0.189341 -0.491323   1.34951
 0.726628  0.189524 -0.488854   1.34515
 0.727443  0.188708 -0.489502   1.34698
 0.728777  0.190167 -0.491231   1.35109
 0.728873  0.191735 -0.490485    1.3512
 0.727535  0.190149 -0.488813   1.34707
 0.728102  0.190853 -0.490602   1.34953
 0.731838  0.196994 -0.493227    1.3601
 0.732398  0.199302 -0.492248   1.36116
 0.730569  0.196916 -0.490392    1.3558
  0.73117  0.197744 -0.492417   1.35845
 0.728905  0.193361 -0.489727   1.35118
  0.72891  0.194985 -0.488867   1.35105
 0.727624  0.193326 -0.487372   1.34712
 0.728191  0.194062 -0.489006   1.34948
0.731649 0.193703 -0.49528  1.36004
0.731436 0.195283 -0.49429  1.35947
 0.730121  0.193469 -0.492688   1.35549
 0.730795  0.194474 -0.494445    1.3581
 0.730722  0.195967 -0.493464   1.35779
 0.729438  0.195814 -0.490632   1.35344
 0.729396  0.194194 -0.491587   1.35356
  0.73017  0.195063 -0.491436   1.35522
 0.742831  0.164225 -0.503715   1.37808
 0.740575  0.164914 -0.504307   1.37499
 0.741577  0.162939 -0.504318   1.37655
 0.741922  0.164146 -0.504481   1.37758
 0.744978  0.160658 -0.503644   1.38154
 0.742808  0.161158 -0.504211   1.37854
 0.743915  0.159326 -0.504078   1.38027
 0.744122  0.160486 -0.504291   1.38104
 0.747064  0.163617 -0.504681   1.38575
 0.745052  0.163736 -0.503577    1.3815
  0.74602  0.162021 -0.503607   1.38309
0.746317 0.163035 -0.50374  1.38396
0.744151 0.163479 -0.50388  1.38062
 0.743007  0.162218 -0.504402   1.37926
 0.745169  0.161701 -0.503825   1.38223
 0.743854  0.162381 -0.503728   1.37972
 0.730382  0.214059 -0.478272   1.35229
 0.728859  0.214918 -0.475366   1.34768
  0.72853   0.21265 -0.476663   1.34721
 0.729752  0.213622 -0.476549   1.34983
 0.730175  0.209962 -0.481008   1.35247
 0.728423  0.210687 -0.478034   1.34732
 0.728061  0.208519 -0.479203   1.34676
 0.729352  0.209448 -0.479088   1.34949
  0.73473  0.215258 -0.484769   1.36524
 0.732297  0.214401 -0.481219   1.35804
 0.732341  0.212315 -0.482695   1.35848
 0.733452  0.213503 -0.482271   1.36074
 0.731011  0.213049 -0.479481   1.35402
 0.729449  0.211459 -0.477964   1.34952
0.731077 0.210974  -0.4809  1.35447
 0.730142  0.212129 -0.479644   1.35214
 0.729055  0.205713 -0.482619   1.35014
 0.727801  0.206392 -0.480086   1.34622
  0.72747  0.204395 -0.481179   1.34573
0.728542 0.205299 -0.48111  1.34805
 0.728982  0.202129 -0.484913    1.3505
0.727389 0.202622 -0.48231  1.34582
  0.72725  0.200736 -0.483241   1.34564
 0.728337  0.201567 -0.483178   1.34797
 0.732764  0.207043 -0.488573   1.36156
 0.730729  0.206107 -0.485253   1.35524
 0.730801  0.204325 -0.486503    1.3557
 0.731678  0.205372 -0.486155   1.35749
  0.72964  0.204868 -0.483651   1.35173
 0.728304  0.203383 -0.482295   1.34782
  0.72973  0.203068 -0.484843   1.35219
 0.728892  0.204022 -0.483787   1.35011
 0.739143  0.210667 -0.488686   1.37385
 0.736497  0.213571 -0.487287   1.36932
 0.735477  0.209723 -0.489338    1.3676
 0.737651  0.211517 -0.488979   1.37213
 0.730963  0.208904 -0.481764   1.35423
 0.729028  0.207377 -0.479973   1.34885
 0.730146  0.206754 -0.482466   1.35248
 0.729734  0.207617 -0.481758   1.35144
  0.73458  0.209502 -0.488361   1.36567
0.735527 0.213449 -0.48664  1.36752
 0.733183  0.210609 -0.484444    1.3608
 0.733842  0.211218 -0.486569   1.36352
 0.730763  0.207168 -0.485106   1.35551
 0.732847  0.208041 -0.488422    1.3619
  0.73156  0.209267 -0.484513   1.35727
  0.73158  0.208031 -0.485227   1.35743
 0.741571  0.181446 -0.500144   1.37634
 0.743722  0.180356 -0.501345   1.38066
 0.743482  0.182679 -0.500177   1.38002
 0.742489  0.181528 -0.500348   1.37789
 0.742401  0.186512 -0.497932   1.37781
 0.744113  0.185136 -0.498882   1.38105
 0.745243  0.187622 -0.497687   1.38303
 0.743414  0.186237 -0.498044   1.37938
 0.737114  0.184712 -0.500635   1.37026
 0.739463  0.182966 -0.500119   1.37326
 0.739686   0.18557 -0.499093   1.37366
 0.738294  0.184153 -0.499326   1.37074
0.740483 0.182554  -0.4993  1.37397
 0.742551  0.183763 -0.499158   1.37782
 0.740737   0.18505 -0.498241   1.37437
  0.74169  0.183895 -0.499129   1.37655
 0.812478  0.236478 -0.445052   1.49976
 0.818183  0.235957 -0.441048   1.50925
 0.815191  0.241687 -0.439878   1.50422
0.815927 0.238747 -0.44362  1.50696
  0.80597  0.246231 -0.438329   1.48607
  0.81179  0.246897 -0.436734   1.49733
 0.808374  0.252786 -0.430818   1.48924
 0.809571  0.248734 -0.436752    1.4936
 0.799652   0.23717 -0.450843    1.4772
 0.806751   0.23684 -0.448102   1.48998
 0.804032  0.241837 -0.444538   1.48416
 0.804432  0.238803 -0.448574   1.48637
 0.810377  0.238401 -0.446479   1.49712
 0.813214    0.2436 -0.440913   1.50163
 0.807591  0.242794 -0.442624   1.49081
 0.809604  0.241333 -0.442415   1.49412
 0.743361  0.192063 -0.495304   1.37934
 0.745633  0.190265 -0.496438   1.38363
 0.745886  0.193101 -0.494642   1.38374
 0.744391  0.191719 -0.494991   1.38065
 0.746128  0.197942 -0.491727   1.38408
 0.747785  0.195866 -0.492572   1.38694
 0.750177  0.199112 -0.490183   1.39093
0.747192 0.197283 -0.49102   1.3851
 0.738824  0.196671 -0.495525    1.3733
 0.741234  0.194145 -0.495092   1.37623
 0.742285  0.197199 -0.493391   1.37798
 0.740195  0.195615 -0.493869   1.37376
0.742431 0.193385 -0.49411  1.37714
 0.745233  0.194327 -0.493222    1.3819
 0.743533  0.196254 -0.492383   1.37893
  0.74428  0.194915 -0.493694   1.38091
 0.752186  0.218475 -0.477759   1.39289
  0.74973  0.223199 -0.477509   1.38994
 0.747376   0.21896 -0.480816   1.38623
0.750346 0.220648 -0.47988  1.39194
 0.747519  0.210636 -0.484052   1.38563
0.745206  0.21481 -0.48394  1.38287
 0.743333  0.211033 -0.486562   1.37991
 0.745747  0.212463 -0.485859   1.38453
 0.756202  0.210552 -0.481228   1.40005
 0.754233  0.214232 -0.478854   1.39599
  0.75174  0.210589 -0.481911   1.39201
 0.754546  0.211917 -0.480943    1.3973
 0.752632  0.215913 -0.480048   1.39452
 0.748109  0.216365 -0.483029   1.38838
 0.750212  0.212156 -0.483203   1.39079
 0.749774  0.214512 -0.481106   1.38922
 0.741406   0.22754 -0.479303   1.37783
 0.746711  0.228066 -0.477271   1.38619
 0.743059  0.232521 -0.476077   1.38055
 0.744539   0.22981 -0.478531   1.38423
 0.737251  0.231924 -0.471959   1.36711
 0.740644  0.235433 -0.473703   1.37583
 0.737279  0.234558 -0.469939   1.36674
 0.738799  0.233411 -0.471302   1.37024
0.732028 0.232343 -0.46455  1.35231
 0.734638  0.234095 -0.466377   1.35915
 0.732611  0.235171 -0.462729   1.35321
 0.733718  0.233575 -0.464304    1.3559
 0.731263  0.227348 -0.468171   1.35153
 0.734208  0.228994 -0.470229   1.35913
 0.731959  0.229954 -0.466476   1.35264
 0.732996  0.228426 -0.467894   1.35512
0.735449 0.230214 -0.46998  1.36181
 0.735452   0.23281 -0.467999   1.36138
 0.733296  0.230823 -0.466284   1.35544
 0.734264  0.231671 -0.468302   1.35886
 0.734511  0.221535 -0.477906   1.36234
 0.737382  0.224728 -0.479908   1.37008
 0.734516   0.22389 -0.476171   1.36196
0.735854 0.222856 -0.47738  1.36506
  0.73008  0.221967 -0.471147   1.34946
 0.732289  0.223521 -0.472891   1.35538
 0.730513  0.224519 -0.469602    1.3501
 0.731519  0.223056 -0.470973   1.35253
0.729433 0.217436 -0.47421   1.3488
 0.731937  0.218942 -0.476153    1.3554
 0.729989  0.219808 -0.472779   1.34968
 0.730927  0.218422 -0.474012   1.35192
 0.733005   0.22004 -0.475982   1.35773
 0.732987  0.222367 -0.474298   1.35731
 0.731149  0.220609 -0.472646   1.35213
0.731968 0.221356 -0.47452  1.35513
 0.735176  0.227554 -0.471338   1.36132
 0.732336  0.225824 -0.469323   1.35393
 0.733867  0.224803 -0.472563   1.35868
 0.733417  0.225979 -0.471521   1.35748
 0.740155  0.227821 -0.479307    1.3761
 0.741728   0.23294 -0.476457   1.37896
 0.738368  0.229584 -0.474552   1.37027
 0.739304  0.230129 -0.476676   1.37343
  0.73476  0.225232 -0.475921   1.36268
 0.737655  0.225979 -0.479663   1.37084
 0.736042  0.227892 -0.474873   1.36535
 0.735857   0.22623 -0.475936   1.36516
 0.757152  0.215539 -0.477798   1.40148
 0.758836  0.211709 -0.480364   1.40507
0.761519 0.215485 -0.47692  1.40936
 0.758718  0.214064 -0.477773   1.40385
0.765214 0.223826 -0.46897  1.41443
 0.766287  0.219854 -0.472646   1.41755
   0.7723  0.223488 -0.468908   1.42839
 0.767476  0.221945 -0.470612    1.4193
 0.753357  0.225057 -0.476292   1.39686
 0.755611   0.22018 -0.476595   1.39945
 0.758849  0.224205 -0.472585   1.40447
 0.755262  0.222772 -0.474073    1.3979
 0.757261   0.21807 -0.474965   1.40063
  0.76191  0.217827 -0.474106   1.40905
 0.760623  0.221912 -0.470835   1.40582
 0.760423  0.219189 -0.473605   1.40637
   0.7489    0.2506 -0.463579   1.39006
 0.755921  0.251148 -0.459632   1.40071
 0.750409  0.257127 -0.459005   1.39247
0.752983 0.253771 -0.46229   1.3985
 0.742696  0.256513 -0.456519   1.37636
 0.74694 0.260951  -0.4571  1.38644
 0.742417  0.259879 -0.453956   1.37543
 0.744395  0.258555 -0.455512   1.37983
 0.735126  0.256636 -0.448466   1.35652
0.738496 0.259059 -0.45023   1.3651
 0.735373  0.260286 -0.446126   1.35686
 0.737271  0.258303 -0.448134   1.36117
 0.734913  0.250315 -0.453042   1.35673
 0.738716  0.252564 -0.455186   1.36632
 0.735379  0.253578 -0.450927   1.35746
 0.737123  0.251715 -0.452685   1.36138
 0.740207  0.254196 -0.454779    1.3696
 0.739872  0.257514 -0.452237   1.36853
 0.737105  0.254768 -0.450699   1.36117
 0.738419  0.255918 -0.452732   1.36538
 0.740168  0.243516 -0.464824    1.3721
 0.743998  0.247448 -0.466102   1.38156
 0.740085  0.246461 -0.462553   1.37152
 0.741809  0.245229 -0.464019   1.37543
 0.733931   0.24377 -0.456968   1.35502
 0.736883  0.245809 -0.458834   1.36268
 0.734419  0.246903 -0.454926   1.35576
 0.735823  0.245163 -0.456676   1.35906
 0.733297   0.23823 -0.461069   1.35451
 0.736666  0.240129 -0.463218    1.3631
  0.73396  0.241109 -0.459164   1.35556
 0.735263  0.239437 -0.460742    1.3586
  0.73804  0.241516 -0.462894   1.36608
 0.737928   0.24441 -0.460642   1.36541
  0.73548  0.242098 -0.458942   1.35877
 0.736612  0.243094 -0.461029    1.3626
  0.74014  0.250883 -0.456582   1.36945
 0.736663  0.248452 -0.454507   1.36049
 0.738862  0.247447 -0.458303   1.36683
 0.738027  0.248865 -0.456957    1.3648
 0.747122  0.251362 -0.464985   1.38836
 0.748487  0.258047 -0.460792   1.39078
 0.744226  0.253821 -0.460055   1.38067
 0.745478  0.254225 -0.461432   1.38387
 0.740043  0.248279 -0.462159   1.37179
 0.744009  0.249248 -0.465698   1.38192
0.741295 0.251681 -0.46062  1.37445
0.741592 0.249674 -0.46202  1.37525
  0.84351  0.288925 -0.367151    1.5462
 0.832856   0.28309 -0.385023   1.52924
 0.843654  0.276483 -0.380886   1.54789
 0.840269  0.282228 -0.380904   1.54317
 0.806094  0.264174 -0.426636   1.48656
 0.803626  0.272848 -0.419233   1.48073
0.798689 0.266813 -0.42653  1.47223
 0.802513  0.267916 -0.424855   1.47975
  0.80439  0.258977 -0.430257   1.48325
 0.797195  0.261683 -0.430013   1.46931
 0.795536  0.255005 -0.437325   1.46756
 0.799714  0.259437 -0.433268    1.4755
 0.863962  0.255551 -0.373992   1.58194
 0.869055  0.248366 -0.370946   1.58981
 0.869809  0.255992 -0.364968   1.59125
 0.867903  0.253427 -0.372083    1.5893
 0.863998  0.269881 -0.359825   1.58079
0.870383 0.263095 -0.35765  1.59181
 0.871182  0.271164 -0.347726    1.5923
 0.868612  0.268272 -0.357659   1.58972
 0.851038  0.268249 -0.380336   1.56063
 0.858138  0.262607 -0.377118   1.57276
 0.857649  0.268902 -0.370333   1.57093
 0.856473  0.266342 -0.377619   1.57077
 0.862524  0.260154 -0.374977   1.58079
 0.868496  0.260562 -0.365451   1.59011
 0.862335  0.267073 -0.367913   1.57968
 0.864093  0.262733 -0.367576   1.58184
 0.817765  0.264146 -0.413685   1.50422
 0.813075  0.259349 -0.422002   1.49692
 0.819797  0.260151 -0.416871   1.50849
 0.818287  0.262555 -0.419149    1.5076
 0.826325  0.268463 -0.403047   1.51828
 0.822504  0.276507 -0.397053   1.51041
 0.819924  0.269623 -0.406718   1.50713
 0.824227  0.272192 -0.404345   1.51606
 0.823779  0.262624 -0.414649    1.5167
0.827651 0.265812 -0.40806  1.52276
 0.821728   0.26682 -0.411354   1.51241
 0.823483  0.264558 -0.410106    1.5144
 0.915851  0.241224 -0.286099   1.66288
 0.919162   0.22964 -0.287712   1.66816
 0.921167  0.235499 -0.276976   1.67092
 0.918683  0.232203 -0.283729   1.66636
 0.917457  0.265022 -0.266858   1.66772
 0.907121  0.272226 -0.286072   1.65207
 0.913178   0.25688 -0.284332   1.66063
 0.911857  0.259557 -0.280687   1.65738
 0.920215  0.237407 -0.272481   1.66784
0.919243 0.249004 -0.26293  1.66592
 0.914838   0.24351 -0.281027   1.65957
 0.919036  0.247621 -0.275334   1.66875
 0.841425  0.295062 -0.369387   1.54528
 0.829068  0.296777 -0.375802   1.52231
 0.830902  0.288583 -0.386935   1.52828
 0.831885  0.292641 -0.374579   1.52597
 0.789723  0.392698 -0.306039   1.45429
 0.806043  0.389159 -0.291123   1.48009
  0.79396  0.403869 -0.285699   1.46105
  0.79963  0.400308 -0.297656    1.4757
0.778516  0.42553 -0.24918   1.4276
 0.775064  0.429255 -0.234791   1.41779
 0.773085   0.42396 -0.247962     1.415
0.775843 0.425173 -0.24614  1.42082
 0.773808  0.414454 -0.272843   1.42003
 0.786306  0.420928 -0.276067   1.45077
 0.780427  0.423143 -0.263692   1.43526
 0.780475   0.42018 -0.269711    1.4359
 0.770181  0.417823 -0.253363   1.40748
 0.768357  0.411793 -0.264556   1.40434
 0.777639  0.419335 -0.257362   1.42517
 0.774441   0.41751 -0.258622   1.41792
 0.769616  0.402092 -0.295542   1.41341
 0.766405  0.406366 -0.283012   1.40416
 0.764314  0.400433 -0.294261   1.40108
 0.767088  0.401951 -0.292643   1.40697
0.765303 0.390127 -0.31533  1.40642
 0.777254  0.396186 -0.318806   1.43567
 0.771601  0.398804 -0.307982   1.42083
 0.771839  0.395858 -0.312837   1.42182
 0.761917  0.394621 -0.298194   1.39473
 0.760031  0.388394 -0.307478   1.39145
 0.768943  0.395926 -0.302141   1.41147
 0.765855  0.393865 -0.302983   1.40434
 0.786612  0.416707 -0.282307   1.45149
 0.773396  0.410587 -0.278928   1.41938
 0.776801   0.40667 -0.291412   1.42913
 0.778594  0.410132 -0.285153   1.43226
 0.789785  0.415297 -0.295452   1.46235
 0.780137  0.405732 -0.304346   1.44069
 0.785632  0.401995 -0.314725   1.45442
 0.782255   0.40388 -0.303205   1.44373
 0.936556  0.222153 -0.243104   1.69408
 0.939181  0.211356 -0.244491   1.69833
 0.940699  0.216852 -0.234109   1.70036
 0.938758  0.213263 -0.240821   1.69664
  0.93709  0.245969 -0.223734   1.69637
 0.927218  0.255245 -0.245226   1.68137
 0.933383  0.239467 -0.242509   1.69078
 0.932332  0.241153 -0.239321   1.68787
 0.939737  0.218168 -0.229554   1.69715
 0.938949  0.230128 -0.220129    1.6957
 0.935204  0.224349 -0.238851   1.69023
 0.938656  0.229663 -0.232707   1.69816
 0.798727  0.462435 -0.129433   1.46074
 0.795941   0.46426 -0.110642    1.4528
 0.792647  0.462575 -0.128505   1.44774
 0.795533  0.462763 -0.126281   1.45361
 0.792336  0.457051 -0.162867   1.45066
 0.806363  0.463181 -0.165112   1.48457
 0.800424  0.463844 -0.149164   1.46892
0.799443 0.461768 -0.15821  1.46751
 0.788315  0.456667 -0.137785   1.43688
0.786173   0.4525 -0.15412  1.43319
 0.797321  0.457318 -0.141735   1.45705
 0.793578  0.457855 -0.144353    1.4499
 0.787312  0.446774 -0.194551   1.44174
 0.783431  0.449874 -0.177877   1.43118
 0.781471  0.445401 -0.193504   1.42839
 0.784333  0.446456 -0.191447   1.43449
0.782721 0.437091 -0.22262  1.43444
 0.795889  0.443999 -0.225169   1.46685
 0.789533  0.445681 -0.211346   1.45036
 0.78956 0.442878 -0.21867  1.45095
 0.778391  0.438958 -0.200722   1.42025
 0.776927  0.433317 -0.214083   1.41775
 0.786481  0.440678 -0.204685   1.43926
 0.783117   0.43915 -0.206433   1.43177
  0.82766  0.424951 -0.193124    1.5145
 0.814315  0.442272 -0.182154   1.49332
0.809693 0.433791 -0.21008  1.48591
 0.820519  0.441055 -0.198351   1.51002
 0.806358  0.459319 -0.174443   1.48448
 0.791319   0.45357 -0.172126   1.44863
 0.795448  0.450833 -0.188693    1.4598
0.797645  0.45393 -0.17926  1.46386
 0.809903  0.461308 -0.191859   1.49741
 0.799301   0.45305 -0.205421   1.47363
 0.805289   0.44951 -0.218958   1.48817
 0.801586   0.44869 -0.203772   1.47567
0.966784 0.179082 -0.15622  1.73886
0.968467 0.169631 -0.15697  1.74189
 0.969366  0.173773 -0.147872   1.74301
0.968246 0.170287 -0.15411  1.74066
 0.966771  0.202932 -0.138416    1.7403
 0.960568  0.215223 -0.158851   1.73121
 0.964536  0.197718 -0.155752   1.73676
 0.963935  0.198645 -0.153485   1.73493
 0.968678  0.173881 -0.143715   1.74046
 0.967881  0.182798 -0.134011   1.73832
  0.96586  0.179497 -0.151719   1.73575
 0.967759  0.184736 -0.146207   1.74049
 0.827754   0.46016 0.0083216   1.51002
 0.826432  0.456793 0.0265543   1.50547
  0.822542   0.461423 0.00972243     1.4994
 0.824999  0.460169 0.0113383   1.50407
  0.820371    0.46743 -0.0243414    1.49881
  0.833712   0.469982 -0.0254635    1.52935
   0.828298     0.46828 -0.00978805     1.51609
  0.827127   0.468994 -0.0196873    1.51427
    0.817698     0.459201 -0.000589484      1.48773
  0.815141   0.460516 -0.0170772     1.4833
   0.825682    0.459452 -0.00425692     1.50522
   0.822252    0.462309 -0.00621903     1.49941
  0.813226   0.466985 -0.0598154    1.48534
  0.810873   0.466447 -0.0412648    1.47859
  0.807523    0.46784 -0.0587065    1.47349
  0.810187   0.467266 -0.0567047    1.47873
 0.805999  0.468417 -0.093825   1.47433
  0.820211   0.472476 -0.0958827    1.50757
  0.814439   0.471966 -0.0792915    1.49282
  0.813123   0.471156 -0.0891777     1.4907
 0.802953  0.463745 -0.068457   1.46225
    0.8003   0.462457 -0.0852147    1.45764
  0.811561   0.464021 -0.0723462    1.48123
  0.807882   0.466042 -0.0747897    1.47473
  0.856348   0.433916 -0.0680163    1.56068
  0.841267    0.45382 -0.0505167    1.53764
  0.836128   0.453164 -0.0826842    1.52901
  0.847102    0.45695 -0.0686869    1.55379
  0.833239   0.468955 -0.0365369    1.52834
  0.818569   0.466943 -0.0349796    1.49519
  0.821791   0.468248 -0.0529886    1.50411
  0.824521   0.468432 -0.0416552    1.50928
  0.836335   0.477044 -0.0552458    1.54108
  0.825315   0.476419 -0.0715274    1.51823
  0.830634   0.474381 -0.0881302    1.53043
  0.827767   0.467792 -0.0707861    1.51851
  0.983521   0.148926 -0.0163241    1.76198
  0.982739   0.156507 -0.0118659    1.76059
  0.982653    0.15703 -0.0199774    1.76061
  0.983094    0.15801 -0.0177575     1.7619
  0.98354   0.14604 -0.033393   1.76218
  0.982838   0.154366 -0.0311567    1.76104
  0.982785   0.150074 -0.0425899    1.76106
  0.983172    0.15457 -0.0327877    1.76227
  0.984748   0.135009 -0.0211981    1.76443
  0.984264   0.142559 -0.0186162    1.76352
  0.984188   0.141908 -0.0245029    1.76341
  0.984485   0.143128 -0.0224269    1.76435
  0.983895   0.149671 -0.0196267    1.76317
  0.983068   0.157786 -0.0235024    1.76191
    0.9838   0.149656 -0.0256069    1.76309
  0.983558   0.148768 -0.0221548    1.76218
0.858447 0.415532 0.119246  1.56194
0.858417 0.408943 0.131188  1.56043
0.855502 0.416475 0.121299  1.55616
0.856813 0.414305 0.121149  1.55802
 0.851194  0.430507 0.0980415   1.55071
  0.86023  0.432271 0.0952942   1.57137
0.857622 0.426259 0.107431  1.56396
 0.855863  0.429385 0.0996545   1.56074
0.851104 0.417716 0.113752  1.54597
0.848319 0.423426 0.102379  1.54124
0.856281 0.417957 0.110364  1.55715
0.853873 0.421867 0.110391  1.55378
0.843908 0.441161  0.07062  1.53751
 0.843694  0.435364 0.0859386   1.53533
 0.839976  0.442548 0.0725823   1.52975
0.841805 0.440403 0.073147  1.53271
 0.835622  0.454165 0.0425919   1.52465
 0.847117  0.455746 0.0406897   1.55072
 0.843312  0.451526 0.0552443   1.54078
 0.841563  0.453921 0.0458711   1.53777
 0.834777  0.442594 0.0632214   1.51767
 0.831519  0.447036 0.0484381   1.51206
 0.841428  0.442607 0.0594808   1.53203
 0.838433  0.446692 0.0586048   1.52759
 0.874021  0.418348 0.0530642   1.59051
0.864313 0.427259 0.070842  1.57511
 0.859578  0.435879 0.0447685   1.56735
0.867903 0.435626 0.057289  1.58653
 0.859105  0.434366 0.0862064   1.56906
 0.848799  0.433081 0.0894105   1.54585
 0.850022  0.439474 0.0747149   1.55054
0.852818 0.436564 0.084248  1.55602
  0.86078   0.44623 0.0731587   1.57791
 0.852149  0.451904 0.0612657   1.56101
 0.855626  0.454045 0.0463497   1.56896
 0.854127  0.442954 0.0593331   1.56042
 0.979124  0.158261 0.0845972   1.75556
 0.979375  0.161037 0.0735174   1.75629
 0.981274  0.149638 0.0771966   1.75955
 0.979713   0.15329 0.0821522   1.75646
0.979642 0.142869 0.104087  1.75657
 0.981652  0.138497 0.0907718   1.76005
0.981303 0.131383 0.105467  1.75977
0.980754 0.131341 0.101061  1.75773
0.976645 0.162098 0.105518  1.75126
 0.977992  0.159001 0.0952704   1.75344
0.978091 0.152098 0.103249  1.75355
0.977515 0.153433 0.103024  1.75209
 0.978881  0.151497 0.0928207   1.75455
 0.980834  0.139717 0.0894475   1.75787
0.979139 0.143092  0.10086  1.75483
 0.979798  0.149689 0.0922565   1.75668
  0.8794 0.391938 0.136098  1.59957
0.889259 0.378454 0.137371  1.61546
0.882753 0.380986 0.152337  1.60492
 0.88485 0.389812 0.143257  1.61213
0.877829 0.364985 0.184912  1.59412
0.877134 0.359671 0.192984  1.59224
0.875681 0.365739  0.18654  1.59007
0.876555 0.364475 0.186324  1.59149
 0.87391 0.378038 0.172026  1.58827
0.879928 0.379384 0.170142  1.60183
0.877811  0.37394 0.177955  1.59646
0.876926 0.377043 0.172781  1.59478
0.873301 0.367445 0.181225  1.58429
0.871974 0.372543 0.174032    1.582
0.876772 0.367696 0.178857  1.59163
0.875161 0.370491 0.179469  1.58944
0.869781 0.389214 0.155821  1.58076
0.869507 0.383029 0.165131  1.57917
0.867431  0.38987  0.15766  1.57619
0.868432 0.388094 0.157275  1.57758
0.864195  0.40363 0.140003  1.57223
0.871365 0.405605 0.137359  1.58871
0.869226 0.399207 0.147001   1.5826
0.867849 0.402418  0.14076     1.58
0.864077 0.391514 0.151622  1.56831
0.862047 0.397121  0.14301  1.56488
0.868158  0.39189 0.148792  1.57711
0.866236 0.395176 0.149255  1.57445
0.879212   0.3821 0.164057  1.60027
0.872529  0.38086 0.166568  1.58534
0.873424 0.387253 0.157545  1.58845
0.875105 0.384058 0.163558  1.59191
0.880404 0.392732 0.156574  1.60637
 0.87478 0.398133  0.15005  1.59522
 0.87694 0.403324 0.140025  1.60061
0.876181 0.392626 0.147493  1.59522
0.961886 0.141336 0.211083  1.72922
  0.9628 0.139687  0.20301  1.73091
0.962922 0.132816 0.208436  1.73133
0.962345  0.13678 0.203605  1.72932
 0.911141  0.355945 0.0988388   1.64895
 0.917318  0.346906 0.0851453    1.6579
0.917203 0.342606 0.102651  1.65771
 0.914717   0.34207 0.0931643   1.65075
0.917035 0.337714 0.128604   1.6592
0.921493 0.335531 0.115454  1.66662
0.924502 0.323433 0.130853   1.6709
0.920235 0.326563 0.125534  1.66159
0.900392 0.372266 0.128593  1.63629
0.906102  0.36587 0.113679  1.64394
0.908578 0.356225 0.129849  1.64785
 0.90424 0.357842 0.122471  1.63751
0.909457 0.349466 0.107166  1.64345
0.916005 0.337779    0.109  1.65384
0.911753  0.34031 0.122986  1.64716
0.913078 0.348558 0.113855  1.65227
0.900146 0.333306 0.202341  1.63455
0.897355 0.330357 0.212348  1.62986
0.895423 0.336049  0.20672  1.62636
0.897099 0.334628 0.206141  1.62946
0.899452 0.335829 0.195683  1.63251
0.894404 0.338504 0.200747  1.62365
0.892774 0.345992 0.192466  1.62102
0.895844  0.34243 0.198385  1.62794
0.892187 0.327361 0.219839  1.61968
0.895849 0.323331 0.218038  1.62556
0.893414  0.32184 0.224776  1.62167
0.893942 0.326271 0.221192  1.62361
0.888431 0.320496 0.231162  1.61228
 0.89154 0.319206 0.230516  1.61846
0.889632 0.315265  0.23538  1.61429
0.890033 0.319702 0.232195  1.61596
0.885915  0.33158 0.221877  1.60822
0.888857 0.330467 0.221172  1.61409
0.887169 0.326205 0.226579   1.6103
0.887419 0.330826 0.222804  1.61163
 0.89057 0.329478 0.222222  1.61791
0.891874 0.323754  0.22701  1.61998
0.888876 0.325249 0.227458   1.6141
0.890288 0.324689 0.225884  1.61642
0.885267 0.342262 0.210416  1.60785
0.884363 0.337693 0.216578  1.60569
0.882953  0.34335 0.211474  1.60342
 0.88405 0.342532 0.211807   1.6057
0.881528 0.354503 0.199404  1.60157
 0.88685 0.354266 0.196015   1.6123
0.885333 0.348818 0.204313  1.60891
0.884297 0.352645 0.198704  1.60682
 0.88128 0.345212 0.206954  1.59927
0.879901 0.350445 0.201209  1.59688
0.884806 0.345505 0.205054  1.60684
0.883017 0.348008 0.205615  1.60403
 0.89411 0.335507 0.208462  1.62402
0.896269 0.328292 0.213533  1.62729
0.892528 0.332327 0.215383  1.62125
0.894085 0.330036 0.213112  1.62297
0.886939 0.341461 0.211662  1.61166
0.888942  0.33541 0.216526  1.61503
 0.88603 0.336528  0.21721  1.60923
0.887222 0.336554 0.216004  1.61145
0.889291 0.351926 0.194796   1.6164
0.891211  0.34371 0.202659  1.61926
0.887793 0.347372 0.204046  1.61372
0.889299  0.34476  0.20134  1.61504
0.891614 0.337294 0.208138  1.61897
0.890224 0.333883 0.214653  1.61647
 0.88814 0.340395 0.209982  1.61316
0.890198 0.338995 0.210395  1.61736
0.961189 0.150905 0.210652  1.72767
0.961293 0.147605  0.21354  1.72792
0.960843 0.152358 0.215902  1.72697
0.960951 0.149526 0.211118  1.72678
0.963628 0.140345 0.194152  1.73238
0.964237 0.143769 0.185955  1.73336
0.965751  0.13447 0.186731  1.73582
0.964446   0.1363 0.185967  1.73273
0.954845 0.132993 0.241961  1.71866
0.954418 0.142225 0.240588  1.71718
 0.95631 0.137071 0.235784  1.72032
0.955371  0.13506 0.238517  1.71845
0.917952 0.320434 0.161459  1.65997
0.924401 0.314682 0.148027  1.67001
0.922937 0.309566 0.164278  1.66767
0.920935 0.311159 0.154017  1.66181
0.919743   0.3044 0.187978  1.66388
0.924055 0.301846 0.177155  1.67022
0.924906 0.293097  0.18775  1.67131
0.922535 0.295035 0.182366  1.66542
0.907072 0.330896 0.190647  1.64625
0.912693 0.327682 0.176017  1.65419
0.913768 0.317969 0.189514  1.65594
0.910671 0.320018 0.182601  1.64809
0.916178 0.315041 0.167344  1.65525
0.921418 0.303749 0.169661   1.6633
 0.91693 0.306485 0.181153  1.65669
0.918745 0.313213  0.17598  1.66217
 0.91859 0.218459 0.281443  1.66308
 0.91702 0.214861 0.286328  1.66065
0.915989 0.219053 0.284704  1.65883
 0.91689 0.218494 0.284009   1.6605
0.918179 0.220598 0.279367    1.662
0.915564 0.221099 0.282738  1.65772
0.915359 0.225167 0.280336  1.65742
 0.91629 0.222808 0.282209   1.6596
0.913257 0.212021 0.289913  1.65365
0.915834 0.210082 0.288244  1.65792
0.914043 0.207419 0.291526  1.65492
0.914365 0.210949 0.290575  1.65615
0.909792 0.204541 0.294268   1.6469
0.912397 0.204114 0.293923  1.65211
0.910711 0.199786 0.295422  1.64841
0.911035 0.203668 0.294648  1.64975
0.908035 0.214169 0.291494  1.64405
0.910617 0.213646 0.291188  1.64924
0.908878 0.209439 0.292959  1.64542
0.909277 0.213302  0.29199  1.64692
0.911801 0.212598 0.291733  1.65191
0.912652 0.207794 0.293145  1.65324
0.910172 0.208532 0.293371  1.64839
0.911507  0.20884 0.292557  1.65066
0.909951 0.230303 0.283226  1.64829
 0.91253 0.227983 0.281635  1.65247
0.910633 0.225837 0.285286   1.6494
0.911052 0.229202  0.28414  1.65083
0.906351 0.223595 0.288318  1.64131
0.908916 0.222982 0.288063  1.64649
0.907206 0.218927 0.289994  1.64274
0.907601 0.222736 0.288924  1.64422
0.904762 0.232917 0.284673  1.63875
0.907354 0.232188 0.284369  1.64396
0.905561 0.228278 0.286547  1.64005
0.906032 0.232064 0.285324   1.6417
0.908501  0.23115 0.285144  1.64659
0.909238  0.22651 0.287038  1.64775
 0.90683 0.227415 0.287144  1.64299
0.908133 0.227541 0.286226   1.6452
0.914969 0.218652 0.285919  1.65735
0.916187 0.213766 0.287073  1.65925
0.913578 0.215583 0.288793  1.65489
0.914815 0.214851 0.286993  1.65641
0.910051 0.221962 0.288714  1.64907
0.910906 0.217332 0.290247  1.65045
0.908465 0.218056 0.290447  1.64562
0.909757 0.218351 0.289644  1.64785
0.913437 0.226991 0.282559  1.65459
0.913708 0.222797 0.284838  1.65499
 0.91162 0.224874  0.28603  1.65165
0.912859 0.223898 0.283595  1.65289
0.913531 0.219802 0.285571  1.65418
0.912215 0.216732 0.288297  1.65188
0.911341 0.221408 0.286873  1.65053
0.912458 0.220418 0.287433  1.65302
0.948378 0.120477 0.265199  1.71048
 0.94509 0.119346 0.274255  1.70563
0.945303 0.128511 0.271229  1.70595
0.946199 0.119454 0.269822   1.7065
0.950047 0.136138 0.257942  1.71265
0.953791 0.127296  0.24949  1.71843
0.950726  0.12588 0.259075  1.71439
0.951622 0.126024 0.254413  1.71438
0.945585 0.130808 0.269384   1.7057
0.947981 0.135391 0.262795    1.709
0.948179 0.124612 0.265701  1.71001
0.946714 0.132231 0.264705  1.70722
0.939009 0.128687 0.287967  1.69692
0.941908 0.120233 0.284988  1.70174
0.938711 0.119137 0.288334  1.69548
0.939926 0.120685 0.287748  1.69797
0.934159  0.12439  0.29328  1.68765
0.936272 0.116288 0.291831  1.69102
0.932761   0.1192 0.297012  1.68553
0.934101 0.117899 0.292624  1.68645
0.928697 0.128285    0.298  1.67874
0.929318 0.122031 0.299821     1.68
0.926422 0.123467 0.296517  1.67346
0.928021 0.124364 0.298003  1.67672
0.931975 0.135385 0.293151  1.68374
0.932324 0.129748 0.293998  1.68415
0.930377 0.131733 0.296045  1.68118
0.931469 0.131254 0.293009  1.68202
0.932254 0.125835 0.293609  1.68345
0.930846 0.121314 0.296382  1.68114
0.930004 0.127884 0.295888  1.67988
0.931221 0.126297 0.296682  1.68273
0.934599 0.147865 0.290566     1.69
0.936416  0.13933  0.29077  1.69313
0.933649 0.142143  0.29246  1.68798
0.934578 0.141472 0.289623  1.68875
0.937405 0.129055 0.290527  1.69399
0.936768  0.11925 0.292384   1.6922
0.934896 0.125999 0.292788  1.68885
0.935883 0.126026 0.290489   1.6904
0.936374 0.131623 0.289608  1.69161
0.933971 0.128849 0.291591  1.68667
0.933499  0.13474  0.29124  1.68619
0.934635 0.132179 0.292084  1.68879
0.952356 0.158197 0.247053  1.71424
0.953209 0.150201 0.246998  1.71578
0.950742 0.155042 0.251585   1.7119
0.951759 0.156104 0.246926  1.71317
0.937291 0.137259 0.284295  1.69239
0.935369 0.146129 0.285216  1.68939
0.938974 0.143323 0.277721  1.69455
0.937378   0.1447 0.284739   1.6938
0.944022 0.133421 0.269168  1.70226
0.942566 0.141346 0.270276  1.69998
0.946467 0.137455 0.262848  1.70567
0.944417 0.138289  0.27053  1.70404
0.942763 0.118902 0.278332  1.70124
0.939767 0.127718 0.282769  1.69662
0.943062 0.127834  0.27529  1.70173
0.942007 0.127749 0.279598  1.70098
0.939111 0.135951 0.283796  1.69637
0.940515 0.142515 0.276914  1.69784
0.942121 0.134538  0.27629  1.70053
0.940569 0.135715 0.276556  1.69706
0.953616 0.128953 0.247262  1.71655
0.950352 0.136433 0.253349  1.71115
0.953451 0.139394 0.244425  1.71544
0.952365 0.138179 0.249562  1.71522
 0.817124  0.207879 -0.460693   1.51012
 0.810572  0.211156 -0.464225   1.49915
 0.811698   0.20438 -0.467092   1.50141
0.812061 0.207253 -0.46266  1.50033
 0.812775  0.191379 -0.463556   1.50115
 0.810043  0.197834 -0.469493   1.49811
 0.806531  0.192146 -0.466407   1.49016
 0.809492  0.192857 -0.465231   1.49545
 0.830048  0.201369 -0.452316   1.53158
 0.823244    0.2055 -0.456769   1.52034
0.824143 0.199489 -0.45832   1.5218
 0.824649  0.201706 -0.454505   1.52124
 0.825662  0.186108 -0.453649   1.52195
 0.822358  0.192907 -0.459748   1.51779
 0.818051  0.187495 -0.457678   1.50875
 0.821658  0.188461 -0.455822   1.51503
 0.857885  0.182639 -0.434509   1.58042
 0.839566  0.194261 -0.445047   1.54685
 0.83597 0.184536 -0.44867  1.54047
0.840227 0.186699 -0.44314  1.54688
 0.831455  0.195288 -0.448671   1.53143
0.824724 0.194656 -0.45598  1.52098
 0.829379  0.187278 -0.451611   1.52838
  0.82953  0.192652 -0.453879    1.5297
 0.812445  0.199457 -0.466448   1.50167
 0.815545  0.192898 -0.461712   1.50582
 0.818959  0.196842 -0.461945   1.51247
 0.816123  0.196158 -0.464003   1.50744
 0.813363  0.200935 -0.465676   1.50327
 0.819879   0.19848 -0.460145   1.51345
 0.819341  0.203737 -0.458642   1.51261
 0.819144  0.201975 -0.463355    1.5145
 0.748121  0.208534 -0.485532   1.38721
 0.743977  0.209079 -0.487916   1.38153
 0.745564  0.205947 -0.488098   1.38333
 0.745441  0.207664 -0.486762   1.38268
 0.752477  0.203754 -0.486972   1.39455
 0.756061  0.207478 -0.483732   1.40054
 0.751972  0.207495 -0.484296   1.39317
 0.753321  0.206269 -0.484669   1.39542
 0.746742  0.204451 -0.487816   1.38452
 0.749976  0.202644 -0.487863   1.38995
 0.749336  0.206785 -0.485559   1.38868
 0.748056  0.204446 -0.486946   1.38639
 0.984434  0.102716 0.0867446   1.76318
0.982421  0.11428 0.101085   1.7603
 0.982905  0.123969 0.0867239    1.7612
 0.983573  0.123605 0.0915998   1.76348
 0.982069   0.14677 0.0623742   1.76103
 0.982532  0.139673 0.0736376   1.76127
  0.98017  0.158544 0.0716082   1.75809
 0.981977  0.151817 0.0643667   1.76124
 0.989386 0.0864781 0.0604126   1.77275
0.987558 0.096487 0.076914  1.76977
 0.987667  0.105808 0.0637792   1.77012
 0.988331  0.104862 0.0651543   1.77186
 0.986518  0.125144 0.0367452     1.769
 0.986344  0.120101 0.0508629   1.76781
 0.984422  0.136256 0.0476102   1.76502
  0.98611  0.129674 0.0382332   1.76806
 0.991994 0.0527669  0.013569   1.77867
 0.990981 0.0753917 0.0429999   1.77577
 0.989358 0.0964097 0.0241398   1.77367
 0.991016 0.0904185 0.0164849   1.77734
 0.990013 0.0978945 0.0445493   1.77483
  0.98795  0.116951 0.0488645   1.77147
 0.988692  0.117358 0.0266207   1.77342
 0.988919   0.10164 0.0471268   1.77244
 0.983053  0.133648 0.0670926   1.76151
 0.983165  0.137376 0.0498818   1.76188
 0.984649  0.124314 0.0526053   1.76402
 0.983777  0.133461 0.0642761   1.76355
 0.983999  0.129491 0.0812008   1.76422
  0.98595  0.119495 0.0684688   1.76746
 0.986055  0.108407 0.0805181   1.76735
 0.985372  0.110763 0.0759643   1.76544
0.961368 0.150132 0.204704   1.7282
0.961402 0.150669  0.19861  1.72857
0.962238 0.145556 0.199925  1.72992
0.961501 0.147009 0.198824  1.72805
 0.770885  0.166076 -0.493428   1.42749
 0.770847  0.165978 -0.493801   1.42749
 0.770969  0.165833 -0.493373   1.42761
 0.770865  0.165902 -0.493445   1.42742
 0.770671  0.165683 -0.494921   1.42752
 0.770573  0.165855 -0.495339   1.42756
0.770589 0.165642 -0.49517  1.42747
 0.770609  0.165759 -0.495094   1.42748
 0.771313  0.166213 -0.493728    1.4286
 0.771148   0.16583 -0.493341   1.42802
  0.77142  0.165966 -0.493892   1.42885
 0.771284   0.16607 -0.493739   1.42852
0.770158  0.16598 -0.49575  1.42711
0.770185  0.16596 -0.49598  1.42718
 0.770236  0.165914 -0.495784   1.42723
0.770154  0.16595 -0.49579  1.42708
 0.770023  0.166165 -0.495545   1.42683
 0.770011  0.166212 -0.495976   1.42695
 0.770086  0.166065 -0.495669   1.42697
 0.769995  0.166157 -0.495648   1.42679
 0.770316  0.165871 -0.495768   1.42734
 0.770378  0.165789 -0.495752   1.42737
 0.770393  0.165855 -0.495703   1.42743
 0.770337  0.165827 -0.495738   1.42733
 0.770244  0.165876 -0.495789   1.42721
 0.770184  0.165861 -0.495925   1.42711
0.770293 0.165754  -0.4958  1.42722
 0.770281  0.165861 -0.495893   1.42728
  0.77299  0.166282 -0.494645   1.43179
 0.773104  0.165624 -0.494587   1.43185
 0.773323  0.165633 -0.493261   1.43166
 0.773287  0.166086 -0.494524   1.43229
 0.773663  0.164817 -0.491413    1.4314
 0.773728  0.163864 -0.491186   1.43128
 0.774045  0.163959 -0.489426   1.43125
 0.774026  0.164544 -0.491082   1.43198
  0.75725  0.148943 -0.500795   1.40112
 0.757737  0.151125 -0.502298   1.40298
 0.755536  0.150654 -0.501465    1.3984
 0.757063  0.150187 -0.501228   1.40122
 0.752261  0.148976 -0.501854   1.39343
 0.753104   0.15065 -0.501731   1.39451
 0.750777   0.15084 -0.502365   1.39113
 0.752261  0.150259 -0.502249    1.3939
 0.755681   0.14546 -0.500427   1.39879
 0.756489  0.147231 -0.500482   1.39993
 0.754014  0.147313 -0.501184   1.39624
 0.755666   0.14679 -0.500948    1.3993
 0.756356  0.148281 -0.500929   1.40009
 0.754632   0.15007 -0.501595   1.39737
0.753916 0.148405 -0.50165   1.3965
 0.754685  0.148838 -0.501154     1.397
 0.772812  0.168045 -0.489227   1.42992
 0.772525  0.169463 -0.490852   1.43039
 0.771887  0.168333 -0.489689   1.42836
  0.77228  0.168356 -0.489397     1.429
 0.774567  0.163289 -0.487933   1.43173
  0.77458  0.162094 -0.487962   1.43163
 0.775369  0.163119 -0.487815   1.43345
 0.775017  0.162897 -0.487811    1.4326
 0.778912  0.163247 -0.493691    1.4429
 0.777089   0.16151 -0.492008   1.43855
 0.778621  0.161506 -0.495597   1.44287
 0.778012  0.162346 -0.493988   1.44105
 0.772883  0.164194 -0.494683   1.43121
 0.773334  0.163971 -0.493022    1.4313
 0.773078  0.164917 -0.494605   1.43168
 0.773306  0.164659 -0.494543   1.43209
 0.775702  0.140083 -0.491288   1.43115
 0.773292  0.143312 -0.494155   1.42807
 0.772561  0.140272 -0.492861   1.42588
 0.773154  0.140746 -0.491906   1.42641
 0.771412  0.135187 -0.491795   1.42342
 0.770378  0.138245 -0.493004   1.42186
 0.768013  0.137037 -0.494018   1.41818
 0.769896  0.137097 -0.492889    1.4213
0.779957 0.135074 -0.48672   1.4374
 0.777624  0.137908 -0.489233   1.43396
 0.775993    0.1349 -0.489311     1.431
 0.777499  0.135755 -0.487611   1.43297
 0.775742   0.13833 -0.489899   1.43056
  0.77235  0.138508 -0.491786   1.42498
 0.773779  0.135611 -0.490104   1.42705
 0.774135  0.137785 -0.491138   1.42812
 0.772818  0.164772 -0.495837   1.43179
 0.772995  0.165374 -0.495625   1.43215
 0.772529  0.165331 -0.496334   1.43167
 0.772652  0.165009 -0.495739   1.43145
 0.773585  0.162871 -0.491091   1.43083
 0.773205  0.161895 -0.491122   1.42998
  0.77387  0.161752 -0.489246   1.43056
 0.773822  0.162518 -0.490917   1.43125
 0.781369  0.158499 -0.497659   1.44815
 0.782513  0.161361 -0.495925   1.45007
 0.780088  0.160596 -0.497678   1.44622
  0.78078  0.159715 -0.496511   1.44653
 0.758128  0.146775 -0.500204   1.40297
0.757565 0.144929 -0.50011  1.40229
 0.759795  0.145098 -0.499355   1.40566
 0.758217  0.145522 -0.499642   1.40273
 0.761894  0.148638 -0.500386   1.40972
  0.75914  0.150856 -0.501976   1.40554
 0.758855  0.148492 -0.500526    1.4041
 0.759458  0.149156 -0.500926   1.40525
 0.760655   0.14589 -0.498747   1.40642
0.762246 0.147691 -0.49952  1.40981
 0.758963  0.147543 -0.499805   1.40383
 0.760976  0.147175 -0.499414   1.40758
 0.782005  0.156647 -0.494842   1.44749
 0.785129  0.156359 -0.489651   1.45099
 0.783253  0.160093 -0.493426   1.44984
0.784336 0.158646 -0.49404   1.4522
 0.770085   0.16697 -0.493849   1.42632
 0.770092   0.16692 -0.493955   1.42633
 0.770147  0.166925 -0.493941    1.4264
 0.770135  0.166944 -0.493934   1.42641
 0.769985  0.167118 -0.494196   1.42635
 0.770073  0.166961 -0.493998   1.42635
 0.770082  0.167086 -0.493971   1.42641
 0.770019   0.16701 -0.494032   1.42631
 0.770916  0.168195 -0.495663   1.42881
 0.771003  0.167886 -0.495285   1.42885
 0.771271  0.168125 -0.495581   1.42942
 0.771099  0.168135 -0.495606   1.42913
 0.769846  0.167115 -0.494778   1.42635
 0.769942  0.166918 -0.494307   1.42627
 0.769908  0.167146 -0.494485   1.42634
 0.769898  0.167014 -0.494561   1.42634
0.774263  0.16912 -0.49064  1.43358
 0.773014  0.169479 -0.490803   1.43129
 0.773303  0.167994 -0.489012   1.43079
 0.773649  0.169199 -0.490601   1.43241
 0.771849  0.169607 -0.491067   1.42917
 0.770803  0.169546 -0.491389   1.42728
 0.771326  0.168532 -0.489867   1.42737
 0.771481  0.169521 -0.491175   1.42853
 0.769856  0.166527 -0.495147   1.42641
 0.769767  0.166773 -0.495494   1.42642
 0.769792  0.166627 -0.495692   1.42651
 0.769843  0.166626 -0.495552   1.42658
 0.772438  0.165989 -0.495812   1.43139
 0.772372  0.165534 -0.496099   1.43129
 0.772776  0.165596 -0.495553   1.43172
 0.772636  0.165801 -0.496013   1.43183
 0.769933  0.166277 -0.495512   1.42665
 0.769839   0.16647 -0.495851   1.42662
 0.769904  0.166306 -0.495958   1.42674
  0.76994  0.166351 -0.495885   1.42682
 0.771688  0.165697 -0.495006   1.42977
 0.772063  0.166087 -0.495437   1.43065
 0.771685  0.165988 -0.494696   1.42968
 0.771837  0.165851 -0.494958   1.43008
  0.77108  0.165677 -0.493365   1.42787
 0.771093  0.165428 -0.493503   1.42793
  0.77135  0.165819 -0.493916   1.42869
 0.77119 0.165572 -0.49347  1.42814
 0.777595  0.159926 -0.497839    1.4416
 0.775184  0.159131 -0.496275   1.43636
0.775977 0.158667 -0.50045  1.43939
 0.776008  0.159479 -0.498336   1.43857
  0.77086  0.165536 -0.493635    1.4274
 0.770946  0.165658 -0.493391   1.42753
 0.770815    0.1658 -0.493822    1.4274
 0.770899  0.165695 -0.493597   1.42749
 0.769664  0.166202 -0.496073   1.42616
 0.769476  0.165825 -0.495423   1.42545
 0.769743  0.165902 -0.495808   1.42614
 0.769597  0.165922 -0.495844   1.42587
 0.770834  0.165635 -0.493912   1.42744
 0.770792  0.165907 -0.494129   1.42747
 0.770778  0.165766 -0.494412   1.42753
 0.770821  0.165717 -0.494216   1.42755
 0.770427  0.165316 -0.494876   1.42697
 0.770523  0.165546 -0.495137    1.4273
 0.770415  0.165595 -0.495435   1.42723
0.770445 0.165439 -0.49522  1.42717
0.769946 0.165958 -0.49603  1.42666
 0.770091  0.165978 -0.496079     1.427
 0.769997  0.166157 -0.496187   1.42692
 0.769969  0.166005 -0.496103   1.42677
 0.770461  0.165864 -0.495594   1.42749
 0.770544  0.165741 -0.495343   1.42747
 0.770521  0.165901 -0.495452   1.42753
 0.770505  0.165819 -0.495505   1.42751
 0.770763   0.16584 -0.494708   1.42764
 0.770776  0.165993 -0.494493   1.42761
 0.770672  0.166065 -0.494953   1.42761
 0.770704  0.165983 -0.494639   1.42751
 0.770312  0.165219 -0.494966   1.42678
 0.770319  0.165522 -0.495506   1.42707
 0.770172  0.165347 -0.495274   1.42665
0.770291 0.165411  -0.4952  1.42686
 0.785018  0.174112 -0.469475    1.4455
 0.790034    0.1706 -0.466061   1.45319
 0.788317  0.173475 -0.465486   1.45047
0.788314 0.173556 -0.46777  1.45132
 0.782789  0.175062 -0.469838   1.44176
 0.786578   0.17569 -0.466631   1.44826
 0.783911  0.178967 -0.466875   1.44414
 0.784147   0.17624 -0.467374   1.44374
 0.742431  0.169345 -0.503121   1.37724
 0.743954  0.170852 -0.503893   1.38063
 0.741819  0.171355 -0.502754   1.37623
 0.743071  0.170465 -0.503138   1.37875
0.737793 0.171094 -0.50384  1.37055
 0.739525  0.172251 -0.502884   1.37275
 0.737156  0.173377 -0.503465   1.36956
   0.7385  0.172409 -0.503876   1.37225
 0.739491  0.166854 -0.504265   1.37324
 0.740955  0.168083 -0.503504   1.37506
0.738651 0.168972 -0.50409  1.37193
 0.739997  0.168113 -0.504371   1.37457
 0.741477  0.169235 -0.503571   1.37637
 0.740817  0.171318 -0.503283   1.37534
 0.739207  0.170172 -0.504165   1.37333
 0.740173  0.170105 -0.503249   1.37379
 0.750841  0.155538 -0.502924    1.3909
 0.751541  0.157271 -0.504225   1.39304
 0.749603  0.157092 -0.503167   1.38889
 0.750885  0.156536 -0.503158   1.39132
0.746461 0.155887 -0.50359   1.3843
 0.747421  0.157282 -0.503266   1.38545
 0.745263  0.157662 -0.503827   1.38244
 0.746585  0.157038 -0.503845   1.38493
 0.749191  0.152492 -0.502876   1.38861
 0.750053  0.154005 -0.502677   1.38966
 0.747886   0.15426 -0.503242   1.38659
 0.749231  0.153685 -0.503191   1.38911
 0.750033  0.155049 -0.502962   1.38999
 0.748755  0.156667 -0.503273   1.38797
  0.74789  0.155292 -0.503526   1.38696
 0.748677  0.155607 -0.503025   1.38746
0.751688 0.163748 -0.50863  1.39699
 0.748849  0.163871 -0.506259   1.39015
 0.749814  0.162041 -0.505782    1.3914
0.750344 0.163218 -0.50622  1.39296
 0.753069  0.162634 -0.508383   1.39935
  0.75116  0.160924 -0.505541   1.39369
0.752559 0.159453 -0.50574  1.39626
 0.752083   0.16051 -0.505773   1.39555
 0.77357  0.16367 -0.49286   1.4317
 0.773043   0.16392 -0.494661   1.43151
 0.773205  0.162797 -0.492928    1.4309
 0.773054  0.163111 -0.493033   1.43063
  0.74237  0.172442 -0.502791   1.37757
0.744476 0.171852 -0.50394  1.38191
 0.743716   0.17384 -0.503246   1.38045
 0.743177  0.172827 -0.503268   1.37916
  0.74181  0.176834 -0.501629   1.37674
 0.743596  0.175998 -0.502524   1.38027
 0.743826  0.178238 -0.501994   1.38081
 0.742691  0.176897 -0.502027   1.37835
 0.737941  0.174658 -0.503465   1.37138
 0.740256  0.173473 -0.502881   1.37445
 0.739829  0.175725 -0.502383   1.37379
 0.738977  0.174448 -0.502423   1.37186
 0.741161  0.173349 -0.502253    1.3751
0.742624  0.17474 -0.50258   1.3781
 0.740764  0.175519 -0.501716   1.37445
 0.741872  0.174562 -0.502261   1.37677
 0.776879  0.171501 -0.494057   1.44015
 0.775133   0.17215 -0.494406   1.43709
 0.775495  0.170422 -0.492709   1.43694
 0.775936  0.171664 -0.494152   1.43847
 0.769766  0.166879 -0.495925    1.4266
 0.769707  0.166934 -0.496382   1.42661
 0.769795  0.166716 -0.496093   1.42668
 0.769706  0.166854 -0.496044   1.42649
 0.774725  0.170537 -0.492609   1.43549
 0.774371  0.172171 -0.494518   1.43576
 0.773383   0.17087 -0.492796   1.43307
 0.774007  0.170867 -0.492839   1.43423
 0.769721  0.167302 -0.496077   1.42663
 0.769762   0.16702 -0.495706   1.42655
 0.769777  0.167134 -0.495449    1.4265
 0.769714  0.167175 -0.495629   1.42643
0.769856 0.167549  -0.4956  1.42676
 0.769833   0.16725 -0.495219   1.42654
 0.769897  0.167281 -0.494922   1.42655
0.769848 0.167394 -0.49514  1.42655
 0.766236  0.174417 -0.492116   1.41887
 0.768249  0.174952 -0.493517   1.42335
 0.767753  0.175307 -0.490247   1.42108
 0.767601   0.17468 -0.491689   1.42143
  0.77197  0.167341 -0.490326   1.42826
 0.771515  0.167747 -0.489828    1.4274
  0.77134   0.16767 -0.491021   1.42738
 0.771615  0.167695 -0.490438   1.42768
 0.771656  0.167892 -0.493633   1.42903
 0.771257  0.167869 -0.492632   1.42786
 0.771189  0.168126 -0.494132   1.42841
 0.771399  0.168145 -0.493713   1.42861
  0.77039   0.16828 -0.495028   1.42733
0.770762  0.16825  -0.4946  1.42783
 0.770332  0.168103 -0.493808   1.42664
 0.770495  0.168351 -0.494684   1.42736
 0.769697   0.16703 -0.495862   1.42645
 0.769641  0.167282 -0.496205   1.42648
 0.769624  0.167065 -0.496335   1.42644
 0.769702  0.167137 -0.496268   1.42662
 0.771734   0.16812 -0.494561   1.42965
 0.771277  0.168317 -0.494929   1.42899
  0.77152  0.168213 -0.495373    1.4297
 0.771504  0.168134 -0.494858   1.42936
 0.770111   0.16752 -0.494697    1.4269
 0.770137  0.167225 -0.494103   1.42663
 0.770272  0.167545 -0.494651   1.42719
   0.7702  0.167521 -0.494664   1.42706
 0.770495   0.16757 -0.494668   1.42763
 0.770532  0.167235 -0.494068   1.42739
 0.770745  0.167557 -0.494686   1.42811
  0.77063  0.167565 -0.494625   1.42787
 0.771056  0.167996 -0.489973   1.42661
 0.770363  0.168077 -0.490641   1.42554
 0.770965  0.167927 -0.491139   1.42675
 0.770819  0.167922 -0.490498   1.42635
 0.770404   0.16755 -0.494604   1.42743
0.770251 0.167223 -0.49406  1.42684
 0.770436  0.167234 -0.494034   1.42719
 0.770326   0.16724 -0.494071   1.42699
 0.770326  0.168132 -0.495792   1.42776
 0.770422   0.16789 -0.495296   1.42777
0.770597 0.168191 -0.49574  1.42825
 0.770499  0.168162 -0.495739   1.42809
  0.97616  0.176094 0.0811128   1.75062
 0.976332  0.171988 0.0812217   1.75092
 0.975875  0.173845 0.0816927   1.75021
 0.976106  0.173483 0.0802073   1.75049
 0.976877  0.172815 0.0814035   1.75197
 0.976253  0.173761 0.0788863   1.75097
   0.9775  0.169871 0.0753012   1.75318
 0.976782  0.171904 0.0800993   1.75201
 0.975549  0.184287 0.0869224   1.75002
0.975973 0.179979 0.082926  1.75046
 0.976219  0.177957 0.0852134   1.75096
 0.975793  0.178482 0.0846192   1.74985
 0.976063  0.176057 0.0813574   1.75034
 0.976078  0.174533 0.0808494   1.75071
  0.97637  0.173964 0.0831824   1.75094
 0.976229  0.175771 0.0816761   1.75084
 0.899871  0.388589 0.0555662   1.63401
 0.889488   0.40727 0.0478837   1.61917
 0.897761  0.393592 0.0323194   1.63028
  0.89456  0.387834 0.0431877   1.62085
0.912108 0.363183 0.030576  1.64907
 0.904842   0.37585 0.0208588   1.63765
  0.912939   0.362706 0.00993455    1.65045
 0.909035  0.362185 0.0170895   1.64129
 0.916701   0.35331 0.0668379   1.65758
 0.908873  0.369439 0.0616323   1.64615
 0.914548  0.360715 0.0490009   1.65454
 0.912666  0.353906 0.0588476   1.64795
 0.904127  0.369181 0.0505386   1.63442
 0.902247  0.374041 0.0280695   1.63122
 0.910116  0.360136 0.0377606   1.64351
 0.906591   0.37541 0.0411597   1.64226
0.930394 0.286136 0.188023  1.68132
 0.93525 0.283088 0.176839  1.68899
0.934939 0.275414 0.193475  1.68914
 0.93274 0.276809 0.181766  1.68216
 0.977359  0.176168 0.0717292    1.7523
 0.977005  0.183716 0.0687603   1.75205
 0.977892  0.174768 0.0671372   1.75315
 0.977424  0.177124 0.0663843   1.75226
0.978789 0.165278 0.068997  1.75497
 0.978771  0.169213 0.0649074   1.75478
 0.979569  0.163278 0.0633643   1.75615
 0.978962  0.163768 0.0638146   1.75469
 0.977116  0.169137 0.0784021   1.75213
 0.977256  0.172647 0.0747582   1.75222
 0.977986  0.166856 0.0738725   1.75356
 0.977396  0.168357 0.0734873   1.75225
  0.97737  0.172018 0.0703547   1.75204
 0.977997  0.169782 0.0654243   1.75295
 0.978124  0.166165 0.0691159   1.75342
 0.977921    0.1705 0.0707497   1.75328
 0.981427  0.167013 0.0276936   1.75887
0.980749 0.173577 0.022029   1.7578
 0.981923  0.164753 0.0204932    1.7597
 0.981326  0.166045 0.0204677   1.75829
 0.983227  0.150253 0.0241671   1.76188
 0.982929  0.155935 0.0193851   1.76137
 0.983619  0.147439 0.0184005   1.76251
 0.983186  0.149051 0.0178955   1.76144
0.982355 0.155046 0.036417  1.76055
 0.981899  0.162393 0.0330582   1.75988
 0.982744  0.153392 0.0303433   1.76115
 0.982242    0.1537 0.0311595   1.75983
  0.98178  0.160619 0.0263001   1.75908
 0.982286  0.157748 0.0189266   1.75988
 0.982663  0.151713 0.0239359    1.7605
0.982378 0.159628 0.025923  1.76057
   0.98337   0.151162 0.00772804    1.76183
  0.9836 0.146225 0.012033  1.76219
 0.982915  0.154669 0.0128178   1.76104
 0.983383  0.152315 0.0136827    1.7621
 0.981483  0.167977 0.0075497   1.75875
 0.981871  0.163912 0.0133052   1.75934
0.980674 0.172685 0.014256  1.75735
 0.981455  0.168953 0.0152814    1.7589
   0.982634    0.161042 -0.00515082     1.76079
  0.983204   0.155017 0.00179954     1.7616
  0.982458   0.163439 0.00254999    1.76056
  0.982808   0.162204 0.00270762    1.76139
  0.983157   0.156225 0.00895039    1.76171
 0.982639  0.160632 0.0143271   1.76094
  0.982388   0.164471 0.00864371     1.7606
  0.982685   0.159543 0.00754228    1.76082
    0.98453    0.140697 -0.00140224     1.76409
    0.984899     0.133421 -0.000335707      1.76475
  0.984695   0.136729 0.00346528    1.76437
   0.984716    0.136963 -0.00220393     1.76446
  0.983771   0.149086 0.00849011    1.76276
  0.984311   0.141105 0.00793839    1.76372
  0.98404  0.143948 0.0129583   1.76322
  0.984019    0.14327 0.00698718    1.76301
      0.983    0.157036 -0.00302473     1.76132
   0.983931    0.148414 -0.00204142     1.76299
  0.983556   0.152074 0.00324672    1.76227
  0.983514   0.152342 -0.0041078    1.76224
   0.984056    0.144499 -0.00312685     1.76317
  0.984293   0.140474 0.00172521    1.76357
  0.983743   0.148457 0.00222253    1.76259
  0.984075   0.145175 0.00346578    1.76329
   0.984075    0.148745 -0.00806008     1.76347
   0.983138    0.157437 -0.00965561     1.76182
  0.983913   0.150241 -0.0139407    1.76323
   0.983734    0.149943 -0.00787649     1.76262
  0.985119   0.135823 -0.0136291     1.7655
  0.984618   0.143737 -0.0164931    1.76463
  0.985055   0.136151 -0.0191529    1.76542
  0.984878   0.135448 -0.0148624     1.7647
   0.985002    0.133675 -0.00458725     1.76511
    0.98464    0.140952 -0.00584421     1.76448
  0.985013   0.134368 -0.0091567    1.76515
   0.984861    0.134159 -0.00468928     1.76465
   0.984604    0.141457 -0.00615821     1.76421
  0.984467   0.142955 -0.0120415    1.76399
 0.984984   0.13504 -0.009278   1.76491
  0.984771   0.142428 -0.0114857    1.76487
   0.98307   0.137914 -0.0633163    1.76208
 0.983919  0.131651 -0.064404   1.76398
  0.983876   0.133981 -0.0591314    1.76355
  0.983665    0.13204 -0.0636216    1.76306
 0.982915  0.159868 -0.053987   1.76327
  0.980849    0.16872 -0.0661973    1.76009
  0.982373   0.155688 -0.0641793    1.76221
 0.982017  0.156361 -0.063263   1.76108
  0.983238   0.133261 -0.0561935    1.76156
  0.982969   0.139739 -0.0504496    1.76083
  0.982517   0.137927 -0.0609624    1.76032
 0.983011  0.141823 -0.057738   1.76194
 0.977163  0.189302 0.0376145   1.75145
 0.974635  0.199974 0.0434611   1.74705
0.975595 0.197908   0.0292  1.74869
 0.976045  0.200231 0.0408271   1.75061
 0.978691  0.188216 0.0363766   1.75507
 0.977193  0.197374 0.0274009   1.75257
 0.979264  0.186307 0.0250002   1.75594
 0.978349  0.187302 0.0257513   1.75376
  0.984411   0.133145 -0.0590245    1.76494
  0.984328   0.127418 -0.0644595    1.76478
  0.984793   0.124951 -0.0577139     1.7654
  0.984529   0.130442 -0.0574561    1.76519
   0.98417   0.133991 -0.0496968    1.76391
  0.983379   0.141981 -0.0481461    1.76212
  0.983682   0.137011 -0.0532632    1.76303
   0.98383   0.139369 -0.0478168    1.76343
   0.98497   0.127465 -0.0518181     1.7658
  0.985023   0.131128 -0.0479741     1.7659
  0.984609   0.135509 -0.0534095    1.76539
  0.984874    0.12895 -0.0528692     1.7655
 0.863589  0.398766 -0.178556   1.57526
 0.848638  0.412221 -0.194142   1.55321
0.857783 0.393246 -0.20587  1.56608
0.854602 0.393291 -0.18877  1.55489
 0.876956  0.366507 -0.200068   1.59478
 0.865148  0.376807 -0.216007   1.57696
  0.87408  0.354172 -0.226287   1.58985
 0.869981  0.358364 -0.211279   1.57837
 0.892825  0.373607 -0.147812     1.623
 0.879258  0.388713 -0.164849   1.60246
  0.88576  0.372846 -0.176401   1.61218
 0.883981   0.37017 -0.158337   1.60325
 0.869152  0.384563 -0.175422   1.57985
 0.863402  0.379142 -0.201694   1.57049
 0.876313  0.368572 -0.186579   1.59099
 0.871522  0.385199 -0.191438   1.58905
  0.979856   0.179878 -0.0095337    1.75623
  0.978878   0.184364 -0.0254838    1.75503
  0.980357   0.173776 -0.0174093    1.75681
 0.980029  0.187045 -0.020714   1.75834
   0.979864    0.179103 -0.00710563     1.75621
  0.980642   0.174388 -0.0148483    1.75763
  0.981529   0.167887 -0.0102603    1.75889
   0.980895    0.176903 -0.00745146     1.75858
 0.979181  0.185609 0.0124446   1.75547
 0.977047  0.196741 0.0144851   1.75192
  0.978452   0.190308 0.00185928     1.7544
 0.978373  0.191139 0.0145035   1.75437
0.973959 0.173158 -0.12734  1.75089
  0.97032  0.187086 -0.128659   1.74436
 0.971252  0.177892 -0.138433    1.7467
 0.971719  0.180431 -0.126193   1.74651
 0.973366  0.149418 -0.140911   1.74844
 0.971381  0.166519 -0.145429   1.74653
 0.970325  0.159619 -0.154074    1.7445
 0.971752  0.164024 -0.144623   1.74721
 0.975724  0.150034 -0.122064   1.75124
 0.975091  0.143527 -0.130729   1.75037
 0.976208  0.142271 -0.123356   1.75195
 0.975779  0.148785 -0.123694   1.75186
 0.977513  0.154338 -0.114852   1.75535
 0.977933   0.14651 -0.116203   1.75589
  0.97936  0.141278 -0.109978   1.75805
 0.978032  0.147559 -0.108326   1.75533
 0.975446  0.164694 -0.122569   1.75292
 0.972856  0.171106 -0.135619   1.74945
0.974668 0.154048 -0.13118  1.75093
   0.9742  0.159427 -0.134318   1.75066
 0.962311  0.195433 -0.168679   1.73319
0.958243 0.213264 -0.17098  1.72735
 0.958859  0.200998 -0.180239   1.72822
 0.959728  0.204222 -0.167657   1.72858
 0.961143  0.175058 -0.185721   1.73018
 0.958911  0.188983 -0.188345    1.7277
 0.957573  0.181349 -0.198203   1.72526
 0.959418  0.185919 -0.188158    1.7285
  0.96728  0.164989 -0.165423   1.73966
  0.96557  0.175072 -0.163762   1.73646
 0.964403  0.170214 -0.174801   1.73514
 0.965817  0.174262 -0.166922   1.73786
0.964279 0.187266 -0.16541  1.73595
 0.960937  0.193573 -0.178045   1.73148
 0.962947  0.179267 -0.176238   1.73349
 0.962508  0.182514 -0.176294   1.73276
  0.84024  0.345579 -0.298634    1.5341
 0.848517  0.329808 -0.305729   1.54827
 0.850445  0.340877 -0.287548   1.55054
 0.844371  0.334802 -0.294387   1.53707
 0.854875  0.361935 -0.260293   1.56043
 0.859444  0.348418 -0.267524   1.56704
 0.867865  0.349145 -0.246973   1.57967
 0.858888  0.350819 -0.253846   1.56237
 0.825664  0.379946 -0.289574   1.51604
 0.834129  0.363675 -0.295266   1.52794
 0.839988  0.372465 -0.275098   1.53761
0.831187   0.3667 -0.28272  1.51839
 0.838677  0.349595 -0.287815   1.52851
 0.849496  0.343859 -0.275287   1.54549
 0.844482  0.357658 -0.268266   1.53806
 0.845959  0.355508 -0.281179   1.54477
 0.870931  0.403325 -0.110882   1.58184
  0.866084   0.417964 -0.0878469    1.57574
 0.857201  0.420978 -0.119612   1.56191
 0.866009  0.420279 -0.112572   1.58011
  0.86066  0.397979 -0.159743   1.56437
 0.850037  0.417805 -0.147593   1.54914
 0.844639  0.412468 -0.176187   1.54037
 0.854184  0.418157 -0.164871   1.56193
0.890483 0.370795 -0.12863  1.61312
 0.879546  0.389852 -0.123075   1.59622
 0.876161  0.386547 -0.145954   1.59078
0.883025 0.390747  -0.1338  1.60619
 0.871441  0.405282 -0.126935   1.58628
 0.858297  0.422651 -0.137138   1.56801
   0.8676  0.402221 -0.150851   1.58021
 0.864697  0.402017 -0.134882    1.5708
 0.947794   0.21775 -0.211685   1.71196
 0.942438  0.235272 -0.214041   1.70387
 0.943334  0.222324 -0.224028   1.70537
 0.944436  0.225682 -0.211527   1.70577
 0.945997  0.196349 -0.229823   1.70759
  0.94321  0.209222 -0.231772   1.70406
 0.941562  0.201622 -0.241923   1.70122
 0.943855  0.205934 -0.232244   1.70512
 0.953871  0.187043 -0.209158   1.71974
 0.951781  0.197881 -0.207316    1.7162
 0.950157  0.192225 -0.219017   1.71408
 0.952115  0.196294 -0.210694   1.71769
 0.950079  0.208667 -0.208915   1.71484
 0.945741  0.213599 -0.221709    1.7086
 0.948314  0.200374 -0.220479    1.7117
0.947725 0.204045 -0.21997  1.71078
 0.929802  0.237495 -0.254871   1.68523
 0.923292  0.253759 -0.256862   1.67499
 0.924427  0.241074 -0.267029   1.67709
 0.925686  0.244374 -0.255459   1.67751
 0.927411  0.215706 -0.273118   1.67959
 0.924084  0.227846 -0.274577   1.67509
 0.922111   0.21997 -0.285038   1.67184
 0.924837  0.224178 -0.275482   1.67628
 0.937027   0.20723 -0.252717   1.69452
 0.934518  0.218238 -0.250893   1.69042
 0.932471  0.212092 -0.262542   1.68758
 0.934911  0.215932 -0.254422   1.69194
 0.932438  0.227751 -0.252555    1.6883
 0.927115  0.231793 -0.265068   1.68036
 0.930214  0.219418 -0.264136   1.68442
 0.929521  0.223488 -0.263243   1.68342
 0.834913    0.3171 -0.341048   1.52758
 0.844679  0.320993 -0.323402   1.54323
 0.831015  0.327906 -0.333062    1.5202
 0.834868  0.320775 -0.329489   1.52404
0.811573 0.328838 -0.36004   1.4908
 0.817482  0.336804 -0.346156   1.50061
 0.804777    0.3416 -0.357953   1.48179
 0.809339  0.332356 -0.351377   1.48361
 0.821649  0.305244 -0.365976   1.50499
 0.825071  0.312454 -0.354311   1.50997
 0.816165  0.315247 -0.361279   1.49518
 0.819657  0.308931 -0.357879   1.49848
 0.824957    0.3151 -0.346458   1.50736
 0.821111  0.325177 -0.338769   1.49994
 0.815002  0.318629 -0.353024   1.49034
  0.82186  0.321681 -0.348965   1.50457
  0.9308 0.278987 -0.19475  1.68413
 0.937959  0.256163 -0.199286   1.69536
 0.940268   0.26659 -0.173329   1.69816
 0.935676  0.258696 -0.191193   1.68875
 0.908514  0.253079 -0.296614   1.65278
  0.90198  0.268632 -0.298407   1.64323
 0.901158  0.257041 -0.309945   1.64159
0.904108 0.261342 -0.29887  1.64577
 0.904674  0.233609 -0.319039   1.64622
 0.899592  0.246902 -0.321257   1.63897
 0.897971  0.237102 -0.330574   1.63597
 0.900925  0.240686 -0.321126   1.64022
 0.916402  0.225627 -0.296572    1.6636
 0.913177  0.236878 -0.295581    1.6586
 0.910762  0.228902 -0.307417   1.65498
 0.913886  0.232937 -0.298185   1.66013
 0.910527  0.246432 -0.297316   1.65564
 0.903103    0.2507 -0.310735   1.64432
 0.907998  0.237166 -0.309142   1.65132
 0.906958  0.242363 -0.308285   1.65003
 0.798807  0.287034 -0.402523   1.46732
 0.804168  0.279949 -0.406929   1.47815
  0.80613  0.286974 -0.397839   1.48027
  0.80147  0.283753 -0.400731   1.47069
 0.807881  0.300888 -0.383388    1.4823
 0.811573  0.293358 -0.387846    1.4893
 0.817744   0.29828 -0.377262   1.49924
 0.810929  0.296403 -0.380899   1.48566
 0.788781  0.307195 -0.401788   1.45494
 0.794443  0.296985 -0.402078   1.46213
 0.798179  0.304814 -0.393033   1.46844
 0.792212  0.300684 -0.396299   1.45594
 0.797331  0.290454 -0.396662   1.46256
 0.805197  0.290239 -0.391241   1.47621
 0.801219  0.297227 -0.387035   1.46853
 0.802729  0.294121 -0.393643   1.47382
 0.907034  0.297805 -0.242569   1.64703
0.917548 0.276017 -0.24376  1.66464
 0.919841  0.288981 -0.218115    1.6672
 0.914407  0.280944 -0.237311   1.65711
 0.852777   0.25206 -0.393046    1.5647
 0.851698   0.24704 -0.397496   1.56286
 0.856472  0.246643 -0.390858   1.57019
 0.853592  0.249042 -0.392541    1.5653
 0.862408  0.253496 -0.379704   1.58041
 0.861821  0.247114 -0.384423   1.57927
 0.867087  0.246398 -0.376983   1.58749
 0.863442  0.249148 -0.378671   1.58088
 0.850019  0.266975 -0.385655   1.56038
 0.852486  0.260265 -0.389759   1.56523
 0.856973  0.261282 -0.382747   1.57228
 0.852558  0.262111 -0.384519   1.56356
  0.85422  0.254313 -0.388104   1.56626
 0.858112  0.248648 -0.386095   1.57222
 0.858744  0.255122 -0.381364   1.57348
  0.85719   0.25301 -0.386792   1.57185
  0.86993  0.281332 -0.336378   1.58864
 0.871126  0.293121 -0.319718   1.58914
 0.857421  0.293196 -0.343938   1.56838
0.867161  0.28735 -0.33754  1.58542
 0.842091  0.248587 -0.409453   1.54805
 0.846701  0.248269 -0.403624   1.55519
 0.843227  0.253667 -0.404634   1.54984
 0.84422 0.250736 -0.40526  1.55129
 0.833462  0.258982 -0.412704   1.53456
0.838981 0.260027 -0.40588  1.54341
 0.833129  0.264926 -0.407458   1.53353
 0.835129   0.26155 -0.408059   1.53665
 0.833133  0.247994 -0.420949   1.53422
 0.837424  0.248904 -0.415269   1.54089
 0.833165  0.253467 -0.417474   1.53435
 0.834571  0.250269 -0.416951   1.53597
 0.839442  0.250931 -0.411165   1.54384
 0.840547  0.256484 -0.406429   1.54575
  0.83499  0.255866 -0.413045    1.5368
 0.838233  0.254145 -0.411113   1.54232
 0.826002  0.244642 -0.430888   1.52305
 0.829163  0.246944 -0.426177   1.52806
  0.82473  0.249715 -0.428374   1.52075
 0.826447  0.246959 -0.427579   1.52296
 0.815231   0.24922 -0.435207   1.50454
 0.818851  0.252619 -0.429888    1.5104
 0.812252  0.255018 -0.429099   1.49726
 0.815527  0.252307 -0.431426   1.50408
 0.821093  0.238105 -0.439793    1.5154
 0.823256  0.241958 -0.435373   1.51877
0.818382 0.243471 -0.43851   1.5108
 0.820519  0.240722 -0.436626   1.51323
 0.823307  0.244214 -0.432247   1.51788
0.821742 0.249424 -0.42988   1.5151
  0.81829   0.24606 -0.435018   1.50949
 0.821485   0.24685 -0.433484   1.51569
0.960148 0.155546 0.222014    1.727
0.959609 0.152902 0.227265  1.72583
0.959408 0.157643 0.225417  1.72502
0.959712 0.155494 0.223015  1.72548
0.952532 0.165026  0.24543  1.71429
0.949304 0.172079 0.249517  1.70884
0.952061 0.171443 0.241735  1.71325
0.951476  0.17043  0.24323  1.71211
0.959507 0.161677 0.222962   1.7252
0.959175 0.160525 0.224929  1.72459
0.959017 0.162421  0.22443  1.72429
0.959198 0.161445 0.223327  1.72442
0.954704  0.18268  0.22496   1.7175
0.954607 0.181116 0.226434  1.71732
0.953999 0.183296 0.227141  1.71644
0.954384 0.181491 0.225901  1.71673
0.955844 0.181298 0.221692  1.71922
0.955683 0.180359 0.222991  1.71896
0.955309 0.182004 0.223188  1.71841
0.955571 0.180608 0.222306  1.71857
0.953157 0.183772 0.229888  1.71517
0.953256 0.180803 0.231517  1.71524
0.952124 0.183932 0.233495   1.7136
0.952762 0.181452 0.231553  1.71418
0.953643 0.181666 0.228366  1.71557
0.954357 0.179631 0.227492  1.71669
0.953727 0.179174 0.230067  1.71571
0.953969 0.181178 0.228715  1.71634
0.959042 0.164695 0.222138  1.72409
 0.95902 0.164815 0.221927    1.724
0.959097 0.164541 0.221972  1.72415
0.959054 0.164618  0.22191  1.72405
0.955016 0.181113 0.223932  1.71771
0.955443 0.179512 0.223668  1.71838
0.954928 0.179698 0.225393  1.71758
0.955173  0.18081 0.224561  1.71818
0.959203 0.164092  0.22169  1.72428
0.959307 0.164013 0.220863  1.72437
0.959363 0.163357 0.221325   1.7245
0.959277 0.163674 0.220928  1.72425
0.959578 0.162326 0.220893  1.72482
0.959795 0.162066 0.219317  1.72512
0.959845 0.160883 0.220267  1.72524
0.959703 0.161503 0.219472  1.72481
0.960409 0.157991 0.216112  1.72611
 0.96048 0.156052 0.217815  1.72628
0.960148 0.158839 0.219274  1.72572
0.960257 0.157154 0.216408  1.72557
0.923894 0.253365 0.239733  1.66971
0.928165  0.25252 0.230975  1.67635
0.926962 0.246928 0.239397  1.67442
0.925898 0.249579 0.233957  1.67125
0.925867 0.239503 0.251212  1.67396
0.928188 0.240423 0.245097   1.6773
0.929674  0.23294 0.248427  1.67948
0.927629  0.23519 0.247247  1.67518
0.917313 0.254623 0.258574  1.66194
0.920698 0.255663 0.249608  1.66673
0.921567 0.247534 0.255378  1.66814
0.919647  0.24974 0.252277  1.66342
0.922921 0.249413  0.24218  1.66731
0.926091 0.242884  0.24145  1.67208
0.923597 0.241962  0.24831  1.66854
0.924457 0.247176  0.24639  1.67138
0.958968 0.165447 0.220761  1.72379
0.959172 0.164713 0.220687  1.72413
0.958998 0.165064 0.221449   1.7239
0.959031 0.164807 0.220745  1.72382
0.961481 0.144124  0.20765   1.7278
0.961281 0.147833 0.205069  1.72747
0.962125 0.142236 0.200324    1.729
0.961809 0.145929 0.207094  1.72897
0.957359 0.161418 0.230388  1.72156
0.958118 0.160793  0.22771  1.72263
0.958003 0.158446 0.228942  1.72242
0.957893 0.159874 0.230073  1.72252
 0.976573 0.0887244  0.166346   1.75353
 0.977238 0.0692039  0.171528   1.75478
 0.973952 0.0832663  0.183517   1.74985
 0.975977 0.0748054  0.166559   1.75108
 0.97095 0.102357 0.179572  1.74345
 0.970975 0.0926458  0.186475   1.74391
0.968817 0.105861 0.192806   1.7411
 0.970234 0.0988748  0.180185   1.74146
0.973544 0.116291 0.166128  1.74862
0.975287 0.103825 0.164313  1.75134
 0.97295  0.10876 0.174871   1.7481
0.973963 0.104635 0.166174  1.74847
 0.975293 0.0917554  0.164525   1.75031
 0.973076 0.0882397  0.178085   1.74705
0.972731 0.100136 0.175082  1.74673
 0.973705 0.0973993  0.177476    1.7493
0.959227  0.16434 0.219798  1.72408
0.959002 0.165162 0.219938  1.72372
0.959211 0.164581 0.218588  1.72401
0.959182 0.165083 0.219791  1.72412
0.959578 0.162038 0.214218  1.72448
0.959681 0.162291 0.216838  1.72468
0.959406  0.16356 0.216693  1.72424
0.959652 0.163286 0.216743  1.72482
0.965637  0.12657  0.18701  1.73448
0.963962 0.126702 0.198085  1.73189
0.963498 0.135002 0.194509  1.73121
0.964485 0.132055 0.197409  1.73387
0.930634 0.309383 0.123882  1.67886
0.934838 0.309399 0.102858   1.6861
0.938551 0.295594 0.117806  1.69145
0.934892 0.302731 0.120109  1.68584
0.967082 0.123069 0.190432  1.73826
0.966861 0.115533 0.197606  1.73813
0.965058 0.123235 0.201976  1.73496
 0.96624 0.119541 0.192191  1.73596
0.959577 0.169665 0.209987  1.72454
 0.95976 0.172474 0.211084  1.72487
 0.96019 0.171149 0.209575  1.72546
0.959914 0.170403 0.210379  1.72484
0.959001 0.171638 0.212331  1.72348
0.959477 0.172128 0.211559  1.72423
 0.95927 0.169269 0.210518  1.72384
0.959309 0.171839 0.211931  1.72417
0.956256 0.159846 0.211174  1.72173
0.957013  0.15976 0.211885   1.7228
0.958049 0.163475 0.217246  1.72367
 0.95675 0.160247  0.21162  1.72208
0.958392 0.174263 0.215336  1.72275
0.958688 0.174927 0.214341  1.72327
0.958766 0.173021 0.213862  1.72324
0.958649 0.174717 0.214839  1.72334
0.958186 0.162675 0.226678  1.72278
0.957771  0.16458 0.227409  1.72226
0.958268 0.164003 0.225742  1.72296
0.958104 0.163416 0.227187  1.72281
0.957431 0.166431 0.227718  1.72184
0.957161 0.168013 0.227606  1.72152
0.957649 0.167047 0.226419  1.72222
0.957422  0.16669 0.227475  1.72186
 0.95697 0.178651 0.218589  1.72072
0.957173 0.177351 0.218727  1.72101
0.956769 0.178068 0.219795  1.72041
0.957005 0.178474 0.219372  1.72096
0.958768 0.164993 0.222717  1.72361
0.958632 0.165652 0.222592  1.72336
0.958864 0.165177 0.222142  1.72374
0.958751 0.165068 0.222501  1.72353
 0.95607 0.180026 0.220917  1.71934
0.956353 0.178668 0.220935  1.71978
0.955914 0.179157 0.222205   1.7191
 0.95615  0.17981 0.221644  1.71966
0.958379 0.164792 0.224171  1.72298
0.958706 0.164521 0.223235  1.72351
0.958686  0.16386 0.223958  1.72355
0.958592  0.16418  0.22399  1.72336
0.958742 0.160944 0.225391  1.72367
0.958173 0.163038 0.226648  1.72284
0.958705  0.16279 0.224753  1.72365
0.958542 0.162022 0.226281  1.72349
0.960534  0.15288 0.193969  1.72697
0.959436 0.156885 0.195402  1.72541
0.960346 0.156018 0.190754  1.72685
0.960134 0.157053 0.193974  1.72685
0.958092 0.158822 0.229268  1.72273
0.958984 0.158129 0.225978  1.72408
0.959031 0.154351 0.228335  1.72453
 0.95853 0.156137 0.228451  1.72324
 0.95664 0.169014 0.227813  1.72073
0.956108 0.170332 0.228398   1.7199
0.956302 0.169564 0.226176  1.72032
0.956427 0.170338 0.227853  1.72055
0.957147 0.157176 0.231886   1.7208
0.957936 0.151256 0.232589   1.7224
0.955453 0.156543  0.23744  1.71803
0.957181 0.156837 0.235683  1.72182
0.954396  0.17399 0.231833   1.7168
0.953343 0.174799 0.234895  1.71518
0.953698 0.177304 0.232169  1.71581
0.953754 0.174597 0.233796  1.71585
  0.9556 0.179241 0.224111  1.71881
0.955601 0.177968 0.224962  1.71878
0.955147 0.179366 0.225697  1.71811
0.955409  0.17825 0.224826  1.71833
0.950857  0.18324 0.238379  1.71166
0.951801 0.176574 0.239069  1.71287
0.949376 0.180393 0.244829  1.70927
0.950464 0.177867 0.241723  1.71057
 0.95477 0.156875 0.244847  1.71836
0.958295  0.15042 0.236939  1.72443
0.954089 0.147713 0.254327  1.71857
0.955188 0.147985 0.240728  1.71748
0.954654 0.173999 0.231113  1.71725
 0.95408 0.176513  0.23105  1.71631
0.954855 0.175454 0.229168  1.71752
0.954573 0.175994 0.230009  1.71715
0.931834 0.191188 0.271838  1.68294
0.929018 0.190362 0.278173  1.67911
0.929608 0.196347  0.27366  1.67979
0.930411 0.192042 0.276389  1.68158
0.935857 0.197585 0.261678  1.68939
0.938607 0.187916 0.261003  1.69316
 0.93538 0.191975 0.266098  1.68895
0.936395  0.19002 0.263466  1.68956
0.930957 0.198745 0.271923  1.68238
0.933379 0.199712 0.265541  1.68546
0.932973 0.193993 0.270404  1.68527
0.932055 0.197716  0.26734  1.68301
0.934794 0.160822 0.280018  1.68808
 0.93327 0.155766 0.285066   1.6859
0.931432 0.164664 0.285429  1.68309
0.933479  0.16252 0.285924  1.68772
0.932641 0.176549 0.276388  1.68401
0.929863 0.173593 0.283256  1.67998
0.929345 0.181948 0.280641   1.6792
 0.93093 0.177922 0.282892  1.68285
0.940525 0.163396 0.267207   1.6962
0.937377 0.163933 0.274317  1.69213
0.936932 0.171206  0.27198  1.69125
0.938217 0.165177 0.273698  1.69371
0.934773 0.165387 0.280332  1.68859
0.931483 0.169389 0.285627  1.68376
0.934112 0.173007 0.278285  1.68739
0.933297 0.168586 0.278759  1.68518
0.925591 0.216744 0.271561  1.67452
0.921827 0.221682 0.275838  1.66899
0.924399 0.224493 0.268474  1.67266
0.923818 0.218601 0.270177  1.67042
0.929571 0.219458 0.258989  1.67908
0.926827 0.224757 0.261031  1.67515
0.930116 0.225718  0.25299  1.67989
0.928527 0.222097 0.255234  1.67621
0.932676 0.206496 0.263499  1.68475
0.929402 0.211696 0.267443  1.68031
0.931101  0.21355 0.262184  1.68248
0.930827 0.208335 0.263298  1.68095
0.927377 0.213777 0.266076  1.67566
0.926321 0.220928 0.262597  1.67384
0.929179 0.215733 0.260279  1.67795
0.927799 0.218852 0.265068  1.67749
0.956008 0.153994 0.238286  1.71988
0.957114 0.148785 0.235483  1.72157
0.955289 0.148126 0.241223  1.71885
0.956038 0.150062 0.235986  1.71929
0.958804 0.165452 0.221004  1.72344
0.958873 0.165061 0.221646  1.72364
0.958631 0.165575 0.222063  1.72324
0.958787 0.165652 0.221698  1.72355
0.932448 0.233496 0.237085  1.68182
0.931032 0.229882 0.244803  1.68009
0.929581 0.237254 0.241603  1.67805
 0.93089 0.235741 0.240165  1.68005
0.932357 0.247458 0.225436  1.68246
0.936974 0.242608 0.225215  1.69131
0.933998 0.240856 0.231538  1.68584
 0.93448 0.245723 0.227723  1.68735
 0.92931 0.243781 0.235474  1.67758
0.930468 0.249007 0.226931  1.67926
0.932264 0.239398 0.231509  1.68153
0.930689  0.24207   0.2335  1.67952
0.957991 0.161911 0.228542  1.72264
0.957288 0.162426 0.230869   1.7216
0.957533 0.163971 0.229065  1.72198
 0.95758  0.16321 0.228775  1.72192
0.957595 0.174753 0.217762  1.72166
0.957564 0.176322 0.218312  1.72174
0.957928 0.175289 0.217124  1.72224
0.957678 0.174971 0.217504  1.72166
 0.95803 0.171567 0.214064  1.72226
0.958289 0.173971 0.215714  1.72272
0.958635 0.172713 0.214152   1.7232
0.958384 0.172091 0.214755  1.72261
0.955235 0.159173 0.239582  1.71871
0.953546 0.161317 0.243892  1.71622
0.954594 0.163808 0.239638  1.71771
0.954385  0.16241 0.239635  1.71722
0.958363  0.16605 0.224249  1.72329
0.958013 0.166548 0.225139  1.72278
0.958098 0.166853  0.22398  1.72299
0.958181 0.166842 0.224358  1.72306
 0.95845 0.166305 0.222106  1.72358
0.958083 0.166703 0.222453  1.72306
0.957866 0.165789 0.220185  1.72292
0.958246 0.166769  0.22208   1.7234
0.954733 0.159962 0.209697  1.71931
0.956609 0.163694 0.216078  1.72151
0.955947 0.163572  0.21545  1.72063
0.956134 0.163202 0.215679  1.72113
0.957329 0.176008 0.218675  1.72119
0.957375 0.174376 0.218147  1.72115
0.957098 0.175427 0.219446   1.7208
0.957303 0.175812 0.219068  1.72127
0.958597 0.166353 0.221791  1.72389
0.958024 0.165698 0.220051   1.7233
0.958482 0.165459 0.220121  1.72392
0.958314 0.165571 0.220212  1.72353
0.956377 0.162303 0.203546  1.71987
  0.9574 0.162327 0.203873  1.72103
0.954173 0.155937 0.197943   1.7179
0.956554 0.162029 0.203388   1.7203
0.953417 0.152512 0.193966  1.71765
0.953589  0.15027 0.191517  1.71802
  0.9553 0.154441 0.202653  1.72083
0.953387 0.149469 0.193647  1.71763
0.957802 0.167469 0.225251  1.72252
0.957469 0.168114 0.224665  1.72215
0.957882 0.167541 0.224031  1.72274
0.957706 0.167364 0.224627  1.72241
0.954546  0.15562 0.197621  1.71881
0.957733 0.162182 0.203575  1.72183
0.954535 0.153609 0.195426  1.71917
0.954773 0.156528 0.195786  1.71902
0.953118 0.154434 0.197808  1.71681
0.953087 0.153325 0.196184  1.71686
0.954045 0.155572 0.202832  1.71878
0.953021 0.152708 0.197516  1.71678
 0.766252  0.141264 -0.495721   1.41556
 0.766815  0.138599 -0.494891   1.41653
 0.769198   0.13981 -0.493875   1.42024
 0.767334  0.139796 -0.494762   1.41698
 0.76911 0.145037 -0.49596   1.4209
 0.765326  0.146797 -0.498215     1.415
 0.766001   0.14384 -0.496327   1.41518
 0.766558  0.145033 -0.497236   1.41656
 0.770001  0.141265 -0.493406   1.42115
 0.770746  0.144258 -0.494699   1.42337
 0.767075  0.142739 -0.495227   1.41653
 0.769777   0.14281 -0.494297   1.42148
  0.77516  0.159805 -0.494338   1.43548
 0.777319  0.160763 -0.496016   1.44031
 0.776111  0.160888 -0.492327   1.43661
 0.776403  0.160176 -0.493943   1.43786
 0.774288  0.160898 -0.488257   1.43107
  0.77366    0.1598 -0.488834   1.43001
 0.775014  0.160629 -0.489178   1.43307
 0.774522  0.160405 -0.488553   1.43173
 0.776265  0.151866 -0.498912   1.43747
 0.77965 0.149014 -0.49333  1.44078
 0.779615  0.153771 -0.496715   1.44324
 0.779302  0.152523 -0.497959   1.44322
  0.75525  0.151773 -0.501899   1.39828
 0.757441  0.152211 -0.502757   1.40287
0.755546 0.153598 -0.50306  1.39959
 0.755865  0.152732 -0.502777   1.39987
 0.752101  0.155044 -0.502839   1.39327
    0.754  0.155213 -0.503446    1.3971
 0.752623  0.156924 -0.504087   1.39504
  0.75272  0.155684 -0.503562   1.39471
 0.750699  0.151932 -0.502731   1.39139
 0.753014  0.151762 -0.502094   1.39475
 0.751436  0.153467 -0.502577   1.39223
 0.751492  0.152331 -0.502234   1.39192
 0.753745  0.152238 -0.502002    1.3955
 0.754114  0.154077 -0.503073   1.39688
 0.752167  0.153908 -0.502497   1.39298
0.753556 0.153378 -0.50239  1.39557
 0.780264  0.176085 -0.478382   1.44027
 0.775865  0.176683 -0.482201   1.43345
 0.778731  0.175524 -0.484084   1.43946
  0.77829  0.175772 -0.481367   1.43772
 0.772177  0.165091 -0.496448   1.43097
 0.771846  0.164672 -0.496853   1.43041
 0.772375  0.164434 -0.495981   1.43091
 0.772285  0.164881 -0.496713   1.43127
 0.746279  0.160023 -0.503695     1.384
 0.745333   0.15869 -0.504069   1.38292
 0.747506  0.158319 -0.503495   1.38596
 0.746148   0.15895 -0.503478    1.3834
 0.750141  0.159625 -0.504377   1.39087
 0.749559  0.158046 -0.503419   1.38914
 0.751549  0.158146 -0.504456   1.39337
 0.750202  0.158809 -0.504212   1.39071
 0.748122  0.163095 -0.504724   1.38777
 0.747233  0.161392 -0.503681   1.38542
 0.749051  0.161295 -0.504411   1.38911
 0.747908  0.161877 -0.504353   1.38692
 0.747029  0.160297 -0.503473   1.38467
 0.748239  0.158627 -0.503303   1.38663
 0.748876  0.160219 -0.504184    1.3884
 0.748288  0.159667 -0.503553   1.38709
0.781547 0.180409 -0.46752  1.43993
   0.7763  0.179921 -0.472016   1.43142
0.780781 0.176944  -0.4703  1.43828
 0.780404  0.179504 -0.470704   1.43906
 0.772295  0.176607 -0.485329   1.42787
 0.769757  0.176092 -0.487957   1.42405
 0.772224  0.176026 -0.489459   1.42933
 0.771617  0.176002 -0.487354   1.42745
 0.778554  0.194724 -0.485812   1.44351
 0.782926  0.188879 -0.473391   1.44648
 0.784348  0.197832 -0.483059   1.45376
 0.783605  0.196168 -0.484096    1.4532
 0.756354  0.158225 -0.507422   1.40435
 0.753333  0.157888 -0.505367   1.39724
 0.754759  0.156144 -0.504584   1.39926
 0.755123  0.157413 -0.505136   1.40058
0.758022 0.157071 -0.50712  1.40726
 0.756425  0.154967 -0.504281   1.40217
 0.758284  0.153634 -0.504134   1.40549
 0.757253  0.154738 -0.504287   1.40374
 0.740652  0.177879 -0.501091   1.37433
 0.742808  0.179244 -0.501439   1.37866
 0.740559  0.180238 -0.500269   1.37415
 0.741755  0.179128 -0.500948    1.3767
   0.7359  0.180639 -0.501661   1.36759
 0.738229  0.181608 -0.500299   1.37064
0.735777  0.18325 -0.50082  1.36742
 0.737071  0.182067 -0.501529   1.37013
  0.73657  0.175686 -0.502991   1.36862
 0.738589   0.17675 -0.501847   1.37124
 0.736178  0.178128 -0.502392   1.36802
 0.737502  0.177054 -0.502946   1.37073
 0.739573  0.178032 -0.501755    1.3734
 0.739437  0.180466 -0.501001    1.3732
 0.737226  0.179495 -0.502304   1.37033
 0.738335  0.179121 -0.501129   1.37081
 0.753997  0.200476 -0.492295   1.39987
 0.754926  0.197637 -0.497901   1.40421
 0.758698  0.201845 -0.494693    1.4107
  0.75553  0.200081 -0.495358   1.40438
 0.746314  0.180067 -0.504232   1.38735
 0.748385  0.178997 -0.507661    1.3931
  0.74881  0.183149 -0.506309   1.39402
 0.747164  0.180657 -0.506178   1.39009
 0.741297  0.187841 -0.497031   1.37535
 0.744239  0.188988 -0.496707   1.38073
 0.741808   0.19067 -0.495618   1.37613
 0.742978  0.189268 -0.496688   1.37879
 0.736379  0.191813 -0.497361   1.36845
 0.739416  0.192587 -0.495474    1.3725
 0.736843  0.194922 -0.495919   1.36922
 0.738116   0.19344 -0.497038   1.37206
 0.735839  0.185979 -0.499803   1.36753
 0.738522  0.186844 -0.498192   1.37109
 0.735988  0.188817 -0.498674   1.36779
  0.73729  0.187489 -0.499573    1.3706
 0.740075  0.188302 -0.497903   1.37431
 0.740542  0.191197 -0.496562   1.37508
  0.73762  0.190414 -0.498393    1.3712
 0.738895  0.189661 -0.496883   1.37167
 0.748593  0.189287 -0.499986   1.39127
 0.750235  0.187762 -0.504221   1.39654
 0.752173  0.192211 -0.501642   1.39981
 0.749537  0.189686 -0.501965   1.39416
 0.744846  0.199731 -0.490072   1.38092
 0.748942  0.201086 -0.488256   1.38772
  0.74554  0.202726 -0.488262   1.38196
 0.747041  0.201368 -0.489375   1.38526
 0.739926   0.20431 -0.490772   1.37427
 0.743098  0.204464 -0.488784   1.37855
 0.741386  0.207452 -0.488628   1.37651
 0.741966  0.205662 -0.490242   1.37823
 0.737799  0.198189 -0.494246   1.37086
 0.741291  0.198813 -0.491969   1.37551
 0.738778  0.201391 -0.492415   1.37232
 0.739964  0.199781 -0.493709    1.3751
 0.742959  0.200107 -0.491496   1.37875
  0.74354  0.203158 -0.489952   1.37978
 0.740538  0.202927 -0.491975   1.37582
 0.741815  0.201693 -0.490322    1.3762
 0.781076  0.232501 -0.458878   1.44284
 0.778274  0.226388 -0.465534   1.43913
 0.783099  0.229336 -0.461953    1.4476
 0.782197  0.230637 -0.463662   1.44734
 0.792837   0.23916 -0.453745   1.46572
 0.790249  0.246532 -0.447786   1.45963
 0.785853  0.239523 -0.454712   1.45238
 0.790128  0.241582 -0.453179   1.46098
   0.7874  0.233935 -0.459879   1.45664
0.792665 0.237005 -0.45589  1.46597
 0.785322  0.237679 -0.456721   1.45191
  0.78774  0.235838 -0.457897   1.45673
 0.764347  0.205692 -0.491829   1.42073
  0.77065  0.206227 -0.491293   1.43271
 0.768524  0.209615 -0.487175   1.42728
 0.768938  0.207368 -0.490413   1.42955
 0.799593  0.210082 -0.473749   1.48154
 0.804578  0.213138 -0.468132   1.48947
 0.799195   0.21505 -0.471014   1.48061
 0.800397  0.212461 -0.469744   1.48147
 0.787686  0.210848 -0.481353   1.46201
 0.789165  0.204647 -0.484726   1.46515
 0.794167  0.208438 -0.479558   1.47337
 0.789501  0.207624 -0.481181   1.46447
 0.795091  0.215181 -0.472649   1.47318
 0.788713  0.213473 -0.477133   1.46235
 0.795522    0.2112 -0.475797   1.47468
 0.794041   0.21345 -0.475078     1.472
 0.764801  0.226672 -0.466937   1.41316
 0.772157  0.226316 -0.466789   1.42761
 0.768399  0.231757 -0.462072   1.41898
 0.769092   0.22844 -0.465403   1.42145
 0.758038  0.238544 -0.464607   1.40289
0.764926 0.237634 -0.45965   1.4127
 0.760683  0.244452 -0.459757   1.40712
 0.762242  0.241133 -0.463189   1.41131
0.752493 0.227955 -0.47367  1.39432
  0.75841  0.227062 -0.469832    1.4027
 0.755269  0.232914 -0.469508   1.39871
  0.75618  0.229945 -0.472451   1.40149
  0.76257  0.228914 -0.468338   1.41068
  0.7661 0.234108 -0.46329  1.41624
 0.759523  0.235081 -0.468029   1.40695
 0.761831  0.232065 -0.464929   1.40802
 0.780256  0.215594 -0.478364   1.44699
0.776086 0.220589 -0.47383  1.43764
0.772451 0.214777  -0.4807  1.43269
 0.777852  0.217185 -0.478722   1.44317
 0.778257   0.25007 -0.442713   1.43348
 0.786476  0.251412 -0.440266   1.44931
 0.781152  0.256698 -0.436079   1.43786
 0.783233  0.253237 -0.440619   1.44361
 0.768095  0.264881 -0.442273   1.41861
 0.776187  0.264077 -0.435323   1.43014
 0.770684  0.272276 -0.435869   1.42284
 0.773111  0.268664 -0.440202   1.42899
  0.76318  0.250913 -0.454063   1.41081
 0.770704  0.250198 -0.448027   1.42153
  0.76564    0.2577 -0.448499   1.41477
0.767809 0.254191 -0.45236  1.42029
 0.775302  0.253156 -0.446247   1.43089
0.778103 0.260333 -0.44001  1.43547
 0.770499  0.261082 -0.446639   1.42472
   0.7733  0.256752 -0.441943    1.4255
 0.796697  0.267652 -0.422897   1.46661
 0.801702  0.273604 -0.414726    1.4748
 0.793014  0.273364 -0.418762    1.4588
 0.795754  0.270858 -0.417607   1.46286
 0.781108    0.2674 -0.433216   1.44026
0.784217 0.274834 -0.42617  1.44541
 0.775955  0.276083 -0.433623   1.43373
 0.778991  0.271038 -0.428513   1.43454
 0.790461  0.254046 -0.438539   1.45749
 0.792054   0.26098 -0.431186   1.45908
 0.785382  0.259632 -0.434219   1.44657
 0.787882  0.257856 -0.433313   1.45051
 0.790771  0.264285 -0.425593   1.45449
 0.786978  0.269731 -0.421555   1.44642
 0.783738  0.263023 -0.429058   1.44148
 0.788502  0.266517 -0.426859   1.45138
0.776319 0.287698 -0.42136  1.43198
 0.773407  0.279959 -0.428764   1.42721
 0.782197  0.278656 -0.420932   1.43973
 0.778851  0.284005 -0.426268   1.43851
 0.794145  0.284037 -0.404986   1.45768
  0.79083  0.277221 -0.413329   1.45265
 0.800033  0.277329 -0.409103    1.4696
0.796311  0.28052 -0.41056  1.46388
 0.782773  0.303277 -0.404867   1.44251
 0.779401  0.295554 -0.413323     1.437
   0.7888  0.293568 -0.404955   1.45051
 0.785239  0.299637 -0.410392    1.4491
 0.781929  0.291681 -0.418716   1.44361
 0.787439  0.282172 -0.418457   1.45055
 0.790687  0.289847 -0.410596   1.45599
  0.78521  0.285885 -0.413315   1.44454
 0.807416  0.273458 -0.417471   1.48802
 0.809506  0.264468 -0.424888   1.49292
 0.814105  0.269919 -0.417045   1.50039
 0.810592  0.269453 -0.418767   1.49365
 0.811653   0.27827 -0.409383   1.49448
 0.818259  0.274344 -0.409792   1.50702
 0.820838  0.281222 -0.400266    1.5103
 0.816097  0.276292 -0.405829   1.50126
 0.805842  0.304728 -0.376184   1.47592
0.816053 0.302241 -0.36929  1.49332
 0.810061  0.311984 -0.364908   1.48246
 0.812067  0.308159 -0.372593   1.48884
0.792644 0.327858 -0.37489  1.45818
0.803965 0.324603 -0.36467  1.47497
 0.796537   0.33675 -0.362985   1.46458
 0.799597  0.332855 -0.370497   1.47282
 0.785941  0.311179 -0.395637   1.44751
 0.795926  0.308728 -0.386516     1.462
 0.789197  0.319348 -0.386055   1.45285
 0.792047  0.315611 -0.392174    1.4603
 0.802337  0.312695 -0.382892   1.47533
 0.806436  0.320846 -0.372091   1.48214
 0.795978  0.323816 -0.382207   1.46701
 0.799935  0.316341 -0.376074   1.46844
 0.825424  0.358813 -0.301979   1.50933
 0.816187  0.374426 -0.296938   1.49573
 0.810928  0.364734 -0.315589   1.48717
 0.819758  0.370873 -0.308578   1.50617
 0.814728  0.340809 -0.335986   1.49201
 0.805933   0.35537 -0.333023   1.47941
 0.801166  0.345766 -0.348449   1.47169
  0.80942  0.351337 -0.342734   1.48917
  0.84262  0.326156 -0.310407   1.53553
 0.833381   0.34156 -0.303975   1.51935
 0.828294   0.33295 -0.321397   1.51147
 0.836336  0.337241 -0.315575   1.52852
 0.828181  0.355273 -0.313182   1.51805
 0.814763  0.360766 -0.326882   1.49812
 0.823124  0.345502 -0.330246   1.50971
 0.820054  0.349358 -0.319628   1.50044
  0.88265   0.29087 -0.292946   1.60452
 0.894569   0.27828 -0.283772   1.62443
 0.893787  0.293984 -0.264341   1.62163
 0.891401   0.28993 -0.287886   1.62257
 0.874425   0.28359 -0.316319   1.59186
 0.873174   0.27401 -0.333973   1.59248
 0.879975  0.272435 -0.323282   1.60317
 0.87735 0.279592 -0.32567  1.60047
 0.881556  0.289781 -0.305389   1.60607
 0.886736  0.276732 -0.314392   1.61663
 0.893646  0.277203 -0.297566   1.62665
  0.88643  0.278591 -0.301229   1.61177
 0.851819  0.365718 -0.246127   1.55077
 0.866484  0.352124 -0.232482   1.57349
 0.857134  0.373143 -0.223427   1.55934
 0.860169  0.370282 -0.238294   1.56911
0.832848 0.399891 -0.22951  1.52176
 0.848781  0.389338 -0.214355    1.5464
 0.838642  0.407322 -0.203971   1.53119
 0.842467   0.40592 -0.219675   1.54306
 0.821644  0.383255 -0.275881   1.50407
 0.837062  0.375266 -0.261026   1.52777
 0.827188  0.392337 -0.253792    1.5131
 0.830937  0.389579 -0.267464   1.52437
 0.845936  0.380193 -0.253199   1.54707
  0.85139   0.38807 -0.229842   1.55585
 0.836926    0.3978 -0.245198    1.5343
 0.842764  0.382143 -0.238632   1.53657
 0.962722  0.231489 -0.114928   1.73302
  0.96721  0.212744 -0.118341   1.74041
  0.968706    0.22022 -0.0950608    1.74261
 0.965943  0.212687 -0.111997   1.73621
 0.913722  0.324127 -0.163661   1.65317
 0.925383   0.30867 -0.152317   1.67251
 0.922098  0.320801 -0.133341   1.66618
 0.921777  0.323779 -0.157067   1.67066
  0.981297   0.161261 -0.0521805    1.75914
  0.978506   0.175924 -0.0451715    1.75376
  0.978888   0.169484 -0.0630907    1.75502
  0.979851   0.176002 -0.0510531    1.75772
 0.945066  0.248328 -0.170371   1.70389
  0.94271   0.23873 -0.195847   1.70124
0.951145 0.226581 -0.17458  1.71394
 0.946899  0.246265 -0.177669   1.70934
  0.900137   0.375045 -0.0214963    1.62685
   0.909931    0.360568 -0.00475832     1.64271
 0.901096  0.373891 0.0053937   1.62811
   0.904804      0.3773 -0.00332622     1.63811
  0.879789   0.411675 0.00749769    1.59817
 0.892326  0.392452 0.0195588   1.61702
 0.883111  0.406664 0.0349815   1.60385
 0.886713  0.413164 0.0227749   1.61475
  0.873004    0.41394 -0.0549114    1.58603
  0.887455   0.394276 -0.0359604    1.60746
 0.876334  0.413355 -0.022331   1.59155
  0.881052   0.418056 -0.0356094    1.60498
  0.893702    0.39755 -0.0199839    1.62257
  0.895183   0.397455 0.00816577    1.62562
    0.88357    0.416624 -0.00518047     1.60906
   0.889368    0.394409 -0.00818106     1.61109
0.901609 0.367141 0.105831  1.63317
0.895314 0.374136  0.12153  1.62445
0.892397 0.383314 0.103046  1.61945
0.897335 0.382173 0.111897  1.63132
 0.897129  0.381552 0.0667151   1.62536
 0.889414  0.392365 0.0827143   1.61462
  0.88631  0.399975 0.0599399   1.60926
 0.892158  0.399875 0.0716979   1.62338
 0.914317  0.346788 0.0766581   1.65016
 0.907721  0.356369 0.0909962   1.64044
0.906141 0.362735 0.072094  1.63774
 0.910119  0.362605 0.0815652   1.64766
 0.903712  0.374401 0.0964595   1.64004
 0.894898  0.391555 0.0923406    1.6277
 0.901838  0.381532 0.0772376   1.63697
0.899308 0.374779  0.08689  1.62914
 0.973833  0.192552 0.0990675   1.74769
0.974618 0.189881 0.091739  1.74879
 0.974989  0.184373 0.0971069   1.74928
 0.974358   0.18549 0.0968549   1.74775
0.973966 0.182969 0.111899  1.74779
0.975167 0.179224 0.103363  1.74952
0.975327 0.173893 0.109259  1.74975
0.974725 0.175328 0.109608  1.74836
 0.97077 0.201887 0.115153  1.74295
0.972454 0.195993 0.107053  1.74542
0.972545 0.191055  0.11377   1.7455
0.971817 0.191981 0.111464  1.74352
0.973373 0.188534 0.103981  1.74625
0.974574 0.179988 0.102371  1.74794
0.973471 0.183583 0.110666  1.74637
0.973964 0.187968 0.105359  1.74788
 0.969204  0.226056 0.0397872   1.73876
 0.971852  0.213389 0.0493894   1.74288
 0.968544  0.226155 0.0578383   1.73784
 0.970154  0.227925 0.0538291   1.74206
 0.975159  0.202056 0.0546012   1.74926
 0.977491  0.191681 0.0491777   1.75316
 0.976789  0.192584 0.0603052   1.75213
 0.976357  0.190968 0.0517682   1.75027
 0.91464 0.329659 0.138781  1.65198
0.922454 0.315629 0.140473  1.66465
0.915312 0.321921 0.154542  1.65321
 0.91779  0.32806 0.147202  1.66001
 0.90203 0.342946 0.168771  1.63475
  0.9093 0.329759 0.168785  1.64571
0.903367 0.333182 0.183694   1.6371
0.905604 0.340858 0.176722  1.64372
0.898112 0.363202 0.138361  1.62865
0.906522 0.347701 0.138983  1.64103
 0.90038 0.353535 0.154387  1.63255
0.902374 0.361456 0.146189  1.63898
0.910332 0.346028 0.146314  1.65033
0.911465 0.337039 0.161909  1.65217
0.904546 0.351505   0.1608  1.64245
0.908158 0.338547 0.153646  1.64369
0.933041  0.28418 0.171842  1.68325
0.927471 0.287848 0.184379  1.67431
0.927124 0.293811 0.172808  1.67327
0.929034 0.292987 0.177618  1.67833
0.933805 0.291818 0.158454  1.68523
0.927894 0.301067 0.159962  1.67528
0.929439 0.306299 0.144706  1.67813
    0.93 0.297626 0.158273  1.67864
0.917906 0.297415 0.193496  1.65838
0.923269 0.286661 0.192751  1.66643
0.918567 0.289262 0.204022  1.65954
0.920244 0.295309 0.199354  1.66436
0.908844 0.301727 0.219268  1.64648
0.914332 0.292409 0.216478  1.65459
0.910128 0.292701 0.227655  1.64853
0.911479 0.299644 0.223029   1.6528
0.905447 0.322194 0.197283  1.64076
0.912024 0.310242 0.195658  1.65052
0.906959 0.312203 0.208631  1.64323
0.908682 0.319939 0.202798  1.64864
0.914712 0.308222 0.201379  1.65726
0.915608 0.299315  0.21166  1.65867
0.910037 0.309935 0.213839  1.65075
0.913108 0.301261 0.206606  1.65239
0.922045 0.263191 0.228202   1.6653
0.927065 0.254511 0.226541  1.67327
0.922453 0.255481 0.235888    1.666
0.923957 0.260639 0.232695  1.67014
0.914179 0.264993 0.249798  1.65517
 0.91869 0.257819 0.246679  1.66189
0.915117 0.256904 0.255637  1.65666
0.916252  0.26285 0.252723  1.66016
 0.91181   0.2826 0.235924  1.65129
0.916873 0.274027 0.232668  1.65868
 0.91282  0.27415 0.243004   1.6529
0.914122  0.28047 0.239272  1.65686
0.919054 0.271866 0.236295  1.66401
  0.9197 0.263615 0.243668  1.66504
 0.91519 0.271905 0.246431  1.65862
 0.91775 0.265757 0.239721  1.66011
0.960485 0.157287 0.212193  1.72629
0.960339 0.156929 0.207714  1.72626
0.960846 0.154026 0.208761  1.72708
0.960405 0.154994 0.207938  1.72592
 0.92488 0.233975 0.253753  1.67088
0.928938 0.227521 0.250762  1.67699
0.925509 0.226749 0.258626  1.67191
0.926536   0.2316 0.256595  1.67492
0.918719 0.231607 0.270547  1.66261
0.922623 0.226386 0.266933  1.66854
0.919875 0.223748 0.274137  1.66444
0.920598 0.229628 0.272265    1.667
0.916426 0.247969 0.261237  1.65882
0.920636 0.241527 0.257907   1.6651
0.917378  0.24009 0.266042  1.66034
0.918356  0.24583 0.263722  1.66345
0.922448 0.239384 0.260507  1.66948
0.923236 0.231773 0.265114  1.67073
0.919375 0.237862 0.268521  1.66512
0.921545 0.233848 0.262613  1.66661
0.928113 0.197364 0.276793  1.67768
0.927625 0.191306 0.281512  1.67727
0.924964 0.199429  0.28233  1.67322
0.926909 0.198136 0.279424  1.67641
0.925179 0.210612 0.273146  1.67264
0.922903  0.20723 0.279909  1.66938
0.921448  0.21519 0.277476  1.66709
0.923347 0.213461 0.278306  1.67135
0.932372 0.201166 0.264651  1.68317
0.929831 0.200375 0.270885   1.6798
 0.92892 0.206301 0.268732   1.6783
0.930371 0.204217 0.270101  1.68163
0.927687 0.202754 0.275512  1.67742
0.924471 0.205654  0.28087  1.67295
0.926571 0.209208 0.273876  1.67574
0.926347  0.20375 0.275642  1.67456
0.938944 0.150896 0.278305   1.6958
0.935412 0.153429 0.285628  1.69078
0.936823 0.158958 0.280128  1.69261
0.936918 0.151852 0.279581  1.69155
0.943381 0.157659 0.266759  1.70185
0.946086 0.147376 0.265365  1.70665
 0.94241 0.151421 0.272719  1.70153
0.943633 0.149804 0.264928  1.70103
0.938059 0.158723 0.276103  1.69336
0.941298 0.158229 0.268888  1.69762
0.939876 0.151896 0.275652  1.69645
0.939412 0.158453 0.274541  1.69605
0.960136 0.158048 0.211549  1.72538
0.959732 0.160025 0.211133  1.72477
0.959908 0.157535 0.207453   1.7252
0.960088 0.159524 0.211356  1.72564
 0.793912  0.248503 -0.446484   1.46712
 0.796219  0.240769 -0.452426   1.47247
 0.800578  0.245727 -0.446462   1.47962
  0.7972 0.245245 -0.44818  1.47344
 0.798047  0.252744 -0.441095   1.47405
 0.804415  0.249772 -0.441338   1.48605
0.806928  0.25671  -0.4339  1.48965
 0.802161  0.251879 -0.438026   1.48034
 0.807378   0.22332 -0.459826   1.49357
 0.809872  0.217298 -0.461965   1.49817
 0.814298  0.221742 -0.455588   1.50508
 0.809542  0.220382 -0.457592   1.49578
 0.813577  0.233479 -0.448644   1.50322
 0.817232    0.2274 -0.449755    1.5096
 0.819318  0.233074 -0.444406   1.51268
 0.815995  0.230739 -0.445838   1.50573
 0.800292  0.234516 -0.454661   1.47992
 0.804061  0.229262 -0.457662    1.4875
0.807311 0.234201 -0.45191  1.49251
 0.803043  0.232267 -0.453652   1.48395
 0.806651   0.22627 -0.455931   1.49062
 0.813234  0.225074 -0.451413   1.50138
 0.809909  0.231419 -0.450162   1.49571
 0.810823  0.228204 -0.454252   1.49902
 0.791743   0.22829 -0.465386   1.46662
 0.794665  0.234349 -0.459622   1.47129
  0.78936  0.231622 -0.463762   1.46213
 0.790576  0.230309 -0.461944   1.46296
 0.78023 0.223082 -0.47218  1.44585
 0.784752  0.217779 -0.476645    1.4558
 0.787666  0.223471 -0.470846   1.46009
 0.783013  0.221562 -0.472609     1.451
 0.785165  0.229106 -0.464562   1.45324
 0.780018  0.225858 -0.467702   1.44367
 0.787421  0.226701 -0.466972   1.45832
0.785405 0.227644  -0.4663  1.45436
 0.796595  0.193506 -0.474783   1.47422
 0.802099  0.191549 -0.470471   1.48305
 0.799806  0.197483 -0.477179    1.4813
 0.799019  0.194003 -0.472851   1.47825
 0.787482  0.198556 -0.481983   1.45976
 0.786548  0.189481 -0.472117   1.45339
 0.791253  0.194197 -0.473384   1.46364
 0.787216  0.192441 -0.474912   1.45572
 0.796986  0.199256 -0.478983   1.47671
 0.791076  0.199598 -0.483207   1.46695
 0.795303  0.195995 -0.477691   1.47298
 0.795235  0.198155 -0.480914   1.47397
0.979395 0.106196 0.131594  1.75588
0.981327 0.109403 0.119015  1.75917
 0.981973 0.0896839  0.121389   1.75966
0.980976 0.109595 0.123298  1.75913
 0.978238 0.0795783  0.147166   1.75372
 0.981754 0.0685492  0.127479   1.75878
  0.97959 0.0570229  0.146652   1.75575
 0.979938 0.0772665  0.147029   1.75775
0.974265 0.109941 0.152991   1.7474
0.976893 0.105231 0.140382  1.75111
 0.976301 0.0964456  0.149447   1.75059
0.975938 0.109706 0.150427  1.75108
0.978667 0.106506 0.135508  1.75494
 0.981135 0.0916478  0.128781   1.75891
 0.978088 0.0955227   0.14763   1.75463
 0.979326 0.0900036  0.134506   1.75504
0.959259 0.161786 0.211155  1.72407
0.958745 0.163337 0.211427  1.72332
0.958705 0.161664 0.207845  1.72346
0.959066 0.163216 0.211079  1.72404
0.970644 0.144635 0.161094    1.743
0.972412 0.149398 0.152738  1.74587
 0.97296  0.13986 0.153507  1.74663
0.972213 0.146767 0.152885  1.74566
0.970022 0.135178 0.157117  1.74022
0.972528 0.127973 0.148141  1.74376
0.971926 0.122253 0.155168  1.74332
0.971749 0.131116 0.159223  1.74427
 0.975516   0.17716 0.0948214   1.74942
 0.975181  0.182183 0.0894142    1.7489
 0.976115  0.174981 0.0882019   1.75038
 0.975764  0.181342 0.0903488   1.75042
 0.978093  0.160801 0.0876757   1.75351
 0.977087  0.169055 0.0849652   1.75208
 0.978099  0.164601 0.0798555   1.75405
 0.977947  0.166756 0.0816699    1.7537
0.976178 0.163973  0.10636  1.75024
0.975897 0.171261 0.100854  1.75004
 0.977281  0.161216 0.0971107     1.752
  0.97662  0.169275 0.0996277   1.75158
 0.976164  0.176007 0.0950794   1.75101
 0.976721  0.173507 0.0870561    1.7517
0.977489 0.166921 0.090309  1.75288
 0.976683   0.16891 0.0923794   1.75124
 0.770999  0.165585 -0.493244    1.4276
 0.770888  0.165459 -0.493441    1.4274
 0.770997  0.165314 -0.493297   1.42759
  0.77092  0.165409 -0.493269   1.42741
 0.770659  0.165273 -0.494191   1.42716
0.770681 0.165551 -0.49454  1.42736
 0.770601  0.165508 -0.494795    1.4273
 0.770668  0.165426 -0.494619   1.42735
 0.770607  0.165145 -0.494285   1.42708
0.770556 0.165391 -0.49488  1.42724
 0.770466  0.165162 -0.494634   1.42694
  0.77055   0.16528 -0.494547   1.42708
 0.771476  0.165432 -0.494414   1.42912
 0.771481  0.165699 -0.494123   1.42904
 0.771194  0.165313 -0.493655    1.4282
0.771367  0.16556 -0.49416   1.4288
0.772238 0.165927  -0.4957  1.43108
 0.771811  0.165552 -0.495314   1.43013
0.772183 0.165562 -0.49608  1.43106
 0.772039  0.165735 -0.495765   1.43067
 0.769846  0.166537 -0.496197   1.42676
 0.769785  0.166454 -0.496357   1.42661
 0.769913  0.166347 -0.496228   1.42684
 0.769796  0.166437 -0.496216   1.42661
 0.775304  0.174197 -0.494345   1.43732
 0.773263  0.174437 -0.495586   1.43403
   0.7744  0.173523 -0.495406   1.43616
 0.774434  0.174103 -0.495214   1.43611
0.770833 0.164822 -0.49354  1.42733
 0.770953  0.165043 -0.493422   1.42753
 0.770774  0.165018 -0.493649    1.4272
 0.770802  0.164916 -0.493468   1.42722
 0.762689  0.149881 -0.501505   1.41195
 0.762643  0.153343 -0.505231   1.41448
  0.75996  0.151991 -0.502997   1.40778
 0.761985  0.151662 -0.502407   1.41142
 0.770954  0.164977 -0.493933   1.42781
 0.771309  0.165315 -0.494467   1.42879
 0.771066   0.16518 -0.493696   1.42794
 0.771128  0.165072 -0.493878   1.42815
 0.774104  0.161342 -0.489188   1.43105
 0.773326  0.161535 -0.491043   1.43023
0.773465 0.160267 -0.48953  1.42986
 0.773366  0.160689 -0.489431   1.42955
 0.769562  0.146883 -0.498094   1.42312
 0.768139  0.150279 -0.501989   1.42298
 0.765899  0.148284 -0.499979   1.41717
 0.767829  0.148279 -0.499034   1.42045
0.769234 0.166952 -0.49577  1.42527
 0.768871  0.166571 -0.494849   1.42414
 0.769153  0.166552 -0.495503   1.42495
 0.769082  0.166623 -0.495489   1.42481
 0.774274  0.158976 -0.491672   1.43267
 0.775258  0.160049 -0.490092   1.43399
 0.773711  0.159311 -0.489347   1.43042
0.774239 0.159566 -0.49042    1.432
 0.778316  0.159579 -0.498253   1.44274
 0.776509  0.157948 -0.500571      1.44
 0.779094  0.157203 -0.498399   1.44368
 0.778549  0.158585 -0.499932   1.44391
0.769825 0.158349 -0.49142  1.42357
 0.768983  0.159281 -0.492561   1.42238
 0.768295  0.158313 -0.492242   1.42104
 0.768863  0.158479 -0.491739   1.42183
 0.771964  0.147038 -0.497658   1.42761
 0.773282  0.150935 -0.500883   1.43256
 0.770116  0.150337 -0.501862   1.42677
 0.772201  0.150284 -0.501223    1.4306
 0.783793  0.147915 -0.487245   1.44575
 0.787511  0.147345 -0.480908   1.44999
0.786786 0.152384 -0.48531  1.45147
 0.787063  0.150487 -0.486246   1.45242
 0.774534  0.146815 -0.496838   1.43231
 0.778654  0.147737 -0.494658   1.43946
  0.77545  0.150839 -0.500202   1.43654
 0.775499  0.147677 -0.495676   1.43361
 0.772579   0.16101 -0.491285   1.42874
0.771716  0.16026 -0.49157  1.42713
 0.772591  0.159752 -0.489814   1.42813
 0.772572  0.160655 -0.491296    1.4288
 0.770064  0.167428 -0.494779   1.42684
  0.76998  0.167216 -0.494497   1.42652
0.770076  0.16716 -0.49417  1.42654
 0.770036  0.167322 -0.494403   1.42659
  0.76991  0.167696 -0.495506   1.42684
 0.769948  0.167411 -0.494838   1.42663
0.770039 0.167628 -0.49509  1.42694
 0.769947  0.167516 -0.495165   1.42677
 0.770358  0.168294 -0.496012   1.42787
 0.770633  0.168342 -0.495881   1.42833
   0.7704  0.168357 -0.495787   1.42776
 0.770431  0.168344 -0.495944   1.42796
 0.769694  0.167459 -0.495993   1.42655
 0.769757  0.167283 -0.495367   1.42644
 0.769775    0.1676 -0.495766   1.42666
  0.76977  0.167447 -0.495864   1.42668
 0.773487   0.17242 -0.494798   1.43419
    0.772  0.172379 -0.495179   1.43153
 0.772605   0.17102 -0.493043   1.43167
 0.772902  0.172337 -0.494896   1.43318
 0.769513  0.166918 -0.496428   1.42616
0.769369 0.166982  -0.4962  1.42575
 0.769308  0.166606 -0.495989   1.42547
  0.76943  0.166905 -0.496222   1.42587
  0.76974  0.166654 -0.496166   1.42655
 0.769631  0.166809 -0.496385    1.4264
 0.769665  0.166534 -0.496351   1.42638
 0.769735  0.166702 -0.496411   1.42661
 0.771594  0.165425 -0.495383    1.4297
  0.77141  0.165177 -0.495846    1.4295
 0.771905  0.165393 -0.496168   1.43051
0.771684 0.165272 -0.49576  1.43002
 0.772133  0.170932 -0.493036   1.43081
0.771585 0.172214 -0.49524  1.43084
 0.771014  0.170775 -0.493287   1.42877
 0.771345  0.170926 -0.493285   1.42936
  0.76981  0.165979 -0.496063   1.42641
 0.769873  0.166216 -0.496193   1.42669
0.769725 0.166251 -0.49624  1.42638
 0.769857    0.1662 -0.496225   1.42663
 0.771117   0.16501 -0.496361   1.42912
 0.770744    0.1649 -0.497025   1.42865
 0.771291  0.164828 -0.497177   1.42964
 0.771127  0.164872 -0.496913   1.42936
 0.770037  0.165516 -0.495567   1.42654
 0.770077  0.165813 -0.495953   1.42686
 0.769916   0.16573 -0.495835   1.42646
 0.770051  0.165739 -0.495785   1.42671
 0.770037  0.164901 -0.494294   1.42599
  0.77025  0.165088 -0.494577    1.4265
 0.770106  0.165222 -0.494888   1.42636
 0.770121  0.165023 -0.494657   1.42627
 0.770167  0.165553 -0.495503   1.42677
 0.770303  0.165687 -0.495692   1.42715
 0.770195  0.165818 -0.495911   1.42708
 0.770195  0.165648 -0.495749   1.42696
  0.77078   0.16531 -0.494121   1.42738
 0.770856  0.165457 -0.493995    1.4275
 0.770793  0.165607 -0.494488   1.42758
0.770786 0.165426 -0.49404  1.42737
0.769694 0.165623 -0.49556  1.42589
 0.769407  0.165523 -0.495162   1.42517
 0.769533  0.165242 -0.494873   1.42526
 0.769574  0.165509 -0.495115   1.42547
 0.770716  0.165109 -0.493571   1.42705
 0.770868  0.165149 -0.493338   1.42732
0.770795 0.165284 -0.49347  1.42719
 0.770847  0.165213 -0.493525   1.42732
 0.770573  0.165044 -0.493952   1.42689
 0.770418  0.165075 -0.494346   1.42674
 0.770407  0.164835 -0.493883   1.42655
 0.770431  0.164902 -0.494048   1.42664
 0.779656  0.176088 -0.474559   1.43795
 0.775719  0.178722 -0.475229   1.43166
 0.775166  0.176584 -0.479094   1.43121
 0.776235  0.177188 -0.475641   1.43178
 0.748427  0.175091 -0.508609   1.39295
 0.746762  0.171994 -0.506265   1.38775
 0.749146  0.171369 -0.509143   1.39388
 0.747526  0.172771 -0.508217   1.39039
0.757831 0.163767 -0.51258  1.41083
 0.754958   0.16356 -0.511363   1.40468
  0.75704  0.160866 -0.510845   1.40792
 0.756982  0.162688 -0.511358   1.40852
 0.774074  0.175697 -0.488856   1.43266
  0.77713  0.175343 -0.486244   1.43734
 0.774529  0.176257 -0.484588   1.43191
 0.775078  0.176094 -0.486927   1.43372
 0.775227  0.174567 -0.493301   1.43671
 0.773569  0.175197 -0.492239   1.43308
 0.773116  0.174798 -0.494885   1.43344
  0.77385  0.175049 -0.493747   1.43428
 0.772513  0.163497 -0.494834   1.43045
 0.771958  0.162862 -0.495025   1.42936
 0.772565    0.1623 -0.493139   1.42962
 0.772588  0.163223 -0.494821    1.4306
  0.77368  0.173436 -0.495823   1.43505
 0.772652  0.174228 -0.496331   1.43326
 0.772148  0.173421 -0.496474   1.43245
 0.772662    0.1736 -0.496145   1.43321
 0.769651  0.167368 -0.496529    1.4266
 0.769494  0.167242 -0.496387   1.42613
 0.769612  0.167119 -0.496532   1.42646
 0.769555  0.167226 -0.496491   1.42634
 0.769848  0.167749 -0.496307     1.427
 0.769732  0.167739 -0.496442   1.42675
 0.769745  0.167582 -0.496447   1.42681
  0.76974  0.167685 -0.496361   1.42677
 0.770119  0.175125 -0.494507   1.42741
  0.77182  0.174989 -0.495298    1.4311
 0.772037  0.175483 -0.492733   1.43033
  0.77149  0.175085 -0.494074   1.42992
 0.771035   0.16845 -0.490208   1.42693
 0.770553  0.169406 -0.491531   1.42687
0.770281  0.16842 -0.49075  1.42569
 0.770474  0.168546 -0.490386   1.42592
0.770761 0.167863 -0.49171  1.42659
 0.770206  0.167968 -0.491158   1.42544
 0.770254  0.167937 -0.492373    1.4259
 0.770387  0.168032 -0.491827   1.42594
 0.769936  0.168106 -0.496213   1.42708
 0.769968  0.167958 -0.496172    1.4272
 0.770146  0.168152 -0.496117   1.42752
  0.76997  0.168053 -0.496171   1.42717
0.771534 0.174311 -0.49668  1.43123
 0.770104  0.173924 -0.497601   1.42889
 0.771169  0.173381 -0.496779   1.43064
 0.771135  0.174035 -0.497283    1.4308
 0.770942  0.168095 -0.492731   1.42732
 0.770453  0.168186 -0.493339   1.42666
 0.770919  0.168299 -0.494216   1.42795
 0.770764  0.168039 -0.493242    1.4272
  0.77049  0.168419 -0.495586   1.42782
 0.770747  0.168379 -0.495779   1.42847
 0.770857  0.168412 -0.495276   1.42837
  0.77072   0.16837 -0.495514   1.42823
 0.770291  0.168095 -0.495819   1.42772
 0.770203  0.167827 -0.495321   1.42737
 0.770369  0.167871 -0.495292   1.42768
 0.770232  0.167851 -0.495335   1.42742
 0.769829  0.167914 -0.492986   1.42535
 0.769287  0.167767 -0.492391   1.42414
 0.769498  0.167815 -0.493542   1.42493
  0.76951   0.16794 -0.493085   1.42476
 0.770144  0.167995 -0.495872   1.42744
0.769962 0.167777 -0.49584  1.42707
 0.770092  0.167707 -0.495367   1.42715
 0.770121  0.167928 -0.495777   1.42738
 0.770178  0.168238 -0.496068   1.42753
 0.770184  0.168347 -0.495854   1.42736
 0.769943  0.168208 -0.496078     1.427
 0.770141  0.168269 -0.496017   1.42738
 0.973129  0.201598 0.0798135   1.74579
 0.975373  0.194825 0.0714811    1.7498
 0.974989  0.194241 0.0778578   1.74923
 0.974677  0.194023 0.0765661   1.74826
 0.973136  0.199599 0.0866922   1.74592
 0.974971  0.192877 0.0828991   1.74928
 0.974841  0.191722 0.0884417   1.74917
 0.974392  0.192624 0.0839117   1.74783
 0.931752  0.325719 0.0782515   1.68247
 0.924687  0.342193 0.0687487   1.67182
0.930506 0.331952 0.052614  1.68021
 0.927861  0.323168 0.0642996   1.67151
 0.928439   0.33514 0.0258232   1.67544
  0.921737   0.348725 0.00608031    1.66514
   0.930286    0.331454 -0.00174146     1.67817
  0.925961   0.334151 0.00318651    1.66925
0.930744 0.314176 0.102879  1.67819
 0.92611 0.317174 0.126885  1.67149
0.923598 0.326847 0.111395  1.66744
 0.92593 0.321563 0.108624  1.67053
 0.929937  0.314866 0.0906953   1.67539
 0.922219  0.327842 0.0990902   1.66328
 0.922671  0.331563 0.0815016   1.66406
 0.925142  0.329945 0.0944915   1.67039
   0.980311    0.181669 0.000880873      1.7577
   0.981879    0.170014 -0.00366745     1.76004
  0.981696   0.171386 0.00411018     1.7597
   0.981259    0.169763 -0.00110529     1.75834
  0.979955   0.181199 0.00359154    1.75662
  0.981284   0.170439 0.00740796    1.75844
 0.98058 0.175898 0.014415  1.75742
  0.980799    0.17932 0.00480698    1.75856
 0.926396  0.332713 0.0475201   1.67056
 0.919683   0.34397 0.0643327   1.66042
  0.91816  0.347831 0.0467353   1.65742
 0.921276  0.348065 0.0518889   1.66506
 0.926744  0.335723 0.0296839     1.672
0.918763  0.35051 0.029365   1.6594
  0.919862   0.350348 0.00979453    1.66163
 0.921385  0.346111 0.0284925   1.66368
 0.982332  0.169532 -0.022155    1.7615
  0.982569   0.168639 -0.0140894    1.76173
  0.982001   0.174655 -0.0181349    1.76114
  0.982206   0.167104 -0.0167487    1.76055
   0.97933   0.182622 -0.0330198     1.7564
  0.981967   0.167742 -0.0406493    1.76122
  0.982081   0.170993 -0.0291269    1.76134
  0.981339   0.168101 -0.0346411    1.75921
   0.98136   0.174173 -0.0189065    1.75943
  0.979557   0.181235 -0.0243964    1.75626
 0.982136  0.170564 -0.023358   1.76104
   0.98118   0.175292 -0.0265902    1.75942
  0.974728   0.211811 -0.0136281    1.74941
   0.97709   0.199748 -0.0279671    1.75344
  0.978105   0.196609 -0.0122768    1.75485
  0.976751   0.199228 -0.0124733    1.75199
  0.977529   0.185537 -0.0623093    1.75446
  0.977432   0.195089 -0.0441105    1.75452
  0.973658   0.208732 -0.0664308    1.74958
  0.976406   0.193335 -0.0659537    1.75319
  0.972421   0.217922 0.00287255    1.74463
 0.974271  0.208591 0.0163294   1.74721
 0.970611  0.224172 0.0205718   1.74146
 0.972713  0.219273 0.0198409   1.74565
  0.970435   0.199925 -0.0932879    1.74235
 0.968945  0.192467 -0.116148   1.74024
 0.972281  0.184379 -0.101707   1.74513
 0.971041  0.202388 -0.103646   1.74581
 0.972978  0.208588 -0.081566   1.74922
 0.974727  0.192311 -0.090879   1.75149
  0.976966   0.185259 -0.0778754    1.75432
  0.974937   0.192862 -0.0752931    1.75059
  0.95967   0.22466 -0.131199   1.72629
 0.958153  0.216622 -0.154501    1.7248
 0.964471   0.20512 -0.135603    1.7346
 0.961108  0.223781 -0.137844   1.73085
 0.908567   0.33822 -0.166288   1.64773
 0.916703  0.335536 -0.135989   1.66005
 0.903615  0.352424 -0.141281   1.63774
 0.909333  0.338989 -0.140676   1.64497
  0.957133   0.257482 -0.0844417    1.72236
 0.950316  0.273693 -0.101663   1.71248
 0.956557  0.250124 -0.107747   1.72174
 0.954322  0.251131 -0.100525   1.71565
  0.90014  0.333144 -0.205572   1.63466
0.885576 0.338226 -0.23118  1.61043
 0.896642  0.319102 -0.240615   1.63042
 0.891968  0.321515 -0.225835   1.61684
  0.962818   0.241298 -0.0671268    1.73029
   0.96817   0.224478 -0.0688206    1.73956
  0.966211   0.235398 -0.0497907    1.73577
  0.965393   0.230331 -0.0682582    1.73394
0.925734  0.27039 -0.21386  1.67415
 0.923339  0.258248 -0.239438   1.67165
0.933573 0.247966 -0.21719  1.68699
 0.928435  0.266305 -0.221166    1.6811
 0.901637  0.291809 -0.259653   1.63764
 0.902115  0.276955 -0.279387   1.64008
 0.912513  0.270038 -0.260622   1.65604
 0.905806  0.283191 -0.263792   1.64557
 0.870037  0.330084 -0.267266   1.58251
 0.870749  0.342606 -0.247534   1.58332
  0.86217  0.342137 -0.268066   1.57043
0.866566  0.33443 -0.26406  1.57583
 0.857283  0.321236 -0.307181   1.56438
 0.869898  0.312125 -0.307545   1.58886
 0.868184  0.322679 -0.291605   1.58359
 0.865315   0.31801 -0.303345   1.57966
 0.857056  0.333397 -0.282875   1.56054
 0.854584  0.323022 -0.301112    1.5572
  0.86546  0.321837 -0.281241   1.57374
 0.860274  0.330663 -0.287287   1.56786
 0.906715  0.314104 -0.200125    1.6411
 0.902963  0.302724 -0.235034   1.63732
 0.916489  0.292854 -0.210383   1.65872
0.910738 0.312965 -0.21559  1.65367
 0.845438  0.303741 -0.351394   1.54922
 0.845943  0.317042 -0.330385   1.54689
 0.836474  0.312916 -0.345774   1.53104
 0.840641  0.308629 -0.342789   1.53726
  0.84012  0.300821 -0.355463   1.53822
 0.830806   0.30903 -0.350455   1.51921
 0.827195  0.302478 -0.362801    1.5143
 0.833787  0.305818 -0.358067   1.52778
  0.88833  0.315141 -0.250714   1.61278
 0.876542  0.333661 -0.242188   1.59117
 0.875469   0.32443 -0.262907   1.59115
 0.881396  0.329003 -0.254222   1.60367
 0.891521  0.310961 -0.273823   1.62583
 0.878923  0.320289 -0.286518   1.60527
 0.880398  0.306868 -0.301843   1.60856
 0.882024  0.308502 -0.280482   1.60537
0.845052 0.256037 -0.40037  1.55248
 0.848724  0.250358 -0.399555    1.5583
 0.849792  0.255027 -0.395044   1.55999
 0.847848  0.253213 -0.398513   1.55682
 0.844238  0.269156 -0.391728   1.55133
 0.836099  0.267473 -0.401923   1.53805
 0.841956  0.262455 -0.400453   1.54801
  0.84022  0.265386 -0.399153   1.54491
 0.848487  0.257831 -0.393523   1.55742
 0.845995  0.264144 -0.389706   1.55251
 0.843583  0.258884 -0.398803   1.54958
 0.847009   0.26149 -0.395239   1.55621
 0.829867  0.258919 -0.414469   1.52765
 0.828977  0.264512 -0.409475   1.52542
   0.8251  0.261323 -0.415729    1.5192
 0.828158  0.261627 -0.414275   1.52514
 0.820459  0.255243 -0.425876   1.51253
0.820499 0.259154 -0.42043  1.51129
 0.813906  0.258085 -0.424548   1.49932
 0.818263  0.257436 -0.422896   1.50724
 0.830233  0.249071 -0.422683   1.52919
 0.829929  0.254238 -0.419243   1.52853
 0.825506  0.252152 -0.424681   1.52122
 0.828741  0.251857 -0.422962   1.52716
 0.828739  0.256195 -0.418479   1.52641
 0.824277  0.258565 -0.419576   1.51853
 0.824133  0.254173 -0.424389   1.51902
 0.825611  0.256787 -0.420309   1.52089
0.853618 0.301501 -0.34623  1.56429
 0.866994  0.303449 -0.324857   1.58594
 0.854465  0.312404 -0.324606   1.56167
 0.858615  0.308399 -0.330114   1.57115
 0.847201  0.285338 -0.364667   1.55193
 0.846683  0.273531 -0.378977   1.55264
 0.853507   0.27375 -0.368933   1.56314
 0.850904  0.278988 -0.371243   1.56022
0.854136 0.292301 -0.35389  1.56494
 0.859943  0.278573 -0.360464   1.57531
 0.867183  0.280066 -0.347262   1.58647
 0.859657  0.281415 -0.350504   1.57139
0.958575  0.15981  0.22753  1.72358
0.957782 0.160275  0.23013  1.72232
0.957912 0.162221 0.228408  1.72248
0.958082 0.161272 0.228007  1.72271
0.955085 0.166772  0.23416   1.7178
0.954023 0.164345 0.238312  1.71593
0.953385 0.170529 0.237377  1.71517
0.954132 0.167253 0.238486  1.71667
0.955132 0.168405 0.234187  1.71818
0.953678 0.171496 0.236734  1.71585
 0.95469 0.171647 0.233091   1.7174
 0.95449 0.170585 0.233318   1.7168
 0.95819 0.164399 0.225124  1.72268
0.958559 0.163352  0.22502   1.7234
0.958048 0.163519 0.226561  1.72255
0.958276 0.164073 0.225265  1.72289
0.958659 0.164771 0.223257  1.72343
0.958334 0.165084 0.224126   1.7229
0.958476 0.165479 0.223121  1.72308
0.958499  0.16537 0.223396  1.72318
0.956428 0.178468 0.221542  1.72007
0.956314 0.177666 0.222427  1.71986
0.956025 0.178926 0.222751  1.71946
0.956223 0.177874  0.22204  1.71958
0.955878 0.160271 0.235772  1.71939
0.955254 0.164567  0.23641  1.71856
0.956427 0.162573 0.233244  1.72023
0.955937 0.161707 0.236267  1.71969
0.956991 0.165986 0.227837  1.72069
 0.95735 0.164214 0.228273  1.72138
0.956411 0.165379 0.230304  1.71979
0.957002 0.165849 0.228539  1.72088
0.955825 0.178166 0.223337  1.71897
0.956148  0.17699  0.22294  1.71945
0.955813 0.177066  0.22423  1.71895
0.955962 0.177925 0.223628  1.71933
 0.95939 0.164154 0.219853  1.72446
0.959418 0.164418 0.218526  1.72448
0.959645 0.163255 0.218755  1.72486
0.959451 0.163553 0.218572  1.72438
0.938459 0.223267   0.2392  1.69316
 0.93379 0.227089 0.242829  1.68501
0.935269 0.231023 0.236915  1.68763
0.935573 0.226356 0.241114  1.68824
0.939886 0.230909 0.237172  1.69786
0.936642 0.239103 0.234956  1.69242
0.939142 0.240582  0.22801  1.69635
0.938012 0.233704 0.229844  1.69243
0.958516 0.166324  0.22214  1.72311
0.958406 0.167035 0.221495  1.72289
0.958709 0.166219 0.221053  1.72337
0.958523  0.16616 0.221426  1.72299
0.960818 0.151335 0.203707  1.72678
 0.96019 0.154636  0.20319  1.72587
0.960719 0.151461 0.198453  1.72695
0.960738 0.153917 0.203452  1.72719
0.956556  0.17272 0.218013  1.71995
0.956156 0.171721 0.217395  1.71939
0.956589 0.173832 0.219868  1.72003
0.956436 0.172042 0.218465  1.71965
0.937649 0.251401 0.217935  1.69361
0.932751 0.256905 0.217876  1.68426
0.936355 0.261579 0.206797  1.69117
0.935302 0.252934 0.214287  1.68788
0.958919 0.166011 0.219965   1.7237
0.958809 0.166568 0.218849  1.72351
0.959134 0.165522 0.218583  1.72402
0.958919 0.165583 0.218824  1.72355
0.962669 0.142036 0.193039  1.73002
0.961635 0.147996 0.192992  1.72853
0.963094 0.144471  0.18665  1.73081
0.962536 0.147205 0.192823   1.7306
 0.96707 0.129866 0.176783   1.7366
0.965192 0.140905 0.178914  1.73387
0.967944 0.137696 0.168618  1.73779
0.966698 0.140679 0.176877  1.73713
0.968875 0.128213 0.176749   1.7408
0.969922 0.137229 0.166406   1.7422
0.971447 0.125679  0.16775  1.74484
0.970279 0.126704 0.167878  1.74213
0.959596  0.16152 0.211011  1.72486
0.959081 0.161548 0.207389  1.72431
0.959736 0.159409 0.207306  1.72531
 0.95932 0.159739 0.207469  1.72434
0.958005 0.168339 0.208873  1.72226
0.958868 0.171456 0.212507  1.72349
0.958827 0.168898 0.209625  1.72347
0.958523 0.168652 0.210058  1.72276
0.957781 0.168648 0.212482  1.72168
0.958638 0.170776 0.213196  1.72296
0.957829 0.167023  0.20997  1.72184
0.958031  0.16975 0.211474  1.72225
0.953001 0.154044 0.198692  1.71662
0.953866 0.155713 0.203036   1.7183
0.953425 0.156069 0.203208  1.71758
0.953615 0.156022 0.202857  1.71805
0.957611 0.173016 0.216638  1.72143
0.958017 0.173657 0.216121   1.7221
 0.95777  0.17099 0.214617  1.72165
0.957855 0.173394 0.216216    1.722
 0.95683 0.164344 0.231087  1.72087
0.956439 0.166928 0.231167  1.72037
0.957173 0.165501 0.229234  1.72142
0.956846  0.16494  0.23101  1.72096
0.956892 0.174804  0.22008  1.72046
0.956769 0.173002 0.218803  1.72017
0.956683 0.174065 0.220343  1.72009
0.956824 0.174589 0.219954  1.72044
0.956602 0.177423 0.220872  1.72015
0.956794 0.176169 0.220615  1.72038
0.956476 0.176691 0.221754  1.71993
0.956655  0.17723 0.221311  1.72036
0.958144 0.165967  0.22429  1.72263
0.957965 0.167084 0.224016  1.72233
0.958327 0.166273 0.223238  1.72288
0.958127 0.166065 0.223892  1.72251
0.957403 0.166314 0.226636  1.72146
0.957941 0.165373 0.225322  1.72229
 0.95773 0.164711  0.22682  1.72204
0.957672 0.164972 0.226436  1.72183
0.959076 0.164747 0.216832  1.72374
0.958709 0.165843 0.217144  1.72317
0.958757 0.164749 0.214533  1.72324
0.958951   0.1658 0.216818   1.7237
0.957837 0.168024 0.223393  1.72207
0.957735 0.168849 0.222583  1.72186
0.958077 0.167914 0.222046  1.72239
0.957849 0.167819 0.222502  1.72193
0.955148 0.176367  0.22732  1.71795
 0.95497 0.178087 0.226565  1.71766
0.955476 0.176882 0.225679  1.71844
0.955236 0.177745 0.226467  1.71821
0.958323   0.1662 0.222629  1.72274
0.957967 0.166976  0.22329  1.72217
0.958195 0.166939 0.221963  1.72247
0.958191 0.167116 0.222734  1.72261
0.954879 0.177132 0.228166  1.71765
0.954164 0.178647 0.229733  1.71658
0.954666 0.179219 0.227542  1.71737
0.954519 0.177548 0.228629  1.71697
0.955845 0.165039 0.234381  1.71939
0.956858 0.161569 0.233769  1.72116
0.955304  0.16166 0.238577  1.71863
0.956012 0.162318 0.234072  1.71932
0.956029 0.174755 0.225099  1.71929
0.955884 0.175914 0.224836  1.71907
0.956189 0.175057 0.223963   1.7195
0.956059  0.17568 0.224563   1.7194
0.956356 0.165486 0.231642  1.72003
0.957387 0.163967  0.22881  1.72159
0.957105 0.162391 0.230675  1.72115
0.956996 0.163486 0.231299  1.72116
0.955645 0.167789   0.2313   1.7186
0.955224  0.17097 0.230646  1.71797
 0.95592 0.169345 0.229273  1.71903
0.955657 0.169725 0.231431  1.71898
0.946942 0.145761 0.256711  1.70521
0.944324 0.156039 0.259501    1.701
0.947577 0.153849 0.253794  1.70598
0.946463 0.154347 0.259196  1.70577
0.933684 0.180151 0.276316  1.68679
0.930496 0.185969 0.280435  1.68239
0.933085 0.186969 0.274137  1.68571
 0.93231 0.183732 0.274216  1.68361
0.939906 0.178512 0.264435  1.69534
0.940776 0.169031 0.268022  1.69732
0.937414 0.176055 0.272302  1.69268
 0.93881 0.174123 0.264475  1.69257
0.934897 0.184776 0.268485  1.68699
0.938309 0.180696 0.263253  1.69162
0.935333 0.178446 0.271369   1.6879
0.936107 0.182562 0.270166  1.68991
0.949421 0.144957 0.254986  1.71057
 0.94977 0.153008 0.252447  1.71075
0.952471 0.147023 0.246132  1.71458
0.950569 0.145135 0.250899   1.7111
0.944128 0.163425 0.261006  1.70149
0.946384 0.169728 0.255295  1.70505
0.947198 0.160881 0.255653  1.70614
 0.94572 0.163658 0.254655  1.70281
0.953254 0.159003 0.243271  1.71549
0.955093 0.156731 0.238423  1.71814
 0.95411 0.151775  0.24137  1.71661
0.954358  0.15528 0.243207  1.71753
0.959321 0.164615 0.216645  1.72428
0.959031 0.164667 0.214207  1.72385
0.959473  0.16325 0.214127  1.72455
0.959185 0.163466 0.214254  1.72388
0.956423 0.163589 0.233451  1.72035
0.955367 0.165292 0.236032  1.71876
0.956021 0.166415  0.23309  1.71975
0.955916 0.165951 0.233574  1.71957
0.957294 0.174151 0.218329  1.72117
0.956927 0.173544 0.218391  1.72055
0.957076 0.175227  0.21971  1.72089
 0.95709 0.173774 0.218691  1.72069
0.957162 0.165945 0.229114  1.72144
0.956499 0.167157 0.230631  1.72043
0.956888 0.167685 0.228721  1.72106
0.956853 0.167555 0.229254  1.72102
0.957405 0.170622 0.213889  1.72137
0.956691 0.169691 0.213494  1.72035
0.957457 0.172765 0.216652   1.7214
0.957149 0.170052 0.214375  1.72075
0.957607 0.167173 0.226086  1.72219
0.957144 0.167994 0.226994  1.72148
0.957276 0.167953 0.225285  1.72178
0.957384 0.168229  0.22619  1.72192
 0.95764 0.167014 0.222802  1.72244
0.957183 0.167412 0.223126  1.72178
0.956753 0.166003 0.220062  1.72141
0.957367 0.167448 0.222756  1.72217
0.954758 0.161712 0.205143  1.71828
0.956699  0.16615 0.209572  1.72031
0.954806 0.160443  0.20386  1.71856
0.954897  0.16226  0.20411  1.71838
0.954845 0.168519 0.236059  1.71807
0.954673 0.171599  0.23485  1.71787
0.955618 0.168909 0.233105  1.71922
0.955078 0.168598 0.234906  1.71832
0.957809 0.167086 0.222402  1.72279
0.956934 0.165927 0.219837  1.72184
0.957502 0.165793  0.21999   1.7226
0.957327 0.165926 0.220066  1.72218
0.954906 0.159598 0.209893   1.7198
0.955542 0.159694 0.210504  1.72071
0.956781 0.163364 0.216274  1.72197
0.955343 0.160086 0.210291  1.72016
0.954158 0.157075  0.20133  1.71788
0.956212 0.161601 0.204941  1.71985
0.954053 0.155423 0.199019  1.71786
0.954393 0.157852 0.199554  1.71807
0.955028 0.162807 0.214745  1.71938
 0.95451 0.162943 0.214515   1.7187
0.953318 0.159629 0.208751   1.7173
0.954685  0.16274 0.214459  1.71917
 0.95497  0.16122 0.202404  1.71867
0.956814 0.166711 0.208573  1.72036
0.956726 0.164914 0.205815  1.72044
0.956595 0.163879 0.207594  1.72034
0.954514 0.161346 0.205454  1.71765
0.955609 0.164621 0.209231  1.71864
0.956443 0.165777 0.209891  1.71966
0.955763 0.165403 0.208887  1.71911
0.764728 0.149751 -0.50072  1.41555
 0.767003  0.151482 -0.502676   1.42135
 0.764424  0.153246 -0.504548   1.41761
0.765252 0.151502 -0.50343  1.41829
 0.771056  0.157884 -0.495622    1.4281
0.772854 0.158251 -0.49349  1.43065
 0.771019  0.157904 -0.491648   1.42618
 0.771572  0.158338 -0.493907   1.42831
0.773753 0.157003   -0.503   1.4356
 0.770883   0.15658 -0.505601   1.43122
 0.773223  0.154323 -0.502779   1.43388
 0.773246  0.156375 -0.504939   1.43555
  0.75889  0.156937 -0.507085   1.40887
 0.759119  0.153633 -0.503899   1.40696
  0.76161   0.15488 -0.506309   1.41335
  0.75973   0.15536 -0.506543   1.40989
 0.771348  0.174658 -0.496274   1.43069
 0.769814  0.174681 -0.495676   1.42739
 0.769901  0.174255 -0.497458   1.42842
 0.770168  0.174629 -0.496642   1.42851
 0.753946   0.16206 -0.508725   1.40117
  0.75339  0.158963 -0.505982   1.39795
 0.756058  0.159165 -0.508187   1.40441
 0.754027   0.16006 -0.508067   1.40048
 0.772602  0.161991 -0.493057   1.42969
0.771922 0.162608 -0.49504  1.42932
0.771778 0.161305 -0.49328  1.42812
 0.771857  0.161587 -0.493299   1.42823
 0.750387  0.168098 -0.509273   1.39574
 0.749326  0.165015 -0.506716   1.39162
 0.751873  0.164788 -0.509211   1.39792
 0.750016  0.165941 -0.508713   1.39417
 0.748422  0.170152 -0.508749   1.39196
 0.745792  0.170702 -0.505981   1.38538
 0.746274  0.168698 -0.505809   1.38582
 0.746975  0.169849 -0.506146   1.38765
 0.749503  0.168994 -0.508595   1.39375
 0.747347   0.16751 -0.505658   1.38758
 0.748462  0.165835 -0.506131    1.3897
0.748351 0.166957 -0.50606  1.38968
 0.769201   0.19276 -0.496757   1.43044
 0.773297  0.196153 -0.494861   1.43789
0.768138 0.196987 -0.49976  1.43027
 0.769027  0.194364 -0.496224   1.42964
 0.746925  0.177539 -0.507528   1.38983
0.744669 0.178588  -0.5042  1.38376
 0.744461  0.176396 -0.504444   1.38304
0.745373 0.177495 -0.50464  1.38519
 0.747557  0.176334 -0.507509   1.39079
 0.745123  0.175109 -0.504424   1.38404
 0.745856  0.173181 -0.505258   1.38556
  0.74621    0.1744 -0.505047    1.3864
 0.760493  0.201258 -0.496487    1.4148
 0.756621  0.197289 -0.499926   1.40832
 0.762447  0.198485 -0.500003    1.4197
 0.760794   0.19928 -0.498851   1.41644
 0.754279  0.173802 -0.513148   1.40625
 0.752223  0.171296 -0.511958   1.40128
 0.755097   0.17076 -0.513378   1.40738
 0.753308  0.171933 -0.513004   1.40382
 0.747915    0.1861 -0.504453   1.39173
 0.746154  0.187694 -0.500324   1.38629
 0.745042  0.185327 -0.501157   1.38411
 0.746228  0.186325 -0.501143   1.38665
 0.747974  0.184838 -0.504609   1.39164
 0.745173  0.183922 -0.501315   1.38413
 0.745378  0.181705 -0.502646   1.38483
 0.746351  0.183026 -0.502245   1.38682
 0.757322  0.188203 -0.508082   1.41216
 0.752864  0.186431 -0.507985   1.40337
 0.755408  0.184178 -0.510133   1.40881
 0.754413  0.186015 -0.508625   1.40625
 0.752037  0.195994 -0.498518   1.39846
0.750918 0.198935 -0.49307  1.39385
 0.748568  0.195875 -0.495041    1.3897
 0.750096  0.196707 -0.494728   1.39272
 0.751256  0.194588 -0.498925   1.39681
 0.747885  0.194236 -0.495461    1.3882
 0.747541  0.191523 -0.497525   1.38812
 0.749303  0.193016 -0.496871   1.39158
 0.759656  0.192083 -0.505555   1.41608
0.762534 0.196297 -0.50255  1.42094
   0.7571  0.194995 -0.502875   1.41052
 0.758845  0.194291 -0.503545   1.41368
 0.754016  0.203396 -0.489533   1.39887
 0.759154  0.204654 -0.491868   1.41051
 0.757668  0.207082 -0.486873    1.4054
  0.75743  0.205244 -0.488808   1.40568
 0.762888   0.20629 -0.490999   1.41781
  0.76692  0.210504 -0.486587    1.4243
 0.761511   0.20899 -0.486017   1.41305
 0.762908  0.208581 -0.487759   1.41641
 0.770948  0.215176 -0.481372   1.43048
 0.774342  0.220988 -0.474501   1.43501
 0.768119  0.217594 -0.477459   1.42345
 0.769553  0.217141 -0.476769   1.42555
 0.766368  0.213437 -0.482831   1.42163
0.763551 0.215507 -0.47892  1.41451
 0.760732   0.21182 -0.482432      1.41
 0.764507  0.213636 -0.481261   1.41739
 0.821423  0.287678 -0.391706   1.50975
 0.819697  0.295947 -0.380609   1.50398
  0.81358  0.291277 -0.390278   1.49384
 0.818013  0.291367 -0.388074   1.50232
 0.818801  0.283061 -0.396655   1.50495
 0.81165  0.28604 -0.39537  1.49039
 0.809503  0.280112 -0.404991   1.48844
 0.813994  0.284262 -0.399636   1.49675
 0.840995   0.27332 -0.388974   1.54485
 0.830153  0.279979 -0.392966   1.52615
0.833054 0.271049 -0.39957  1.53201
 0.833907  0.274544 -0.392583    1.5316
 0.900859  0.340399 -0.171089   1.63156
 0.894811   0.35821 -0.145686   1.62042
 0.888395  0.355477 -0.171989   1.60972
 0.893875  0.353303 -0.168795   1.62082
  0.89864  0.331881 -0.190028   1.62742
 0.886126  0.346726 -0.190992   1.60534
 0.883735  0.338553 -0.217665   1.60311
 0.889957   0.34555 -0.197585   1.61494
 0.931906  0.292093 -0.163737   1.68455
  0.92922  0.281964 -0.187882   1.67991
 0.938988  0.266165 -0.162911   1.69299
 0.934106   0.28954 -0.168553   1.68979
  0.91774  0.336055 -0.108616   1.65843
  0.912733   0.348156 -0.0804906    1.64841
 0.904659  0.353072 -0.111791   1.63557
 0.912127  0.347994 -0.107762   1.65037
 0.947365  0.266385 -0.120205   1.70577
 0.946959  0.256706 -0.143675   1.70578
 0.953873  0.243263 -0.125175   1.71586
 0.950051   0.26337 -0.126135   1.71229
  0.919667   0.341673 -0.0771114     1.6617
 0.924489  0.330931 -0.105194   1.67186
  0.931414   0.323375 -0.0787832    1.68208
  0.925637   0.332243 -0.0799189    1.67198
  0.918295   0.346494 -0.0169176    1.65673
  0.918687   0.344679 -0.0459195    1.65819
  0.927694   0.329031 -0.0235051    1.67182
  0.922356   0.346752 -0.0230875    1.66635
 0.942566  0.306474 0.0498216   1.69871
0.935723 0.319702 0.041026  1.68701
 0.943602  0.308007 0.0285339   1.70094
 0.940349  0.305752 0.0361113    1.6927
 0.971154  0.225305 0.0373649   1.74336
 0.974543  0.209892 0.0325459   1.74839
  0.97354  0.212768 0.0473431    1.7469
  0.97296  0.211618 0.0337545   1.74478
 0.96883 0.173687 0.152998  1.73918
0.968774 0.185398 0.145046  1.73915
0.970435 0.174679 0.143736  1.74185
0.969594 0.178427 0.143696  1.74043
0.968004 0.163173 0.148838   1.7357
0.970148 0.160807 0.137421  1.73872
0.970511 0.152535 0.141613  1.73978
0.969829 0.163012 0.146888  1.73988
 0.955024  0.278276 0.0445165    1.7188
 0.948201  0.294843 0.0474271   1.70807
 0.949671  0.294138 0.0259453   1.71077
 0.950891  0.291236 0.0461657   1.71325
0.966013 0.193915 0.148825  1.73407
 0.96357 0.195941 0.161062  1.73032
0.962696 0.206583 0.158323  1.72953
0.963604 0.195951 0.150333  1.72873
0.935484 0.287157 0.156212  1.68701
 0.93128 0.301856 0.142383  1.68025
0.938797 0.288772  0.13512  1.69197
0.934969 0.294387 0.138905  1.68557
0.940566 0.259436 0.193724    1.697
0.944883 0.257403 0.181944  1.70392
0.946359 0.246658 0.191403  1.70597
0.943724 0.249921 0.189045  1.70044
 0.93969 0.273321 0.165741  1.69369
0.945682 0.264956 0.156233  1.70341
0.943906 0.261314 0.169547  1.70041
0.942995 0.264469 0.159206  1.69741
0.945298 0.284718 0.113722  1.70291
 0.948669  0.284559 0.0967898     1.709
0.951141 0.274498 0.109314  1.71292
0.948559 0.279358 0.110882  1.70856
0.933791 0.263531  0.20591  1.68558
0.929935 0.259562 0.219064  1.67886
0.928642  0.26737  0.21084  1.67642
0.930224 0.265834 0.210383   1.6794
0.933674 0.266947 0.198171  1.68467
0.928313 0.270905 0.203145  1.67503
0.928946 0.277053 0.193038  1.67617
0.930273 0.272708 0.201083  1.67965
0.959977 0.157145 0.203049    1.726
0.959486 0.158288 0.198867  1.72561
0.960466 0.154826 0.198336  1.72711
0.959824 0.155141 0.198886  1.72567
0.965523 0.217396 0.133333  1.73511
0.968544 0.206865 0.122618  1.73919
0.968139 0.200105 0.133801  1.73832
0.967121 0.201621 0.128891  1.73538
0.942323  0.16695  0.25947  1.69737
 0.94122 0.176916 0.258771  1.69591
0.945036 0.172668 0.253876  1.70198
0.943085 0.173604 0.260083   1.7001
0.946211 0.199672 0.241198  1.70521
0.946918 0.192226 0.245132   1.7064
0.943793 0.198503 0.247464  1.70138
0.945446 0.195381 0.241872  1.70271
0.934661  0.20977 0.253866  1.68596
0.933705 0.204364 0.259848  1.68475
0.932179 0.211294 0.258581  1.68261
0.933293 0.210194  0.25624  1.68409
0.933847 0.222725 0.246963  1.68514
0.938323 0.218579 0.243803  1.69288
0.935442 0.217046 0.250717  1.68832
0.935612 0.221397 0.247347  1.68888
0.931579  0.21691 0.254345  1.68134
0.932243 0.222886  0.24815  1.68232
0.934108 0.214591 0.250275   1.6848
0.932748 0.216675 0.252964   1.6833
 0.93913 0.189989 0.260698  1.69416
0.936666 0.197627 0.260039  1.69005
0.940237 0.197059 0.255016  1.69586
0.938292  0.19656 0.257264  1.69261
 0.799158  0.217808 -0.466998   1.47891
0.804647 0.215988 -0.46399  1.48796
 0.802708  0.221674 -0.461655   1.48433
 0.803127  0.218911 -0.465496   1.48665
 0.792967   0.22636 -0.462927   1.46689
 0.799475  0.226676 -0.459663   1.47828
 0.795956  0.231933 -0.456569   1.47118
 0.797375  0.228787 -0.461058    1.4757
 0.787446  0.215072 -0.475594   1.45954
 0.793569  0.216816 -0.471081   1.46978
 0.790543  0.220184 -0.469009   1.46365
 0.791951  0.218223 -0.472941   1.46813
 0.797694  0.220373 -0.468346   1.47772
 0.801027  0.224224 -0.463184   1.48282
 0.794451  0.224072 -0.466223    1.4712
 0.796671  0.222483 -0.464987   1.47427
 0.781575  0.212096 -0.483523   1.45182
 0.773936  0.211516 -0.485438   1.43771
 0.775853  0.207666 -0.489633   1.44262
 0.775624  0.210065 -0.485516   1.44032
  0.77726  0.203788 -0.492471   1.44566
 0.778134  0.199351 -0.492264   1.44645
 0.783693  0.202541 -0.488769   1.45611
 0.778531   0.20116 -0.490467   1.44623
  0.77804  0.192985 -0.486396   1.44317
 0.776548  0.184951 -0.478115   1.43595
 0.782201  0.187031 -0.475171   1.44606
 0.777242  0.186292 -0.476867   1.43664
0.977961 0.136181 0.131018  1.75508
0.980176 0.126661 0.120992  1.75833
0.978544 0.122204 0.133224   1.7556
0.978875 0.122324 0.129377  1.75558
0.974683 0.128158 0.145271  1.74865
0.976428 0.118886 0.141598  1.75148
0.973982 0.121263 0.153709  1.74802
0.975044 0.118083 0.144287  1.74837
0.973709 0.151201 0.146729  1.74844
0.975761 0.144362 0.138809   1.7516
0.974643 0.141411 0.147314  1.75006
0.974726  0.14196 0.145611  1.74966
0.976809 0.132971 0.137469  1.75265
0.977273 0.119386 0.139288  1.75294
0.975474 0.129922 0.145921  1.75054
0.976543 0.132524 0.140482  1.75275
0.961324 0.152701 0.192947  1.72869
 0.96119 0.156472 0.188616  1.72855
  0.9627 0.150877  0.18671   1.7309
0.961672 0.150851  0.18844  1.72874
0.975571  0.15161 0.119003  1.74867
0.975994 0.157384 0.112379   1.7496
0.977322 0.147176 0.110543  1.75164
0.976364 0.155857 0.112493  1.75056
0.977822 0.134449 0.123686   1.7533
0.978671 0.137882  0.11164  1.75423
0.979993 0.125642 0.114451  1.75671
0.979004 0.138636 0.116702  1.75598
0.973501 0.147426 0.137002  1.74582
0.974721 0.148181 0.126803  1.74726
0.975615 0.141602 0.130699  1.74951
0.974757  0.14975 0.132129  1.74861
0.975752 0.151222 0.121322   1.7496
0.977667 0.146987 0.113439  1.75303
0.976894 0.144289 0.125354  1.75238
0.976714 0.143207 0.119833  1.75084
0.958978 0.160494 0.195496  1.72509
0.958568 0.163917 0.193619  1.72451
0.959826 0.160676 0.190954  1.72644
0.959096 0.159998 0.193356  1.72505
 0.972677  0.198346 0.0883446   1.74463
0.974368 0.190756 0.089885  1.74789
 0.973417   0.19236 0.0952682   1.74607
 0.973735  0.196896 0.0903563   1.74732
0.971307 0.204136 0.089473  1.74235
 0.972011  0.196369 0.0962286   1.74334
0.970386 0.202261 0.102989   1.7408
0.971544 0.203969 0.101016  1.74396
0.953997  0.26547 0.107257  1.71684
 0.951832  0.276087 0.0945951    1.7137
 0.956487  0.262215 0.0925951    1.7204
0.954278 0.271124 0.093927  1.71785
 0.771379  0.165186 -0.494764   1.42905
 0.770974  0.164871 -0.494176   1.42797
 0.771198  0.164974 -0.495211   1.42887
 0.771161  0.165109 -0.494832   1.42863
 0.769876  0.164868 -0.494367    1.4257
 0.769964  0.165175 -0.494962   1.42611
0.769693 0.165025 -0.49461  1.42545
 0.769863  0.165043 -0.494542   1.42576
 0.772006  0.165214 -0.496527   1.43084
 0.771444  0.165034 -0.496262   1.42973
 0.771706  0.164907 -0.497049   1.43042
  0.77165  0.165085 -0.496639   1.43016
0.769598 0.166828 -0.49645  1.42632
 0.769403  0.166542 -0.495994   1.42565
 0.769617  0.166519 -0.496296   1.42623
 0.769504  0.166588 -0.496295   1.42601
 0.772477  0.164189 -0.496086   1.43114
 0.771892  0.164462 -0.497135   1.43061
 0.771962  0.163664 -0.496362   1.43017
 0.771945  0.163892 -0.496258    1.4301
 0.763544  0.161928 -0.506654   1.41913
 0.764206  0.161044 -0.509741   1.42135
 0.765557  0.160607 -0.505566   1.42222
 0.763996  0.160802 -0.506287   1.41953
 0.764626  0.159234 -0.510473   1.42215
0.764675 0.156557 -0.50862  1.42085
 0.767526  0.157442 -0.508779   1.42655
 0.765154  0.157655 -0.509618   1.42235
  0.76916  0.169007 -0.492089    1.4243
  0.76975  0.168435 -0.490918   1.42471
 0.769905  0.169333 -0.491735   1.42566
 0.769763  0.169156 -0.491899   1.42545
  0.77129  0.163232 -0.496618   1.42892
 0.770706  0.163886 -0.497925   1.42853
0.770465 0.162915 -0.49687  1.42739
 0.770635  0.163081 -0.496822   1.42768
 0.771259  0.158686 -0.490716   1.42601
 0.772508  0.159362 -0.490027   1.42815
 0.771534  0.159956 -0.491659    1.4269
 0.771513  0.159032 -0.490344   1.42624
 0.771433  0.158278 -0.490754   1.42649
 0.773113  0.158757 -0.492042   1.43048
 0.772703  0.158902 -0.489671   1.42847
 0.772551  0.158433 -0.490396   1.42859
0.771906 0.158708 -0.49929  1.43121
 0.774169  0.158534 -0.501007   1.43603
  0.77374  0.159052 -0.496728   1.43367
 0.773449  0.158428 -0.498801   1.43399
 0.773542  0.157976 -0.502999   1.43567
 0.77126 0.158261  -0.5015  1.43091
 0.770945  0.157747 -0.505853   1.43187
 0.771807  0.158257 -0.503544   1.43255
 0.779151  0.156087 -0.499744    1.4444
 0.776261  0.157145 -0.502244   1.44027
 0.776091   0.15449 -0.501914   1.43921
 0.776559   0.15536 -0.500559   1.43946
  0.77063  0.155842 -0.507318   1.43161
 0.770225  0.152928 -0.505039   1.42917
 0.773041  0.153295 -0.504028   1.43419
 0.770586  0.153368 -0.504675   1.42963
 0.771236  0.162351 -0.495257     1.428
0.770358 0.161959 -0.49548  1.42636
 0.770973  0.161028 -0.493536   1.42657
   0.7711  0.162128 -0.495249   1.42776
 0.769631  0.167485 -0.496471   1.42655
 0.769592    0.1676 -0.496407   1.42641
 0.769463  0.167333 -0.496346   1.42606
0.769587 0.167527 -0.49645  1.42641
 0.769136  0.168049 -0.491816   1.42383
0.769647 0.168284 -0.49129  1.42465
 0.769107  0.168814 -0.492251   1.42426
 0.769152  0.168227 -0.491445   1.42372
 0.770716  0.172096 -0.495511   1.42921
0.769645 0.171637 -0.49578  1.42723
 0.770258  0.170648 -0.493524   1.42734
  0.77045  0.171881 -0.495531   1.42877
  0.76896  0.173349 -0.498344   1.42698
 0.768074  0.172647 -0.498909   1.42548
 0.768919  0.172342 -0.497685   1.42666
 0.768877  0.173009 -0.498667   1.42703
 0.769533  0.166246 -0.496091   1.42591
 0.769293  0.166225 -0.495736   1.42527
 0.769327  0.165857 -0.495454   1.42517
 0.769419  0.166175 -0.495722   1.42551
 0.77045 0.164698 -0.49465  1.42715
 0.770901  0.164933 -0.495303   1.42831
 0.770724  0.164821 -0.494254    1.4275
 0.770714  0.164709 -0.494567   1.42764
 0.770318  0.164485 -0.493962   1.42652
 0.770604  0.164654 -0.493703   1.42696
 0.770379  0.164658 -0.493769    1.4265
 0.770401  0.164591 -0.493765   1.42657
 0.770835  0.173138 -0.497016   1.43018
 0.769881  0.173604 -0.498063   1.42873
 0.769741  0.172658 -0.497435   1.42824
 0.769925  0.172939 -0.497296   1.42847
 0.766892  0.171341 -0.500145   1.42357
 0.767269  0.172165 -0.499785   1.42422
  0.76634  0.171622 -0.499818   1.42224
 0.766652  0.171689 -0.499973   1.42298
 0.769845  0.165629 -0.495507   1.42616
 0.769704  0.165245 -0.494814   1.42557
 0.769966  0.165398 -0.495193   1.42623
 0.769818   0.16537 -0.495258   1.42597
0.770076 0.164774 -0.49415    1.426
 0.770281  0.164751 -0.493952   1.42632
 0.770301  0.164978 -0.494418   1.42652
  0.77024  0.164836 -0.494062   1.42629
 0.768783  0.165209 -0.494291    1.4237
 0.769061  0.165469 -0.494721   1.42434
 0.768675  0.165533 -0.494356   1.42352
 0.768862  0.165411 -0.494362   1.42388
  0.75413   0.18049 -0.511603    1.4064
 0.751131   0.17831 -0.510856   1.39995
 0.753943  0.177033 -0.512558    1.4059
 0.752424  0.178512 -0.511721   1.40266
 0.772164  0.178891 -0.476412   1.42508
 0.768806  0.177829 -0.479865   1.41982
 0.772227  0.177054 -0.480044   1.42585
 0.771509  0.177968 -0.478982   1.42486
 0.752588  0.175129 -0.512564   1.40279
 0.749562  0.176177 -0.510846   1.39636
 0.750247  0.172624 -0.511454   1.39733
 0.751383  0.174691 -0.511601   1.40013
 0.769641  0.175076 -0.493077   1.42594
 0.771596  0.175536 -0.491112   1.42888
0.769369 0.175453 -0.48973  1.42409
 0.770003  0.175601 -0.491624   1.42596
 0.770829  0.164033 -0.497699   1.42868
 0.771364  0.163439 -0.496552   1.42902
 0.771403  0.164307 -0.497288   1.42967
 0.771371  0.164127 -0.497533    1.4297
 0.761912  0.162354 -0.507163   1.41621
0.760216 0.163366  -0.5112  1.41473
 0.762357  0.161405 -0.510365   1.41809
 0.762003  0.162806 -0.510824   1.41798
 0.769485  0.167653 -0.496208   1.42607
 0.769197  0.167477 -0.495493   1.42512
 0.769334  0.167351 -0.496053   1.42565
  0.76936  0.167444 -0.496015    1.4257
 0.765401  0.173869 -0.489844   1.41647
 0.766903  0.174843 -0.487829   1.41865
 0.764592  0.174365 -0.486555   1.41402
 0.765441  0.174587 -0.488298    1.4159
  0.76955  0.162715 -0.497029   1.42568
0.769081 0.163728 -0.49857  1.42564
 0.768541  0.162627 -0.497073   1.42375
 0.768867  0.162711 -0.497229   1.42441
  0.76925  0.169994 -0.493747   1.42546
  0.77005  0.170447 -0.493531   1.42698
0.769504 0.171381 -0.49575    1.427
 0.769349  0.170221 -0.493749   1.42564
 0.769677  0.167934 -0.495962   1.42636
0.769335 0.167582 -0.49542  1.42538
 0.769587  0.167769 -0.496141   1.42626
 0.769523  0.167853 -0.496014   1.42607
  0.76878  0.167048 -0.494291   1.42379
  0.76833  0.166785 -0.493544   1.42271
 0.768604  0.166644 -0.494151   1.42339
 0.768588  0.166776 -0.494079   1.42334
 0.769305  0.167915 -0.491928   1.42399
 0.769902  0.168028 -0.492482   1.42528
 0.769775  0.168044 -0.491293   1.42467
 0.769695  0.167908 -0.491806   1.42471
 0.769763  0.168038 -0.496264   1.42674
 0.769668  0.167868 -0.496359   1.42659
 0.769804  0.167874 -0.496219   1.42688
 0.769782  0.167954 -0.496329   1.42682
 0.768767  0.167789 -0.492285   1.42324
 0.768207  0.167924 -0.492873   1.42259
 0.768552  0.167473 -0.492747   1.42295
 0.768397  0.167642 -0.492416   1.42254
 0.770038  0.168179 -0.493901   1.42611
 0.769708  0.168099 -0.494404   1.42569
 0.770139  0.168317 -0.495107   1.42687
 0.769971  0.168077 -0.494322   1.42617
0.966541 0.224035 0.104939  1.73591
 0.970647  0.211107 0.0939242   1.74231
0.969282 0.210344 0.108719  1.74017
 0.968434  0.210414 0.0972113   1.73698
 0.972706  0.214993 0.0620122   1.74595
 0.972108  0.213707 0.0771036   1.74514
 0.969632  0.227268 0.0692603    1.7414
 0.971253  0.212618 0.0659094   1.74205
  0.965234   0.249832 -0.0117441    1.73518
 0.968437  0.237892 -0.028587   1.74059
  0.970797   0.229236 -0.0121722    1.74358
  0.968414   0.237674 -0.0101254    1.73986
 0.940346  0.302683 0.0569596   1.69261
 0.934802  0.307995 0.0740021   1.68272
 0.933396  0.315628 0.0491544   1.68057
 0.937131  0.317506 0.0608336   1.69064
  0.975935   0.205601 -0.0261779    1.75174
  0.973324   0.219153 -0.0109624    1.74755
  0.971029   0.226459 -0.0269826     1.7442
 0.973307   0.21863 -0.029117     1.748
  0.960628   0.252567 -0.0507397    1.72655
  0.961795   0.245765 -0.0667996    1.72881
  0.965231     0.2374 -0.0479304    1.73362
  0.962501   0.246829 -0.0489486     1.7295
   0.97552   0.204029 -0.0478528    1.75153
  0.970236   0.225019 -0.0495834    1.74318
 0.971681  0.215598 -0.068281   1.74614
  0.972495   0.216846 -0.0471802    1.74685
  0.961266   0.236087 -0.0834664    1.72671
 0.960936  0.230049 -0.106129   1.72708
  0.967028   0.218493 -0.0864831    1.73706
  0.963157   0.235422 -0.0880682     1.7317
  0.949778   0.274185 -0.0960465    1.71062
  0.956684   0.256353 -0.0772686    1.72022
  0.951995    0.27554 -0.0740955    1.71414
  0.953462   0.278487 -0.0829838    1.71935
  0.960494   0.254255 -0.0331478    1.72567
  0.965259   0.238785 -0.0314991    1.73316
0.961759 0.253695 -0.01302  1.72783
  0.962387   0.253787 -0.0311262    1.73003
 0.933006  0.308258 -0.145759   1.68925
 0.940559  0.300679 -0.122344   1.70066
 0.929613  0.319822 -0.126784   1.68244
 0.933912  0.309406 -0.125047   1.68837
  0.955449   0.274493 -0.0484062    1.71997
  0.950726   0.289648 -0.0416489    1.71306
  0.951268   0.284333 -0.0606587    1.71388
  0.952956   0.288557 -0.0464509    1.71825
 0.936054  0.299049 -0.146332   1.69345
  0.94285  0.273173 -0.145462   1.70112
 0.943242  0.289948 -0.121651   1.70349
 0.939927  0.281793 -0.144718   1.69678
 0.925138  0.309989 -0.167124   1.67514
 0.913222  0.325546 -0.180194   1.65573
 0.922132  0.303127 -0.192558   1.67108
0.919739 0.304896 -0.17775  1.66282
0.957917 0.165665  0.22514  1.72223
0.957414  0.16655 0.226237  1.72142
0.957715 0.166887 0.224725  1.72185
0.957713 0.166838 0.225295  1.72197
0.955839 0.173158 0.227399  1.71906
0.955453 0.174694 0.227586  1.71845
0.955903 0.174143 0.226243  1.71912
0.955753 0.174412 0.226768  1.71893
0.956818 0.175977 0.220886  1.72054
0.956658 0.175289 0.221245  1.72023
0.956543 0.176493 0.222002  1.72016
0.956654 0.175487 0.221284  1.72015
0.955685 0.173169 0.227857  1.71879
0.955131 0.173561 0.229678  1.71797
0.955243 0.175061 0.228248  1.71816
0.955332 0.173492 0.229087  1.71829
0.958725 0.166001 0.220278  1.72329
 0.95841 0.166864 0.220754  1.72281
0.958591 0.166547 0.219231  1.72305
0.958616 0.166928 0.220337  1.72322
0.954148 0.168038 0.238624  1.71698
 0.95273 0.171608  0.24073  1.71477
0.954037 0.171429 0.236681  1.71677
0.953631 0.171763 0.238437  1.71636
0.957747 0.164667 0.208427  1.72232
 0.95841 0.163265 0.207803   1.7233
0.958504 0.164663 0.211389  1.72318
0.958067 0.163243 0.208434  1.72256
0.956908 0.169179 0.227069  1.72124
0.956548 0.169565 0.225721  1.72084
0.957022 0.168741 0.225293  1.72151
0.956797  0.16869 0.225756  1.72105
0.959477  0.15747  0.20337  1.72485
0.958726 0.159897  0.20391  1.72379
0.958931 0.158272 0.199823  1.72443
0.959187 0.159804 0.203289   1.7248
0.958325 0.166841 0.217585  1.72259
0.957937 0.167738 0.218048    1.722
0.957863 0.166817 0.215444  1.72191
0.958156 0.167792 0.217601  1.72246
0.945866 0.230338 0.212666  1.70475
0.942056 0.239892 0.214095  1.69896
 0.94627 0.238124 0.201772  1.70539
0.944465 0.231708 0.206602   1.7005
0.958289 0.167854 0.220825  1.72273
0.958111 0.168466 0.219767  1.72243
0.958464 0.167547 0.219277  1.72297
0.958246 0.167484 0.219715  1.72252
0.963383 0.149384 0.182202  1.73128
0.961718 0.155869  0.18566  1.72884
0.963447 0.156837 0.179935  1.73128
0.962766 0.156769 0.182407   1.7309
0.947252 0.184659  0.24693  1.70614
0.946428 0.178564 0.251936  1.70479
0.945141 0.184415 0.250749  1.70252
0.945886 0.184109 0.249464  1.70387
0.946696 0.186971  0.24527  1.70489
0.944493 0.186903 0.249041  1.70111
0.943548 0.192682 0.247638  1.69972
 0.94495 0.189919 0.248934  1.70276
0.939151 0.251921 0.201056  1.69303
0.944959 0.239699 0.198288  1.70216
0.940213 0.241939 0.211932  1.69495
0.941579  0.24968 0.204984  1.69878
 0.95798  0.16187 0.204784  1.72274
0.957251 0.163458 0.205755  1.72173
0.957211 0.162757 0.202478  1.72203
0.957602 0.163664   0.2048  1.72245
0.957228 0.172334 0.217043  1.72086
0.956434 0.168964 0.214052  1.71972
0.956724 0.171438 0.216808  1.72009
0.956905 0.172034 0.216375  1.72053
0.955628 0.166019 0.219461  1.71986
 0.95669 0.167725 0.223262  1.72106
 0.95618  0.16828 0.223247  1.72032
0.956396 0.168113 0.223141  1.72083
0.956047 0.170836 0.229792  1.71992
0.956629 0.169248 0.228798  1.72076
0.956192 0.169171 0.230733  1.72008
0.956292 0.169059 0.229757  1.72014
0.956486 0.173207 0.220282  1.71976
0.956056  0.17096 0.217879  1.71912
0.956259 0.172239 0.219851  1.71941
0.956331 0.172933 0.219425  1.71961
0.956399   0.1759 0.222442   1.7198
0.956536  0.17472 0.221654  1.71993
0.956363 0.175049 0.222832  1.71972
0.956461 0.175697 0.222398  1.71997
0.957093 0.169433 0.225611  1.72101
0.957541 0.168109 0.224837  1.72167
0.957217 0.168071 0.226378  1.72124
0.957253 0.167977 0.225539  1.72112
 0.95626 0.176775 0.223102  1.71974
0.956256 0.175828 0.223481  1.71969
0.955977 0.176823 0.224259  1.71932
0.956139  0.17604 0.223606  1.71943
0.955882 0.175212 0.225663  1.71913
 0.95545 0.176036  0.22684   1.7185
0.955701   0.1766 0.225497   1.7189
0.955648 0.175475 0.226169  1.71872
0.956858 0.169323 0.226191  1.72056
0.956955 0.167863 0.227181  1.72076
0.956544 0.169138 0.227772  1.72013
0.956793   0.1693 0.227008  1.72058
0.955918 0.171661 0.228376   1.7198
0.955613 0.171349 0.226078  1.71951
0.956056 0.170386 0.226106  1.72014
0.955798  0.17058 0.226218  1.71954
0.955862 0.172053 0.228366  1.71914
0.955972 0.170644 0.229266  1.71937
0.955333  0.17206 0.230392  1.71836
0.955745 0.171814 0.228765  1.71892
0.958078 0.167755 0.221298   1.7223
0.957739 0.168685 0.221829  1.72179
  0.9579 0.168382 0.220229    1.722
0.957956 0.168769  0.22138  1.72223
 0.94836 0.169259 0.250852  1.70791
0.951112  0.16277 0.246544   1.7119
0.949221 0.160685 0.250931  1.70903
0.949786 0.163157 0.251726  1.71047
0.948682 0.183767 0.245976  1.70913
0.950511 0.177311 0.244795  1.71185
  0.9481 0.177846 0.249311  1.70791
0.949183  0.17782 0.247219   1.7095
0.952578 0.166155 0.243685  1.71468
0.952246 0.171798 0.242571  1.71429
0.953893 0.167508 0.239451  1.71662
0.953023 0.167073 0.242915   1.7154
0.958555 0.166874 0.217151  1.72308
0.958096 0.166881 0.214941  1.72241
0.958566 0.165863 0.214511  1.72313
0.958308 0.165862 0.214945  1.72257
0.956006 0.165935 0.204074  1.72051
0.956778 0.164731 0.202588  1.72162
0.956858 0.164977 0.205796  1.72137
0.956428 0.164286 0.203937  1.72096
0.955666 0.170754 0.230678  1.71919
0.955772 0.168876 0.232087  1.71935
0.954951 0.171141 0.233196  1.71806
0.955484 0.171197 0.232109  1.71908
0.955767 0.168546 0.211913  1.71901
 0.95512 0.167011 0.211258  1.71836
0.956347 0.171122 0.215552  1.71969
0.955635 0.167476 0.212549  1.71865
0.951281 0.176482 0.242275  1.71264
 0.94964 0.182284 0.242845  1.71003
0.951834 0.179715 0.238154  1.71343
0.950981 0.181557 0.241544  1.71271
0.954383 0.163134 0.207539  1.71718
0.953004 0.159554 0.205011  1.71627
0.953844 0.162404 0.207696  1.71677
0.954051 0.162748 0.207355  1.71726
0.956558 0.164433 0.201193  1.72136
0.955775 0.165854 0.203119  1.72026
0.956152 0.167062 0.201282  1.72082
0.956108 0.166514 0.201405  1.72081
0.955782 0.165759 0.219543  1.72028
 0.95631  0.16571 0.219835  1.72096
0.956865 0.167672 0.223036  1.72146
0.956161 0.165908 0.219807  1.72057
0.953621 0.160881 0.204174  1.71681
0.953168 0.159578  0.20486  1.71665
0.954544 0.164018 0.206969   1.7176
 0.95345  0.16006 0.204756  1.71638
 0.95326 0.160725 0.208732  1.71738
 0.95444 0.163725 0.214422  1.71882
0.953139 0.161349 0.210093  1.71711
0.953247 0.160397  0.21007  1.71716
0.955205 0.162509 0.214831  1.71987
0.953479  0.15961 0.208412  1.71772
0.954127  0.15946 0.209172  1.71872
0.953852 0.159941 0.208841  1.71805
 0.768306  0.156419 -0.507793   1.42733
 0.765163  0.155115 -0.507463   1.42086
 0.767728  0.153416 -0.505588   1.42456
 0.767603  0.155138 -0.506701    1.4253
 0.766997   0.15862 -0.499271   1.42206
 0.769078   0.15808 -0.497504   1.42517
 0.767543  0.158038 -0.494163   1.42073
  0.76802  0.158783 -0.497958   1.42345
0.762572 0.159676 -0.51096  1.41842
 0.759772  0.158884 -0.510077   1.41246
  0.76243  0.156955 -0.509199   1.41679
 0.761891  0.158332 -0.509726   1.41634
 0.759796  0.163042 -0.512377   1.41448
 0.759285  0.160153 -0.510559   1.41207
 0.762026  0.160896 -0.511447    1.4179
 0.760008   0.16144 -0.511874   1.41425
 0.769473  0.159445 -0.492362   1.42316
 0.770287  0.158593 -0.491025   1.42419
 0.770671  0.159752 -0.491932   1.42526
 0.770359  0.159496 -0.492083    1.4248
 0.756334  0.167956 -0.513339   1.40922
 0.755068   0.16525 -0.511785   1.40553
  0.75787  0.165374 -0.512983   1.41151
 0.755962  0.166231 -0.513006    1.4079
 0.754455     0.169 -0.513148   1.40557
 0.751464  0.169396 -0.511702    1.3992
 0.752921  0.166267 -0.511696   1.40142
 0.753428  0.168219 -0.512051   1.40307
 0.763562  0.182328 -0.490979    1.4157
 0.765622  0.179723 -0.484308   1.41635
  0.76576  0.185213 -0.490926   1.42023
 0.766006  0.183795 -0.490144   1.42048
 0.752862   0.18207 -0.510543   1.40354
 0.749986  0.183948 -0.508388   1.39734
 0.749519  0.179954 -0.509837   1.39646
0.751478 0.182111 -0.50969  1.40073
  0.76939   0.16175 -0.495702   1.42458
 0.768336  0.161642 -0.495781    1.4226
  0.76881  0.160477 -0.493978   1.42261
 0.769065  0.161625 -0.495567   1.42394
 0.756428  0.190211 -0.506345   1.40971
 0.753532  0.192814 -0.503706   1.40341
 0.751572  0.188568 -0.506274   1.40017
 0.754656  0.190749 -0.505621    1.4064
 0.764467  0.175222 -0.485009   1.41317
 0.767075  0.175614 -0.486087   1.41825
 0.766283  0.176515 -0.482801   1.41595
 0.766192  0.175665 -0.484458   1.41645
 0.769155  0.188266 -0.489586   1.42649
 0.772535  0.184092 -0.479469   1.42831
 0.773423  0.191425 -0.487939   1.43429
 0.773142  0.189914 -0.488261    1.4342
 0.764071  0.176711 -0.487104   1.41422
0.766015  0.17844 -0.48549   1.4176
 0.764308  0.180769 -0.491685   1.41752
0.764111 0.177619 -0.48607  1.41389
 0.767896  0.198635 -0.498065   1.42895
 0.773534  0.197804 -0.493737   1.43761
  0.77228  0.202203 -0.494055   1.43612
 0.772434  0.200358 -0.496664   1.43768
 0.762683   0.17711 -0.488242   1.41205
 0.762604  0.180996 -0.492998   1.41472
0.760711 0.179477 -0.49558  1.41198
 0.762698   0.17975 -0.494315   1.41548
  0.936735   0.316917 -0.0816279    1.69227
0.930334 0.321081 -0.10654  1.68165
  0.94112  0.302041 -0.101614   1.69958
0.936265 0.316319 -0.10367  1.69354
  0.922257   0.342218 -0.0505857    1.66556
  0.932912    0.32434 -0.0547623    1.68378
  0.931155    0.32917 -0.0290907    1.68001
  0.928565   0.328235 -0.0510351    1.67488
   0.9444   0.29677 -0.100826   1.70544
 0.947221  0.296525 -0.078332   1.70966
  0.940316   0.312206 -0.0807855    1.69894
  0.944196   0.297432 -0.0807187    1.70295
 0.932917  0.318651 0.0222322   1.67962
   0.934619    0.319008 -0.00339344     1.68366
 0.941322  0.306948 0.0116733     1.695
 0.937093  0.320183 0.0147812    1.6898
 0.950279  0.286299 0.0805797   1.71205
 0.948501   0.29284 0.0650426   1.70897
 0.955125  0.276288 0.0625497   1.71923
 0.950951  0.289764 0.0653265   1.71374
 0.956859  0.279531 0.0396392   1.72337
 0.951829  0.293788 0.0212708   1.71566
 0.958887  0.273333 0.0120959   1.72609
 0.955169   0.27633 0.0165071   1.71806
 0.944355  0.303983 0.0680944   1.70322
 0.946732   0.29417 0.0836422   1.70655
 0.938928  0.309112 0.0855225   1.69371
 0.943465  0.297592 0.0823267   1.69998
 0.94239 0.289595 0.114648  1.69796
 0.938655  0.302311 0.0996276   1.69202
 0.945969  0.288424 0.0963946     1.704
0.942482 0.296675 0.098868  1.69883
0.969484 0.151265 0.160834  1.74108
 0.96892 0.164028 0.157302  1.73977
0.971134 0.154455 0.152868  1.74351
 0.97007 0.152584 0.157586  1.74134
0.941757 0.281652 0.131505  1.69585
0.945131 0.269484 0.141913   1.7013
 0.93853 0.278496 0.150628   1.6901
0.942322 0.276871 0.146659  1.69782
0.937393 0.271084  0.16923  1.68832
 0.94168 0.259801 0.172328  1.69524
0.937209 0.262115 0.184468  1.68806
0.939386 0.269592 0.179016  1.69432
0.967862 0.150098 0.165218  1.73764
0.965454 0.158608 0.172189  1.73396
0.967387 0.161928 0.163082  1.73659
0.966867  0.16107 0.165803  1.73672
0.944508 0.223472 0.217252  1.70086
 0.94124 0.221798 0.228523  1.69578
0.940659 0.231285 0.219639  1.69471
0.942324 0.229592 0.223852  1.69914
0.950838 0.263444 0.136772  1.71222
0.953463 0.263339 0.119425   1.7162
0.955265  0.25235 0.129217  1.71845
0.953506 0.259287  0.13403  1.71697
0.939697 0.201463 0.252124  1.69475
0.935911 0.202372 0.257048  1.68847
0.936841 0.207957 0.252533   1.6902
0.937474 0.203294 0.255552  1.69147
 0.94044 0.208249 0.251253  1.69745
0.937708 0.215553 0.251785  1.69352
0.939985 0.217032 0.243741  1.69612
0.938893 0.211358 0.245014  1.69286
0.940218 0.189537 0.256944  1.69538
0.941213 0.196443   0.2528  1.69713
0.942435 0.190538 0.253663  1.69896
0.941658 0.190942 0.255743  1.69787
0.942009  0.18273 0.259478  1.69901
0.944146 0.185603 0.255309  1.70252
0.945802  0.17814 0.254605  1.70492
0.943883 0.180448  0.25432  1.70074
0.958377 0.161983  0.20389  1.72359
0.957621  0.16313 0.201143  1.72284
0.958532 0.160982 0.199854  1.72419
 0.95804 0.160764 0.201059  1.72318
0.963306 0.165666 0.179576   1.7309
0.961387 0.170925 0.185923  1.72803
0.962619 0.175265 0.180325  1.72954
0.962297 0.173042 0.180057   1.7295
0.769176 0.186867 -0.48978  1.42686
 0.768627  0.180776 -0.483302   1.42211
 0.772257  0.182794 -0.480885   1.42846
 0.768716  0.181919 -0.482061   1.42172
 0.765575  0.190481 -0.497981   1.42333
 0.764285  0.194653 -0.501032   1.42274
 0.761145  0.190544 -0.503614   1.41734
 0.764938  0.193007 -0.502374   1.42476
 0.783355  0.209842 -0.482832   1.45373
 0.777365  0.205889 -0.489192   1.44434
 0.784704  0.204322 -0.486204   1.45678
 0.783283  0.207258 -0.487249    1.4556
 0.766365  0.200053 -0.498892    1.4272
 0.770627  0.203852 -0.494702   1.43416
 0.764744  0.203197 -0.495326   1.42306
 0.766293   0.20215 -0.496004   1.42578
0.964628 0.149929  0.17922  1.73383
0.964656 0.158422 0.175234  1.73361
0.967033 0.150338 0.169275   1.7373
0.965479 0.148741 0.174593  1.73421
0.973727 0.172817 0.124114  1.74725
0.975162 0.167223 0.114714  1.74909
0.974692 0.160497  0.12096  1.74787
 0.97446 0.162559 0.121744  1.74738
0.972345   0.1623 0.133434  1.74381
 0.97403 0.155489 0.128166  1.74661
0.972688 0.153733 0.137947   1.7448
0.972937 0.153131 0.131818  1.74403
0.969619 0.187562 0.141456  1.74112
 0.97175 0.180154 0.134365  1.74458
0.971426  0.17682 0.139967  1.74413
0.971015 0.177735 0.138165  1.74284
0.972984 0.168751 0.130399   1.7455
0.973937 0.156423  0.12728  1.74612
0.972413 0.164281 0.135585  1.74428
0.973153 0.167523 0.130662    1.746
0.973419 0.179598 0.117498  1.74644
0.974777 0.169693 0.116086   1.7484
0.973368 0.174152 0.123303  1.74627
0.973987 0.177616 0.117122  1.74768
0.969542 0.189632 0.130349   1.7395
0.969697 0.198171 0.119729  1.74009
0.971394 0.187237 0.118527  1.74247
0.970593 0.196869  0.12131  1.74243
0.971435 0.181372 0.125038  1.74285
0.969349 0.188808 0.131743   1.7394
0.971391 0.186307 0.119491  1.74273
0.971066 0.185528 0.129377  1.74297
0.957664 0.173003 0.199222  1.72286
0.957785 0.167478 0.196827  1.72317
0.956828 0.169531 0.200208  1.72177
0.957238 0.170735 0.197249  1.72233
 0.965751  0.223845 0.0911399   1.73269
0.967398 0.224237 0.074429  1.73557
 0.970142  0.210764 0.0818509   1.74001
 0.968178  0.224497 0.0875114    1.7385
0.956804 0.258456 0.105057  1.72115
 0.959326  0.256883 0.0920604   1.72554
0.961719 0.246875 0.102616  1.72945
0.959272 0.252982 0.104204  1.72548
0.952252 0.243309 0.158678  1.71305
0.94729 0.25503 0.16639 1.70597
0.949067 0.257759 0.152595  1.70871
0.949603 0.252846 0.164489  1.71053
0.961429 0.185001 0.182037  1.72747
0.959587 0.187071 0.189838  1.72464
0.959706 0.193813 0.184835  1.72461
0.960137 0.189997 0.182746  1.72521
 0.770623  0.164921 -0.493695   1.42691
 0.770453  0.164729 -0.493723   1.42659
 0.770663  0.164736 -0.493593     1.427
  0.77062  0.164815 -0.493667   1.42692
  0.77017  0.164485 -0.494013   1.42625
 0.770259   0.16463 -0.493806   1.42627
  0.77003  0.164629 -0.493946   1.42588
 0.770147  0.164586 -0.493885   1.42609
 0.770894  0.164805 -0.495692   1.42847
 0.770382  0.164616 -0.494993   1.42718
0.770545 0.164737 -0.49631  1.42806
 0.770573  0.164841 -0.495782   1.42788
 0.769244  0.164802 -0.494256   1.42458
 0.769368  0.164946 -0.494339   1.42476
 0.768994   0.16498 -0.494263    1.4241
 0.769238  0.164885 -0.494237   1.42456
 0.769482  0.164722 -0.494223   1.42503
 0.769783  0.164763 -0.494134   1.42549
  0.76957  0.164916 -0.494288   1.42514
 0.769581  0.164773 -0.494197   1.42512
 0.770791  0.164482 -0.498137   1.42902
 0.771309   0.16465 -0.497626   1.42984
 0.770737   0.16475 -0.497638   1.42888
 0.770862   0.16461 -0.497761   1.42901
  0.76745  0.173799 -0.497352   1.42343
 0.768855  0.174063 -0.497778   1.42646
 0.768611  0.174538 -0.496048   1.42515
 0.768496  0.174078 -0.497034   1.42541
  0.76902  0.165104 -0.494271   1.42415
 0.769388  0.165134 -0.494469   1.42486
0.769244 0.165417 -0.49469  1.42469
 0.769189  0.165174 -0.494513   1.42449
 0.770358  0.164814 -0.497747    1.4282
  0.76986  0.164871 -0.498312   1.42747
 0.770326  0.164523 -0.498272   1.42816
  0.77025  0.164734 -0.498205   1.42817
 0.769619  0.160466 -0.493732    1.4241
0.770765 0.160783 -0.49348  1.42621
 0.770111  0.161778 -0.495483   1.42592
  0.76993  0.160635 -0.493741   1.42464
 0.767738  0.159441 -0.503851   1.42536
 0.769306  0.158328 -0.506368     1.429
0.769929  0.15879 -0.50193  1.42858
 0.768802  0.158501 -0.503386   1.42703
  0.75674  0.170877 -0.507287   1.40789
 0.755006  0.173386 -0.511392   1.40658
0.755756 0.170566 -0.51177  1.40771
 0.756575  0.172174 -0.511837   1.40976
 0.760152  0.164806 -0.511558   1.41515
 0.761741  0.163605 -0.507456   1.41637
 0.760198  0.165454 -0.507881   1.41396
 0.760131   0.16421 -0.507703   1.41339
 0.769988  0.158052 -0.491987   1.42431
 0.768416  0.158156 -0.493242   1.42194
0.769924 0.158341   -0.496  1.42612
 0.769373  0.157755 -0.492898   1.42359
 0.769193  0.167031 -0.495743   1.42518
 0.769009  0.167094 -0.495096   1.42455
  0.76884  0.166664 -0.494811   1.42408
 0.769019  0.166999 -0.495139   1.42458
 0.768593  0.169433 -0.493949    1.4242
0.768152 0.170079   -0.496  1.42435
 0.768092  0.168801 -0.494106   1.42319
 0.768042  0.169077 -0.494105    1.4231
 0.769015  0.166219 -0.495219   1.42452
 0.768714  0.166277 -0.494617   1.42373
 0.768656  0.165893 -0.494463   1.42354
 0.768799  0.166167 -0.494648    1.4239
 0.768117  0.170394 -0.496106    1.4243
 0.768623  0.169714 -0.493938   1.42425
 0.768776  0.171055 -0.495971   1.42559
 0.768742  0.170789 -0.495919   1.42554
 0.769124  0.166149 -0.495222   1.42473
  0.76879  0.165774 -0.494484    1.4238
 0.769156  0.165769 -0.494956   1.42465
0.769006 0.165834 -0.49497  1.42437
 0.770134  0.164723 -0.495055   1.42674
0.769808 0.164843 -0.49586  1.42649
 0.770228  0.164859 -0.496391   1.42749
 0.770092  0.164693 -0.495809   1.42701
 0.769502  0.164568 -0.494202   1.42503
   0.7699  0.164478 -0.494126   1.42577
 0.769822  0.164616 -0.494039   1.42551
 0.769784  0.164536 -0.494123   1.42555
  0.76847  0.166265 -0.494113   1.42312
 0.768069  0.166145 -0.493948   1.42242
 0.768421   0.16589 -0.494121   1.42303
 0.768308  0.166076 -0.494059    1.4228
 0.769904  0.164453 -0.494565   1.42603
 0.769464  0.164537 -0.494532   1.42518
 0.769569  0.164541 -0.495256   1.42574
 0.769551  0.164522 -0.494642   1.42538
 0.770166  0.164443 -0.498628   1.42799
 0.769635  0.164863 -0.498709   1.42719
 0.769436  0.164502 -0.499154    1.4268
0.769649 0.164572 -0.49877  1.42706
 0.758212  0.169725 -0.507713   1.41089
  0.75746  0.169457 -0.512082   1.41109
0.759009  0.16753 -0.50803  1.41214
 0.757542  0.168461 -0.507825   1.40925
 0.757519  0.174898 -0.506344   1.40984
 0.756135  0.175019 -0.511342   1.40918
 0.757672   0.17226 -0.507147   1.41005
  0.75634  0.173501 -0.506606   1.40726
 0.756469  0.176196 -0.505608   1.40751
 0.754991  0.179574 -0.509545   1.40671
 0.754735  0.176366 -0.510666   1.40622
 0.756233  0.178043 -0.510475   1.40948
 0.766943  0.173602 -0.496219   1.42197
 0.768107  0.174406 -0.494764   1.42365
 0.766267  0.173786 -0.493462   1.41952
 0.766923  0.174149 -0.495129   1.42142
 0.768757  0.173672 -0.498434   1.42662
 0.767487  0.173341 -0.498174   1.42391
 0.767884   0.17296 -0.499212   1.42522
0.767844 0.173358 -0.49871  1.42487
 0.762404  0.170814 -0.493518   1.41173
  0.76094  0.170953 -0.490442   1.40799
 0.760375   0.16907 -0.491921   1.40722
 0.761448  0.170153 -0.491631   1.40946
 0.760094  0.165095 -0.501811   1.41128
  0.76127  0.163035 -0.496433   1.41068
 0.760323  0.164608 -0.496307   1.40908
 0.760041  0.163718 -0.496367   1.40829
0.768186 0.171341 -0.49794  1.42536
 0.768864  0.172044 -0.497743   1.42664
 0.768114  0.172302 -0.499115    1.4257
 0.768149  0.171648 -0.497958   1.42524
 0.768811   0.16713 -0.494233   1.42383
 0.768554  0.167179 -0.493361   1.42306
 0.768315  0.166966 -0.493443   1.42265
 0.768505  0.167086 -0.493443   1.42299
0.768465 0.163829 -0.49874  1.42452
   0.7676  0.163963 -0.498812    1.4229
0.767844 0.162701 -0.49727  1.42247
 0.768131  0.163792 -0.498677   1.42386
 0.768568  0.168577 -0.492424   1.42322
 0.768104  0.168085 -0.492774   1.42238
 0.768701  0.167922 -0.491954     1.423
 0.76861 0.168364 -0.49261  1.42337
 0.769226  0.167619 -0.493999   1.42458
 0.768814  0.167315 -0.493373   1.42355
 0.769056  0.167373 -0.494363   1.42437
 0.769022  0.167524 -0.494054   1.42418
 0.769638  0.168019 -0.495794    1.4262
 0.769445  0.167909 -0.494861   1.42537
 0.769262  0.167684 -0.495189   1.42513
 0.769475  0.167787 -0.495126   1.42555
 0.770081  0.168226 -0.495406   1.42691
 0.769686   0.16798 -0.494788   1.42583
 0.769841  0.168105 -0.495733   1.42659
 0.769855  0.168208 -0.495476   1.42649
 0.768024  0.167067 -0.493203   1.42212
0.768274  0.16726 -0.49292  1.42245
 0.767865  0.167574 -0.493123   1.42198
  0.76813  0.167318 -0.493065    1.4223
 0.768948  0.167738 -0.492497   1.42351
 0.768765  0.167516 -0.493028   1.42332
 0.769232  0.167797 -0.493624   1.42444
 0.768992  0.167581 -0.492957   1.42376
 0.960681  0.256417 0.0776799    1.7276
0.960499 0.260218 0.060585  1.72715
 0.964887  0.241333 0.0699214   1.73334
 0.962397  0.260379 0.0720668   1.73243
 0.967119  0.244042 0.0452434   1.73828
  0.96641  0.244699 0.0643454   1.73758
 0.961799  0.263055 0.0554041   1.73084
 0.964827  0.243413 0.0495085   1.73269
 0.960208  0.261045 0.0342616   1.72576
  0.962146   0.256871 0.00813902    1.72918
0.966057 0.241812 0.025242  1.73468
 0.963382  0.259333 0.0302908   1.73293
  0.970869   0.228962 0.00599012    1.74339
 0.968916  0.236407 0.0245113   1.74035
  0.965495   0.249387 0.00790206    1.73537
  0.968374   0.236502 0.00508851    1.73902
0.943966 0.301278 -0.03659  1.70061
  0.936008   0.318135 -0.0299986    1.68735
  0.937496   0.313462 -0.0549364    1.69064
  0.939676   0.315437 -0.0347261    1.69521
  0.950474   0.287892 -0.0175679    1.71095
   0.957009    0.270446 -0.00423723     1.72087
   0.94931   0.291322 0.00503564    1.70883
    0.952625     0.290766 -0.000802006      1.71661
0.956247 0.167937 0.230414  1.71986
0.956353 0.169322   0.2288  1.71995
0.956841 0.167789 0.227947  1.72066
0.956415  0.16756 0.228724  1.71978
0.956322 0.170536 0.227637  1.71981
0.956175 0.171888 0.227182  1.71959
0.956679 0.170611 0.226056  1.72032
0.956364 0.170721 0.227406  1.71989
0.957553 0.167922 0.223937  1.72149
 0.95713 0.169154 0.224552  1.72083
0.957469 0.168794 0.223029  1.72131
0.957442 0.169162 0.224123  1.72149
 0.95647 0.172638 0.224579  1.71994
0.956233 0.173645 0.224996  1.71959
0.956428 0.173097  0.22367  1.71982
0.956391 0.173468 0.224197  1.71981
0.956368 0.174156 0.222924   1.7197
0.956355 0.172964 0.221408  1.71959
0.956393 0.173244 0.222645  1.71971
0.956399  0.17394 0.222257  1.71976
0.956415 0.172749 0.224969  1.71986
0.956127  0.17293 0.226309  1.71946
 0.95613 0.173921 0.225482  1.71947
0.956214  0.17293 0.225944   1.7196
0.954406 0.175508 0.231015   1.7172
0.954144 0.173999 0.233908  1.71683
0.953307 0.177544 0.233784  1.71546
0.954007 0.176936 0.233676    1.717
0.956545 0.171828 0.225348   1.7201
0.956722 0.170789 0.225865  1.72043
0.956286 0.171816 0.226766  1.71975
0.956509 0.171655 0.225581     1.72
0.957636 0.169719 0.221896  1.72177
0.957466 0.170067 0.220701  1.72147
 0.95777 0.169315 0.220275  1.72192
0.957572 0.169251 0.220677  1.72151
 0.95745 0.164535 0.209171  1.72169
0.958218 0.164647 0.211923  1.72255
0.957689 0.165734  0.21249  1.72179
0.957951 0.165811 0.211908  1.72235
0.958395 0.160054 0.197268  1.72395
0.957428 0.162546 0.199187  1.72257
0.957987 0.163064 0.196078  1.72346
0.957922 0.163091 0.197404   1.7235
0.954486 0.174848 0.223438  1.71759
0.954566 0.175868 0.227326  1.71744
0.954212 0.178348 0.225725  1.71687
0.954618 0.177142 0.227067  1.71796
0.960231 0.160879 0.189511  1.72672
0.958909 0.164664 0.193179  1.72477
0.960087 0.167374 0.190123  1.72637
0.959594 0.165856 0.189825  1.72595
0.957204 0.168327 0.215918  1.72107
0.957637 0.167688 0.215439  1.72171
0.957764   0.1686 0.218058  1.72186
0.957427 0.167605 0.215927  1.72127
0.956042  0.17093 0.203307  1.72061
0.955388 0.172078 0.206309  1.71965
 0.95608 0.175628 0.206595  1.72054
0.955645 0.173225 0.203859  1.71992
0.956502  0.16649  0.20995  1.72052
0.957104 0.165713 0.209174  1.72139
0.957406 0.166739 0.212485  1.72155
0.956846 0.165526 0.209936  1.72085
0.952906 0.157731 0.202391  1.71618
0.953018 0.157212 0.203496  1.71692
0.952719 0.157925 0.204079   1.7163
0.952961 0.157978 0.203734  1.71684
0.953278 0.156849  0.19916  1.71705
 0.95332 0.157149 0.203214   1.7176
0.953211 0.158606 0.201026  1.71678
0.953032 0.156095 0.200534   1.7166
0.956223 0.170257 0.216084  1.71936
0.954931 0.166133  0.21185  1.71788
 0.95564 0.168985 0.215241  1.71863
0.955779 0.169836 0.214703    1.719
0.954319 0.166613 0.218646   1.7181
0.955535 0.168703 0.223107  1.71944
0.955085 0.169446 0.222815  1.71879
0.955291 0.169136 0.222925  1.71933
0.955589 0.171861 0.228584  1.71908
0.955071 0.173823  0.22831  1.71824
0.955369 0.171769 0.225811  1.71888
0.955463 0.173329 0.228521  1.71917
0.955542 0.166534 0.207942  1.71951
0.954702 0.167259 0.207026  1.71869
0.955309 0.166764 0.205574  1.71954
0.955086 0.166222 0.206867  1.71917
0.956526 0.174504 0.221295  1.71997
0.956395 0.173649 0.220999  1.71972
0.956421 0.174845 0.222503  1.71985
0.956444 0.173878 0.221702  1.71976
0.957099 0.170492 0.224675  1.72103
0.957175 0.170695 0.223272  1.72105
0.957418 0.169888 0.223127  1.72143
0.957197 0.170002 0.223234  1.72094
 0.95574 0.170607 0.216663  1.71888
0.955297 0.169547 0.215794  1.71837
 0.95607 0.171954 0.218786  1.71925
0.955656 0.169884 0.217117  1.71865
0.956306 0.174849 0.223563  1.71971
0.956392  0.17387 0.223285  1.71978
0.956204 0.174538 0.224541  1.71958
 0.95629 0.174068 0.223999  1.71963
0.956875 0.170661 0.224732  1.72053
0.956692  0.17167 0.224181   1.7202
0.956949 0.170896 0.223298  1.72054
0.956868 0.170996 0.224537  1.72059
0.955753  0.17025 0.218232   1.7188
0.956027  0.17125   0.2192  1.71911
0.955239 0.168867 0.216208   1.7182
0.955767 0.170943 0.217848  1.71887
0.949548 0.201538 0.225357  1.70932
0.947377 0.202609 0.231512  1.70594
0.947662 0.207221 0.225725  1.70623
0.948324 0.204711  0.23009   1.7083
0.944932 0.203617 0.236319   1.7018
0.942091 0.202596 0.242931  1.69705
0.941655 0.211859 0.236693   1.6964
0.943177  0.20746 0.242055  1.70037
 0.94814 0.189654 0.240163  1.70722
0.947553 0.196427 0.235904  1.70613
0.949888 0.191112 0.233699  1.70994
0.948652 0.194072 0.239041  1.70905
0.952296 0.176281 0.240325  1.71449
0.952676 0.179265 0.237042  1.71507
0.953699 0.175033 0.236362  1.71654
0.952907 0.175274 0.237525  1.71498
0.954876 0.175131 0.230826  1.71823
0.955456 0.172785 0.230611  1.71909
0.954718 0.173835 0.233118  1.71799
0.955001 0.173001 0.230994  1.71812
0.954512 0.165711 0.211063  1.71773
  0.9539 0.164904 0.210768  1.71704
0.955227  0.16859 0.214056  1.71838
0.954318 0.165204 0.211481  1.71726
0.953521 0.162188 0.208571  1.71646
0.952577  0.16083 0.208044  1.71578
0.952997 0.162174 0.208831    1.716
0.953146 0.162054 0.208765  1.71633
 0.95348 0.181556 0.228188  1.71563
0.952617 0.181319 0.233117  1.71439
0.952026 0.185679  0.23104  1.71334
0.952771 0.184415 0.232345   1.7152
0.954513 0.166409 0.218536  1.71862
0.955198 0.166146 0.219138  1.71957
 0.95576 0.168507 0.222999  1.71999
0.954941 0.166531 0.218915  1.71894
0.952764 0.162147 0.209557  1.71605
 0.95263 0.161091 0.209889  1.71604
0.952995   0.1623 0.212535  1.71652
0.952495  0.16174  0.20959  1.71576
0.952881 0.161529 0.210222  1.71651
0.954181  0.16395 0.214497  1.71821
 0.95352 0.163935 0.213536  1.71724
0.953691 0.163367 0.214054  1.71771
0.953069 0.159344 0.206603  1.71667
0.952867 0.160105 0.208137  1.71639
0.953765 0.162159 0.208388  1.71701
0.952909 0.160231 0.206516  1.71625
 0.766337  0.159432 -0.505136   1.42321
 0.764925  0.159676 -0.509205   1.42215
 0.767715  0.158155 -0.507825   1.42658
 0.766627  0.159473 -0.508504    1.4251
 0.766756  0.158723 -0.492863   1.41848
 0.766421  0.159671 -0.493421   1.41798
 0.765297  0.159319 -0.493549   1.41609
 0.766206  0.159224 -0.493173   1.41766
 0.770125  0.163885 -0.498098   1.42746
 0.769326  0.163823 -0.498456   1.42606
 0.769784  0.162861 -0.497076   1.42612
  0.76993  0.163769 -0.498282   1.42716
 0.767367   0.16036 -0.493881   1.41994
 0.768469    0.1603 -0.493794   1.42196
 0.768011  0.161512 -0.495668   1.42197
 0.767733  0.160388 -0.493998   1.42061
 0.758361   0.16555 -0.511695   1.41179
 0.758623  0.166213 -0.507946   1.41097
 0.756901  0.167924 -0.511926   1.40952
 0.758584  0.167041 -0.511971   1.41275
 0.763364  0.171577 -0.493252   1.41368
 0.764215  0.172823 -0.491653   1.41482
0.762064 0.171815 -0.49012  1.41026
 0.763042  0.172315 -0.492002   1.41255
 0.760905  0.178248 -0.496358   1.41272
 0.761056  0.174011 -0.490919    1.4097
 0.762604  0.175902 -0.489486    1.4124
 0.760872  0.175045 -0.489998   1.40899
0.767424 0.162661 -0.49697  1.42158
0.767187 0.164005 -0.49856  1.42201
 0.766148  0.162753 -0.496449   1.41896
 0.766764  0.162767 -0.497142   1.42038
 0.759269  0.177377 -0.496995   1.40953
 0.758104  0.174862 -0.498548   1.40758
 0.759798  0.173378 -0.491448   1.40729
 0.759739  0.176113 -0.498015    1.4109
  0.75996  0.166458 -0.495817   1.40851
  0.75958  0.167939 -0.494318   1.40732
 0.758868   0.16885 -0.500795   1.40921
 0.758856  0.167582 -0.495312   1.40619
0.759169 0.180382 -0.50366   1.4127
 0.756857  0.181283 -0.509207   1.41062
0.758027 0.177521 -0.50518  1.41074
 0.757203  0.179024 -0.504202   1.40873
 0.758195  0.186555 -0.505594   1.41212
 0.756248  0.182846 -0.508014   1.40894
 0.758846  0.181976 -0.502355   1.41151
 0.758536  0.184387 -0.507411   1.41351
  0.945898   0.303384 -0.0164177    1.70504
  0.944871   0.306771 0.00651548    1.70334
  0.938599   0.319781 -0.0101317    1.69336
  0.942856    0.30471 -0.0121533    1.69817
  0.954312   0.291998 -0.0286055    1.72181
  0.958754   0.277089 -0.0352035    1.72801
 0.960432  0.274301 -0.014327   1.73045
 0.957408  0.272177 -0.026054   1.72295
0.945606 0.279156 0.127971  1.70363
  0.9513 0.269384 0.122666  1.71331
0.948786 0.267899 0.138722  1.70902
0.948528 0.272894 0.125176   1.7081
0.959604 0.244902 0.126891  1.72644
0.962924 0.240454 0.113647  1.73179
0.962497 0.234411 0.130072  1.73114
0.961292 0.233166 0.122823  1.72706
0.952024 0.239115 0.170064  1.71328
  0.9486 0.240639 0.187236  1.70871
0.947406 0.250664 0.177644  1.70701
0.949045 0.246904 0.174782  1.70915
0.964197 0.187193  0.16823  1.73182
0.966113 0.175674 0.165174  1.73485
0.963574 0.181263 0.174679  1.73098
0.964501  0.18349 0.165941  1.73215
0.953945 0.180597 0.229304  1.71685
0.954325 0.177786 0.230681  1.71745
0.953288 0.180571 0.233357  1.71592
0.953795 0.178654 0.229815  1.71612
0.946158 0.215892 0.226099  1.70491
0.942591 0.220346 0.230904  1.69908
 0.94565 0.222192 0.221533  1.70421
0.945044 0.216963 0.226067  1.70258
0.951315 0.212925  0.21328  1.71336
0.948949 0.221239 0.214222  1.70997
0.951939 0.217289 0.205846  1.71426
0.950569 0.214591 0.208112  1.71084
0.946336 0.210597 0.230026  1.70506
0.946188 0.205216 0.235328  1.70484
0.943058 0.213784 0.235549  1.69979
0.945295 0.209952 0.231026  1.70272
0.954599 0.226752 0.176092  1.71717
0.950361 0.235818 0.182668  1.71057
0.953654 0.235768 0.168223  1.71588
0.953155  0.23079 0.179311  1.71536
0.948054 0.223554 0.206942  1.70684
0.948602 0.230262 0.195562  1.70745
0.951348 0.219468 0.198179  1.71179
0.949678 0.227607  0.20434  1.71114
0.961078 0.162008 0.185979  1.72825
 0.96088 0.169075 0.185618  1.72769
0.962688 0.164411 0.180418  1.73052
0.961647 0.162862 0.185076  1.72863
0.960841 0.223239 0.158921  1.72855
0.957524  0.23474 0.158846  1.72335
0.961614 0.228013 0.147593  1.72984
 0.95997 0.223645 0.153572  1.72572
0.959818 0.174747  0.19197  1.72578
0.958482 0.177175  0.19727  1.72377
0.959135  0.18205 0.194699  1.72448
0.958972 0.179021 0.192495  1.72431
0.964451 0.167986 0.172854  1.73285
0.963657 0.178002 0.172981  1.73124
0.966186 0.172555 0.163946   1.7352
0.964849 0.169671 0.172155  1.73283
0.961577 0.257163 0.088967   1.7308
 0.965421  0.242023 0.0814665   1.73558
0.963661 0.245498 0.100181  1.73366
 0.963196  0.244471 0.0837844   1.73089
 0.957165   0.26812 0.0796165   1.72265
 0.952517  0.282811 0.0799211   1.71615
 0.956916  0.273569 0.0626686    1.7226
  0.95543  0.268184 0.0761643   1.71833
0.964159  0.21796 0.124893  1.73083
 0.96486 0.223023 0.108393  1.73185
 0.96756 0.206847 0.113495  1.73567
0.965957 0.223357 0.118601  1.73571
0.957966  0.24736 0.127137  1.72326
0.956567 0.254724 0.117147  1.72085
0.961471 0.243288 0.114221  1.72912
0.958463 0.251326 0.116405  1.72424
 0.770228  0.164796 -0.497301   1.42786
 0.769783   0.16481 -0.496758   1.42684
 0.769761   0.16492 -0.497966   1.42726
 0.769893  0.164955 -0.497393   1.42727
 0.768415   0.16522 -0.495527   1.42374
0.768559 0.165164 -0.49454  1.42351
   0.7681  0.165546 -0.495067   1.42298
 0.768438  0.165231 -0.495121   1.42364
0.768287 0.165753 -0.49415  1.42281
 0.767923  0.166133 -0.494177   1.42228
 0.767952  0.165871 -0.494594   1.42252
 0.768068  0.165844 -0.494278   1.42258
 0.76885 0.165023  -0.4955  1.42457
 0.769181  0.164817 -0.494627   1.42473
 0.768875  0.164999 -0.494533   1.42412
 0.768869  0.164941 -0.494658   1.42414
 0.762418  0.161616 -0.496301   1.41256
 0.762823  0.161843 -0.501375   1.41567
 0.763798  0.160497 -0.495996   1.41486
 0.762578   0.16086 -0.496242   1.41261
 0.768789  0.164807 -0.495475   1.42436
 0.769239  0.164662 -0.495297   1.42512
 0.769149  0.164633 -0.494581   1.42459
  0.76917  0.164766 -0.495339   1.42505
 0.767206  0.159627 -0.493171   1.41932
 0.767621  0.158701 -0.492477   1.41989
 0.768355  0.159499 -0.492774   1.42128
 0.767806   0.15941 -0.492963   1.42037
   0.7675  0.166725 -0.496256   1.42265
 0.767812  0.166055 -0.495337    1.4227
0.767735 0.166308 -0.49466  1.42226
 0.767614  0.166463 -0.495201    1.4223
 0.764987  0.159705 -0.500322   1.41884
 0.764113  0.159643 -0.495779   1.41514
 0.763072   0.16084 -0.501166   1.41577
 0.764436  0.160568 -0.500621   1.41816
  0.76865  0.164634 -0.499617    1.4255
 0.768291  0.165352 -0.500067   1.42523
  0.76787  0.164852 -0.499868   1.42411
 0.768174  0.164844 -0.499734   1.42465
 0.768417  0.166428 -0.494044     1.423
 0.768138  0.166695 -0.493599   1.42241
 0.767984  0.166408 -0.493835   1.42223
 0.768158  0.166474 -0.493713   1.42247
 0.767458  0.170066 -0.498181    1.4239
  0.76773  0.170658 -0.498124   1.42447
0.767279 0.170777 -0.49959  1.42414
 0.767298  0.170259 -0.498257   1.42359
 0.768502   0.16545 -0.498916   1.42529
 0.769099  0.165151 -0.498252   1.42613
 0.768638  0.165269 -0.497314   1.42496
 0.768764   0.16544 -0.498331   1.42556
 0.767318  0.169252 -0.496271   1.42269
 0.767622  0.168569 -0.494237   1.42227
 0.767599  0.169771 -0.496148   1.42325
 0.767694  0.169516 -0.496179   1.42346
 0.762394   0.16389 -0.494788    1.4114
 0.760805  0.164224 -0.494525   1.40869
  0.76166  0.162714 -0.494528   1.41009
 0.761791  0.163631 -0.494652   1.41063
 0.768452  0.165543 -0.494205   1.42314
 0.768163  0.165548 -0.494693   1.42294
0.768594 0.165224 -0.49434  1.42348
 0.768351   0.16544 -0.494306     1.423
 0.768962  0.165184 -0.497149   1.42551
 0.769399  0.165106 -0.498063   1.42662
 0.769435  0.164999 -0.496852   1.42624
 0.769246  0.164977 -0.497073   1.42598
  0.76783  0.165923 -0.497444   1.42361
 0.768329  0.165337 -0.496534   1.42409
 0.767977  0.165682 -0.495913   1.42321
 0.767939  0.165778 -0.496486   1.42336
 0.762041  0.184366 -0.499115   1.41674
 0.759898  0.187496 -0.504971   1.41539
 0.760178  0.182478 -0.501552   1.41395
 0.760536  0.184351 -0.500214   1.41423
 0.765926  0.189367 -0.497165   1.42388
 0.761841  0.189439 -0.503115   1.41853
  0.76386    0.1863 -0.497283   1.41967
  0.76314  0.187516 -0.498404   1.41861
 0.758778  0.169075 -0.493679   1.40553
 0.757432  0.172546 -0.499285   1.40623
 0.757558  0.170135 -0.500224   1.40648
 0.758596  0.171292 -0.499904   1.40872
 0.763229  0.174094 -0.487008   1.41147
 0.761702  0.172652 -0.488768   1.40905
 0.764134  0.173552 -0.490232   1.41408
 0.763188  0.173317 -0.488319   1.41194
 0.764244  0.172253 -0.495293   1.41613
 0.765926  0.173212 -0.496525   1.42001
  0.76511    0.1734 -0.493815    1.4173
 0.765277  0.172786 -0.494986   1.41815
0.765591 0.171722  -0.4985  1.42014
  0.76611  0.172696 -0.497467    1.4208
 0.764601  0.171677 -0.496326   1.41726
 0.765261  0.172228 -0.497726   1.41914
0.766066  0.17204 -0.49933  1.42147
 0.767116  0.172545 -0.499443   1.42372
 0.766612  0.172959 -0.498439   1.42222
  0.76678  0.172507 -0.499115   1.42288
 0.766775  0.169434 -0.500382   1.42326
 0.766783  0.170371 -0.500369   1.42336
0.766168 0.169755 -0.50067  1.42209
 0.766419  0.169809 -0.500493   1.42258
 0.767017  0.171063 -0.499522   1.42357
0.767556 0.170905 -0.49813   1.4241
 0.767433  0.171868 -0.499318   1.42436
 0.767552   0.17154 -0.499364   1.42466
 0.767482  0.167574 -0.494321   1.42184
 0.767896  0.167145 -0.493418   1.42204
 0.767734  0.167817 -0.493563     1.422
 0.767684  0.167395 -0.493815   1.42197
 0.765809  0.171099 -0.499987   1.42116
 0.765779  0.170144 -0.500456   1.42121
 0.766458  0.170775 -0.500286   1.42265
 0.766164  0.170697 -0.500331   1.42203
 0.767457  0.167914 -0.495553   1.42249
 0.767694  0.168125 -0.494535   1.42251
 0.767472  0.168741 -0.496588    1.4231
  0.76744  0.168374 -0.495223   1.42234
  0.948392   0.295843 -0.0599853    1.71069
  0.948101   0.299611 -0.0407909    1.71005
   0.94172    0.31099 -0.0590814    1.69997
  0.946182   0.299459 -0.0588106    1.70659
  0.957222   0.270158 -0.0499721    1.72317
  0.953709   0.279969 -0.0629383    1.71861
  0.958322   0.260567 -0.0666132    1.72439
  0.955977   0.264729 -0.0642619    1.71967
0.957474 0.169638 0.222263  1.72144
0.957237 0.170421 0.222462   1.7211
0.957312 0.170037 0.220992  1.72114
0.957384 0.170432 0.222242   1.7214
0.956451 0.171292  0.22111  1.71979
0.956428 0.172321 0.222097  1.71976
0.956155 0.171065 0.219898  1.71935
0.956365 0.172002 0.220757  1.71963
0.956601 0.171989 0.221828  1.72003
0.956591 0.172486  0.22351  1.72006
0.956495 0.172922 0.222725   1.7199
0.956569 0.172172 0.223031  1.72001
0.957026 0.168235 0.216374  1.72069
0.957568  0.16853 0.218496  1.72145
0.957232 0.169192 0.218847  1.72095
  0.9574 0.169241 0.218488   1.7213
0.956116 0.171767 0.219512  1.71929
0.956391 0.173026 0.221707   1.7197
0.956267 0.172708 0.220404   1.7195
0.956263 0.172027   0.2208  1.71946
 0.95629 0.166261 0.210709  1.72009
0.957184 0.166599 0.213118  1.72108
0.956704 0.167257  0.21369  1.72041
0.956896   0.1674 0.213113  1.72081
0.952503 0.164011 0.211212  1.71569
0.952878 0.166107 0.214296  1.71621
0.952603 0.165663 0.212146  1.71588
 0.95264 0.164363 0.212711  1.71587
0.955723 0.165425 0.205426  1.72001
0.956567 0.164673 0.206832  1.72079
0.955926 0.165571 0.207881  1.71992
 0.95617 0.165903  0.20689  1.72039
0.950463 0.209767 0.215263  1.71104
0.948374 0.211718 0.221608  1.70802
0.948097 0.217235 0.216534  1.70752
0.949121 0.215461 0.219593   1.7102
0.956262 0.167724 0.214203   1.7198
0.955856 0.168035 0.214612  1.71926
0.955301 0.167029 0.211925  1.71878
0.955986 0.168155 0.214178  1.71954
0.956962  0.16508 0.199359  1.72207
0.956532 0.167988 0.199034  1.72141
0.957485 0.166282 0.196363  1.72287
0.957003 0.165392 0.198723  1.72205
0.954964 0.200753 0.206763  1.71822
0.954116 0.198398 0.212717  1.71695
0.952951 0.204709 0.212195  1.71521
0.953864 0.199899 0.207996  1.71562
0.955096 0.167869 0.214534  1.71804
0.953764 0.164515 0.211079  1.71671
0.954558 0.166882 0.213716  1.71749
0.954659 0.167506 0.213313  1.71775
0.954166 0.168133  0.21912    1.718
0.954262 0.167439 0.218538  1.71823
0.955091  0.17035 0.222687  1.71904
0.954225 0.167507 0.219206  1.71792
0.956268 0.169059 0.217029  1.71958
0.956872 0.169687 0.219166  1.72037
0.956569 0.170257 0.219578  1.71989
0.956733 0.170295 0.219175  1.72026
0.953032 0.163435 0.213726  1.71648
 0.95301 0.164596 0.214885   1.7164
0.952602 0.163115 0.211543  1.71585
  0.9529 0.164477 0.213358  1.71631
0.956686 0.171347 0.222042  1.72017
0.956904 0.171079 0.222969  1.72055
0.956695 0.171725 0.223761  1.72023
  0.9568 0.171774 0.222747  1.72037
0.953401 0.169222 0.214646  1.71693
0.953143  0.16762 0.214012  1.71668
0.953888 0.170912 0.218023  1.71726
0.953337 0.167947 0.215397  1.71672
0.956843  0.17135 0.221543  1.72048
0.957131 0.170678 0.220992  1.72091
0.957094 0.171079 0.222483  1.72092
0.956992 0.170635 0.221553  1.72065
0.955771 0.169781 0.216988  1.71891
0.956358 0.170956 0.219574  1.71962
0.955964 0.170684 0.218305   1.7191
0.956037 0.170136 0.218726  1.71927
0.949528 0.187686 0.241974   1.7106
0.950963 0.189094  0.23613   1.7127
0.951764 0.183865 0.237457   1.7139
0.950751  0.18496 0.237065   1.7116
0.954796 0.169142 0.205968  1.71883
0.955095 0.166853 0.204985   1.7193
0.954507 0.167484 0.206755  1.71847
0.954702 0.168183 0.205212  1.71873
0.955357 0.166165 0.208904  1.71917
0.954847 0.166503 0.209778  1.71851
0.954547 0.166692 0.208254  1.71847
0.954987 0.166842 0.208962  1.71876
0.952922 0.189769 0.222563  1.71457
0.951503   0.1907 0.228133   1.7124
0.951444 0.194886 0.223915  1.71214
0.952066 0.193365 0.226868  1.71402
0.954764 0.173967 0.224385  1.71838
0.955194 0.172657  0.22556  1.71897
0.954937 0.175039 0.228085  1.71839
0.954865 0.173427  0.22479  1.71812
0.954091 0.166162 0.212995  1.71707
0.952997 0.164261 0.211152  1.71615
0.953721 0.165773 0.212485  1.71681
0.953774 0.165957 0.212348  1.71694
0.953973 0.168949 0.218223  1.71745
0.954822 0.171011  0.22211  1.71835
0.954341 0.171878 0.220346  1.71767
0.954529 0.170772 0.221673  1.71825
0.953424 0.164283 0.210713  1.71661
0.953118 0.163988 0.211193  1.71641
 0.95417 0.166578 0.212718  1.71727
0.953314 0.164121 0.210886  1.71635
 0.765428  0.161312 -0.494273   1.41662
0.765103 0.160071 -0.49378    1.416
 0.766196  0.160294 -0.493678   1.41779
 0.765459  0.160453 -0.493842   1.41643
 0.766857  0.158746 -0.494492   1.41969
 0.765322  0.159423 -0.495316   1.41725
 0.766293  0.159556 -0.499633   1.42106
 0.765884   0.15876 -0.495056   1.41807
 0.761161  0.162139 -0.496402   1.41019
 0.759869  0.164029 -0.501809    1.4105
 0.761349  0.162368 -0.501602   1.41294
 0.761313  0.163364 -0.501702   1.41323
  0.76122  0.168405 -0.493032   1.40922
 0.763056  0.168989 -0.495881   1.41376
 0.762989  0.170224 -0.494683   1.41333
 0.762323  0.169543 -0.494934   1.41198
 0.763292  0.163418 -0.494941   1.41316
 0.762716  0.162246 -0.494519   1.41207
 0.764308  0.162287 -0.494733    1.4148
0.763277 0.162638 -0.49476  1.41285
0.758704 0.165926 -0.50171  1.40857
 0.759134  0.165414 -0.496096   1.40671
 0.757938   0.16785 -0.501195   1.40723
 0.759119  0.166889 -0.501534   1.40964
 0.759625  0.169774 -0.493329   1.40723
 0.760166   0.17218 -0.492421   1.40835
 0.758726  0.173666 -0.498835    1.4089
  0.75876  0.170863 -0.492692   1.40537
 0.761649  0.166313 -0.494572   1.41027
 0.760347  0.167447 -0.493396   1.40768
 0.760475   0.16591 -0.494228   1.40822
 0.760992  0.166348 -0.493902   1.40907
0.951569 0.259325 0.149767  1.71466
0.955699 0.248556 0.141868  1.72016
0.954577 0.244599 0.156196  1.71855
0.953796 0.247956 0.143951  1.71575
0.960418  0.22782 0.138826  1.72566
0.956089 0.234838 0.150838  1.71869
0.957358 0.237868 0.136248  1.72043
0.958286 0.238367 0.145319  1.72405
0.954395  0.22175 0.186787  1.71743
0.953007 0.219379 0.196644  1.71544
0.950474 0.230367 0.193742  1.71158
0.952573 0.222958 0.188235   1.7136
0.962198 0.187636 0.175407  1.72866
0.960341 0.196983 0.177353  1.72543
 0.96272 0.193282 0.169146  1.72932
0.961922  0.19041 0.176305  1.72805
0.950409 0.199253 0.228879  1.71173
0.950619 0.194337 0.232673   1.7121
0.948507 0.200309 0.234629  1.70891
0.949731 0.196407 0.229861  1.70974
0.955605 0.195757 0.202488  1.71821
0.956013 0.189711 0.203729  1.71893
0.954712 0.193641 0.208512  1.71689
0.955679  0.19416  0.20753  1.71917
0.957127 0.186032 0.201078  1.72124
 0.95831 0.185739 0.195314  1.72302
0.957796 0.180427 0.197776  1.72252
0.957939 0.183785 0.200462  1.72283
0.949061 0.210341 0.223918  1.70984
0.950967 0.208336 0.218376  1.71261
 0.95065 0.204334 0.223829  1.71221
0.950028 0.205984 0.219727  1.71014
0.958128  0.17461 0.195357  1.72344
0.959411 0.172396 0.190632  1.72543
0.958327 0.168722 0.193544  1.72399
0.958776 0.170779 0.194825  1.72448
0.954639 0.211015 0.198134  1.71775
0.957326  0.20472 0.191116   1.7217
0.955922 0.202814 0.199905  1.71958
0.955757 0.204754 0.192694  1.71815
0.960485 0.176783 0.186468  1.72666
 0.95966 0.184429  0.18868  1.72501
0.961472 0.182169 0.181035  1.72781
0.960708 0.179585 0.187947  1.72678
0.955596 0.215153 0.181719  1.71785
0.957121 0.206577 0.183879  1.72022
0.954259 0.212925 0.191224  1.71589
0.955905 0.213133 0.189448   1.7196
0.964864  0.18995 0.157472  1.73221
0.967099 0.188251 0.145853   1.7357
0.967074 0.178517 0.153435   1.7358
0.966487  0.18539 0.156958  1.73534
0.959769 0.219238 0.163905  1.72583
0.957408  0.22091 0.173234  1.72205
0.956522 0.229314 0.165106  1.72062
0.958168 0.226604 0.165999    1.724
0.959925 0.203004 0.172591  1.72442
0.961608 0.194328 0.167969  1.72641
 0.95913 0.199643 0.178803  1.72305
0.960157  0.20185 0.171932  1.72478
0.966457 0.193972  0.14115  1.73395
0.962819 0.207052 0.152175  1.72893
0.963886  0.21128 0.140609  1.73074
  0.9646 0.210361 0.147639   1.7333
0.768503 0.165378 -0.49951  1.42541
 0.768896  0.164686 -0.499299   1.42584
0.769165 0.165112 -0.49883  1.42636
 0.768939   0.16508 -0.499405   1.42616
 0.765371  0.170732 -0.499346   1.41996
 0.764381  0.169535 -0.498414   1.41743
 0.765387  0.169771 -0.499964   1.42014
 0.764926  0.170186 -0.499491   1.41903
  0.76447  0.161591 -0.494432   1.41483
 0.762759  0.161475 -0.494328   1.41188
 0.764009  0.160403 -0.493953   1.41395
 0.763904  0.161115 -0.494152   1.41401
 0.767462  0.166365 -0.500475   1.42405
 0.768023  0.165855 -0.499919   1.42484
 0.767739   0.16627 -0.499338   1.42421
 0.767696  0.166271 -0.499943   1.42428
0.767329 0.166048 -0.50051  1.42364
  0.76744  0.165096 -0.499967   1.42336
 0.767952  0.165644 -0.500136   1.42465
 0.767648  0.165713 -0.500452   1.42418
 0.767154  0.161654 -0.495899   1.42041
 0.765798  0.161629 -0.495244   1.41759
 0.766465  0.160614 -0.494115    1.4183
0.766675 0.161484 -0.49504  1.41921
 0.767895  0.166832 -0.493588   1.42208
 0.767525  0.167146 -0.494539   1.42198
 0.767775  0.166559 -0.494069   1.42208
 0.767705   0.16689 -0.493913    1.4219
 0.767344   0.16722 -0.496065   1.42231
  0.76763  0.166702 -0.494502   1.42203
  0.76738  0.167452 -0.495238   1.42205
 0.767493  0.166999 -0.495436   1.42232
 0.767322  0.166732 -0.496743   1.42246
 0.767523  0.166413 -0.497354   1.42303
 0.767706  0.166133 -0.495828    1.4227
0.767597 0.166324 -0.49683  1.42299
 0.767292  0.168308 -0.496531   1.42263
0.767267 0.169072 -0.49745  1.42308
 0.766991  0.168832 -0.498531   1.42291
 0.767217  0.168625 -0.497668   1.42302
 0.767876   0.16618 -0.498318   1.42404
 0.768153  0.165824 -0.498993   1.42472
 0.768388  0.165601 -0.497365   1.42455
 0.768155  0.165746 -0.498314   1.42452
 0.767012   0.16797 -0.500696   1.42361
 0.766926  0.168623 -0.500603   1.42354
 0.766605  0.168135 -0.500961   1.42284
0.766711 0.168161 -0.50064    1.423
 0.763828  0.170014 -0.497695   1.41607
 0.764946  0.171198 -0.498704   1.41884
 0.763839  0.171129 -0.496567   1.41575
 0.764342  0.170584 -0.497527   1.41713
 0.764818  0.163172 -0.496193   1.41637
 0.765094  0.164928 -0.498342   1.41801
 0.763885  0.164144 -0.496208   1.41475
 0.764553  0.163854 -0.496343   1.41606
 0.766877  0.169134 -0.499554   1.42312
 0.767179  0.169401 -0.498352   1.42329
 0.766935  0.170138 -0.499775   1.42342
 0.767126   0.16983 -0.499387   1.42367
0.762062 0.167078 -0.49494  1.41128
 0.762757   0.16859 -0.496047   1.41317
 0.760738  0.167875 -0.493276   1.40828
 0.761948  0.167453 -0.494892    1.4111
0.767333 0.167855 -0.49676  1.42276
  0.76711  0.168375 -0.498738   1.42318
 0.767323  0.167569 -0.497501   1.42299
 0.767137  0.167994 -0.497333    1.4226
0.764908 0.167245 -0.49952  1.41856
  0.76549   0.16644 -0.499732   1.41965
   0.7658  0.167554 -0.500572   1.42086
0.765433 0.166944 -0.49976  1.41967
0.956427  0.16909 0.216704  1.71993
0.956799 0.168768 0.216349  1.72046
 0.95706 0.169708 0.218825  1.72077
0.956644 0.168689 0.216746  1.72013
0.954444 0.166671 0.210384    1.718
0.953932 0.166501 0.210755  1.71747
0.953849 0.166795 0.210301  1.71763
0.954027 0.166724 0.210347  1.71766
0.955522 0.168287  0.21472  1.71886
0.955266 0.168412 0.214746  1.71853
0.954438 0.167035 0.212147  1.71778
0.955329 0.168406 0.214613  1.71869
0.956422 0.167871 0.213676  1.72014
0.955441 0.167227 0.211356  1.71906
0.955944 0.166963  0.21071  1.71975
0.955769 0.166745 0.211367  1.71939
0.955026 0.170057 0.204024   1.7191
0.955724  0.16921 0.201622  1.72018
0.955354 0.167547 0.203344   1.7197
 0.95542 0.168309 0.203671  1.71975
0.953233 0.169601 0.214251  1.71628
0.953715  0.17129 0.218193  1.71663
0.953736 0.172604 0.217235  1.71659
0.953762 0.172276 0.217604  1.71696
0.953587 0.188406 0.224898  1.71646
0.953802 0.184512 0.227277  1.71678
0.952425 0.189306  0.22993  1.71477
0.953158 0.185734 0.225839  1.71509
0.953874 0.169666 0.210599  1.71749
0.954051 0.167795 0.208496  1.71788
0.953767 0.167603 0.209662  1.71746
0.953778 0.168077 0.208649  1.71731
0.953111 0.166366 0.214726  1.71654
0.953431 0.166863 0.217007   1.7168
0.953835 0.169409 0.218891  1.71706
0.953396 0.168414 0.216059  1.71677
0.952927 0.163287 0.212036  1.71641
0.952632 0.163047 0.210736  1.71591
0.952661 0.162439 0.209478  1.71583
0.952763 0.162429 0.210975  1.71617
0.954887 0.168552 0.214878  1.71795
0.954512 0.167744  0.21402  1.71762
0.955496 0.169972  0.21683  1.71859
0.954859 0.167999 0.215193  1.71786
0.954134 0.166838 0.212114   1.7174
0.955033 0.168434 0.214678  1.71827
0.954274 0.167182 0.213143  1.71746
0.954337 0.166871 0.213187  1.71755
0.955217  0.16855 0.215907  1.71835
0.955517  0.16932 0.217158   1.7186
0.954502 0.167288 0.214269  1.71757
0.955189 0.169107 0.215636  1.71832
0.955886  0.16965  0.21698  1.71919
0.956136 0.169486 0.216975  1.71953
0.956486 0.170843 0.219532  1.71992
0.956017 0.169543 0.217072  1.71925
0.954574 0.178818 0.216693  1.71792
0.954757 0.179043 0.213774  1.71825
0.954273 0.174775 0.212963  1.71779
0.954688 0.177063 0.215979  1.71821
0.953195 0.197298 0.213853  1.71473
0.951498 0.199442 0.219114  1.71212
  0.9519 0.203067 0.213585  1.71263
0.952358 0.201542 0.217772  1.71434
0.954286 0.180965 0.219463  1.71687
0.954107  0.18138 0.223535   1.7166
0.953945 0.184969 0.221035  1.71625
0.954291 0.184144 0.222831  1.71747
0.954646 0.175276 0.223189  1.71818
0.954519  0.17909 0.225435  1.71777
 0.95456 0.176607  0.22207  1.71802
0.954438 0.176377 0.222299  1.71756
  0.76319  0.165229 -0.495866   1.41349
 0.763889  0.166716 -0.497799   1.41578
 0.762821  0.166161 -0.495664   1.41285
 0.763291  0.165845 -0.495895   1.41384
  0.76702  0.165184 -0.499952   1.42254
 0.766942  0.166175 -0.500692   1.42295
 0.766175  0.165712 -0.499909   1.42095
 0.766678   0.16553 -0.500034   1.42197
0.956894 0.184207 0.205642  1.72132
0.957436 0.178783 0.202078   1.7223
0.956577 0.179687 0.206282  1.72102
0.956775  0.18117 0.202653  1.72098
0.960947 0.204344 0.166902  1.72614
0.961953 0.207188 0.159496  1.72793
 0.96278 0.195464 0.162346  1.72842
0.962035  0.20493 0.165718  1.72871
0.956729 0.197096  0.19496  1.71976
 0.95828 0.198291 0.185765  1.72206
0.958428  0.19087 0.190541  1.72251
0.958003 0.195506 0.193974  1.72241
0.953334 0.210167 0.199706  1.71471
0.954767 0.202454 0.201178  1.71692
0.952598 0.206404 0.207337  1.71369
0.953758 0.208151 0.205832  1.71655
0.954995 0.177138 0.213006  1.71878
0.954829  0.17273  0.20914  1.71874
0.954404 0.173186 0.212304  1.71812
0.954537 0.174645 0.209895  1.71814
0.956382 0.172108 0.200622  1.72103
0.956342 0.177023 0.203611  1.72075
 0.95716 0.176178 0.199762  1.72201
0.956812 0.174685  0.20309  1.72163
0.956872 0.188724 0.203092   1.7208
  0.9566 0.194696 0.201659  1.72034
0.958102 0.188639 0.197282  1.72266
0.957018 0.190468  0.19796  1.72041
0.954925 0.185819 0.214042  1.71809
0.954808 0.182831 0.214399  1.71798
0.954242 0.186556 0.217929  1.71683
0.954784 0.184031  0.21638  1.71792
0.959138  0.21432 0.171382  1.72449
0.957304 0.219876 0.174308   1.7217
0.959678 0.217828 0.164493  1.72539
0.958748 0.214836 0.171028  1.72356
0.958968 0.207366 0.182141  1.72452
0.957603 0.216536 0.179642  1.72262
0.959444 0.211331 0.176146   1.7254
0.958652  0.20989 0.177298  1.72338
 0.764968  0.167787 -0.499514   1.41879
 0.765832  0.168092 -0.500574   1.42104
 0.765552  0.168919 -0.500362   1.42053
 0.765375   0.16839 -0.500406   1.42008
 0.767196  0.167135 -0.499268   1.42331
 0.767528  0.166549 -0.498491   1.42356
 0.767294  0.166873 -0.497748   1.42289
 0.767246  0.166994 -0.498384   1.42301
 0.766865  0.167621 -0.499157   1.42267
 0.767022  0.167328 -0.497633   1.42236
 0.766773  0.168162 -0.498917    1.4225
  0.76701  0.167795 -0.499071   1.42301
   0.7667  0.164189 -0.498671   1.42114
 0.765771  0.164688 -0.498597    1.4194
 0.765608  0.162925 -0.496578   1.41798
0.766172 0.164312  -0.4985  1.42007
 0.764399  0.166414 -0.498161   1.41689
 0.763808  0.164902 -0.496302   1.41481
 0.765022  0.165619 -0.498434   1.41807
 0.764418   0.16594 -0.498121    1.4168
 0.764445   0.16814 -0.499144   1.41763
 0.765103  0.169282 -0.500058   1.41952
  0.76407  0.169039 -0.498516   1.41676
 0.764609  0.168632 -0.499085   1.41804
 0.766126  0.168454 -0.500847   1.42187
 0.766491  0.168952 -0.500452   1.42263
  0.76589  0.169267 -0.500738   1.42146
 0.766306  0.168952 -0.500809   1.42232
  0.76679  0.166618 -0.500714   1.42276
 0.766292  0.167276 -0.500697   1.42187
 0.766014  0.166183 -0.499933   1.42074
 0.766352  0.166825 -0.500686   1.42189
0.955617 0.168302 0.214546  1.71907
0.954492 0.167067  0.21201  1.71789
0.954998 0.167292 0.211874   1.7185
 0.95488  0.16722 0.212168  1.71826
 0.95388 0.170607 0.208764  1.71723
 0.95438 0.170534  0.20637  1.71804
0.954116 0.168486 0.207014  1.71782
0.954241 0.169646  0.20834    1.718
0.953178 0.166752 0.212544  1.71664
0.953396 0.165834 0.211061  1.71681
0.952992 0.165585 0.212173  1.71642
0.953025 0.166454 0.211647  1.71654
0.954558  0.16694 0.209785  1.71823
0.953931 0.167277 0.209469  1.71774
 0.95424 0.167432 0.208372  1.71814
0.954154 0.166857 0.209354  1.71804
0.954655 0.186453 0.212334  1.71689
0.953903 0.187464 0.217388   1.7158
0.954156  0.19121  0.21398  1.71622
0.954423 0.190565 0.215586  1.71728
0.953659 0.169771  0.21087  1.71694
0.953514 0.167659 0.209854   1.7169
 0.95325 0.168338  0.21162  1.71641
 0.95348 0.169304 0.211124  1.71703
0.954456 0.180323 0.220765  1.71767
0.954437 0.178185 0.220766  1.71772
0.954297 0.180785 0.224119  1.71725
0.954392 0.178714 0.222269  1.71756
0.954204 0.173188 0.214735  1.71773
0.954266 0.174921  0.21842  1.71761
0.954511 0.177195 0.218506  1.71788
0.954389 0.176467 0.216939  1.71786
0.953764  0.19579 0.217655  1.71665
0.953594 0.192175 0.221289  1.71638
0.952292 0.197869 0.222328  1.71443
0.953095 0.193539 0.218884  1.71485
0.955797 0.185474 0.210026  1.71953
0.956414  0.18617 0.206146  1.72039
0.956175 0.181235 0.206737  1.72016
0.956288 0.184526 0.209603  1.72056
0.952833 0.164271 0.211246  1.71603
0.952768 0.164822 0.211337  1.71598
0.953464 0.165675 0.211768  1.71664
0.952803 0.164697 0.211066  1.71599
 0.95345 0.165782 0.211129  1.71677
0.953498 0.165676 0.211756   1.7167
0.952823 0.165401 0.211031  1.71613
0.953365 0.165679 0.211232  1.71659
0.953259 0.167795 0.211819  1.71685
0.953557 0.167276 0.210598  1.71729
0.953466 0.166305 0.210706  1.71698
0.953468 0.166603 0.211097  1.71706
0.953882 0.172553 0.213095  1.71741
0.953433 0.170768  0.21357  1.71682
0.953983 0.174197 0.216325  1.71728
0.953645 0.171234 0.213876  1.71676
  0.76278  0.166689 -0.495731   1.41292
 0.763902  0.167247 -0.497862   1.41595
 0.763453   0.16811 -0.497055    1.4149
 0.763315  0.167588 -0.497113   1.41454
 0.762605  0.164783 -0.494956   1.41208
 0.762221   0.16581 -0.494827   1.41146
 0.761209  0.165218 -0.494563   1.40974
 0.761929  0.165244 -0.494782   1.41072
0.955176 0.178578 0.210464  1.71891
0.955716 0.177787 0.207238  1.71981
0.955038 0.173984 0.206868  1.71896
  0.9555 0.176385 0.209771  1.71959
0.954769 0.181192 0.216444  1.71803
0.954552 0.180569 0.218987  1.71762
0.954298 0.184463 0.220422  1.71712
0.954448  0.18207 0.217004   1.7172
0.955651 0.184123 0.212926   1.7196
0.955905 0.179899 0.209654  1.71998
0.955343 0.180897 0.213308  1.71914
0.955551 0.182251 0.210616   1.7193
 0.95537 0.187178 0.211469  1.71862
0.954859 0.192127 0.212944  1.71795
0.955987 0.188394  0.20794  1.71959
0.955249 0.188077 0.208719  1.71785
0.767182 0.167311 -0.50003  1.42356
  0.76722  0.166808 -0.500471   1.42365
 0.767558  0.166769 -0.499309   1.42393
 0.767337  0.166913 -0.500059   1.42381
  0.76649  0.167613 -0.500995   1.42252
 0.766938  0.166935 -0.500924   1.42327
  0.76697  0.167461 -0.500709   1.42342
 0.766864  0.167387 -0.500945   1.42324
